congress,chamber,rollnumber,date,session,clerk_rollnumber,yea_count,nay_count,nominate_mid_1,nominate_mid_2,nominate_spread_1,nominate_spread_2,nominate_log_likelihood,bill_number,vote_result,vote_desc,vote_question,dtl_desc,issue_code
117,House,1,1/3/21,1,2,216,211,-0.057,0.038,0.707,0.274,-3.855,,Pelosi,,Election of the Speaker,,Congress
117,House,2,1/3/21,1,3,371,2,0,0,0,0,0,HRES1,Passed,Authorizing and directing the Speaker to administer the oath of office,On Agreeing to the Resolution,,Congress
117,House,3,1/4/21,1,4,214,204,0.019,-0.125,0.711,-0.235,-0.257,HRES8,Passed,"Adopting the Rules of the House of Representatives for the One Hundred Seventeenth Congress, and for other purposes",On Motion to Table the Motion to Postpone to a Day Certain,,Congress
117,House,4,1/4/21,1,5,214,196,0.02,-0.133,0.71,-0.24,-0.258,HRES8,Passed,"Adopting the Rules of the House of Representatives for the One Hundred Seventeenth Congress, and for other purposes",Table Motion to Refer,,Congress
117,House,5,1/4/21,1,6,217,204,0.019,-0.124,0.711,-0.234,-0.257,HRES8,Passed,"Adopting the Rules of the House of Representatives for the One Hundred Seventeenth Congress, and for other purposes",On Ordering the Previous Question,,Congress
117,House,6,1/4/21,1,7,203,217,0.019,-0.124,-0.711,0.234,-0.257,HRES8,Failed,"Adopting the Rules of the House of Representatives for the One Hundred Seventeenth Congress, and for other purposes",On Motion to Commit with Instructions,,Congress
117,House,7,1/4/21,1,8,217,206,0.019,-0.124,0.711,-0.234,-0.257,HRES8,Passed,"Adopting the Rules of the House of Representatives for the One Hundred Seventeenth Congress, and for other purposes",On Agreeing to the Resolution,,Congress
117,House,8,1/5/21,1,9,412,2,0,0,0,0,0,HR22,Passed,Congressional Budget Justification Transparency Act of 2021,On Motion to Suspend the Rules and Pass,,Energy
117,House,9,1/6/21,1,10,121,303,0.284,0.745,-0.217,-0.337,-116.464,,Failed,On Agreeing to the Objection to the Arizona electoral votes.,On Agreeing to the Objection,,
117,House,10,1/7/21,1,11,138,282,0.274,0.792,-0.234,-0.246,-100.222,,Failed,On Agreeing to the Objection,On Agreeing to the Objection,,
117,House,11,1/12/21,1,12,219,206,0.021,-0.102,0.712,-0.217,-0.26,HRES38,Passed,Providing for consideration of H. Res. 21,On Ordering the Previous Question,,Congress
117,House,12,1/12/21,1,13,222,204,0.021,-0.111,0.711,-0.224,-0.263,HRES38,Passed,Providing for consideration of H. Res. 21,On Agreeing to the Resolution,,Congress
117,House,13,1/12/21,1,14,223,205,0.022,-0.385,0.684,-0.565,-3.44,HRES21,Passed,Calling on Vice President Michael R. Pence to convene and mobilize the principal officers of the executive departments of the Cabinet to activate section 4 of the 25th Amendment to declare President Donald J. Trump incapable of executing the duties of his office and to immediately exercise powers as acting President,On Agreeing to the Resolution,,Government Operations and Politics
117,House,14,1/13/21,1,15,221,205,0.022,-0.095,0.712,-0.21,-0.259,HRES41,Passed,"Providing for consideration of the resolution (H. Res. 24) impeaching Donald John Trump, President of the United States, for high crimes and misdemeanors",On Ordering the Previous Question,,Congress
117,House,15,1/13/21,1,16,221,203,0.022,-0.097,0.712,-0.211,-0.258,HRES41,Passed,"Providing for consideration of the resolution (H. Res. 24) impeaching Donald John Trump, President of the United States, for high crimes and misdemeanors",On Agreeing to the Resolution,,Congress
117,House,16,1/13/21,1,17,232,197,0.158,-0.111,0.256,-0.055,-29.922,HRES24,Passed,"Impeaching Donald John Trump, President of the United States, for high crimes and misdemeanors",On Agreeing to the Resolution,,Congress
117,House,17,1/21/21,1,18,326,78,0.075,-0.635,0.073,-0.422,-150.126,HR335,Passed,To provide for an exception to a limitation against appointment of persons as Secretary of Defense within seven years of relief from active duty as a regular commissioned officer of the Armed Forces,On Passage,,Armed Forces and National Security
117,House,18,2/2/21,1,19,219,207,0.023,-0.088,0.713,-0.188,-0.255,HRES85,Passed,Providing for consideration of the bill (H.R. 447) National Apprenticeship Act and providing for consideration of the concurrent resolution (H.Con.Res. 11) establishing the congressional budget for the United States Government for FY 2021 and setting forth the appropriate budgetary levels for FY 2022 through 2030,On Ordering the Previous Question,,Congress
117,House,19,2/2/21,1,20,216,210,-0.083,0.031,0.723,-0.038,-8.109,HRES85,Passed,Providing for consideration of the bill (H.R. 447) National Apprenticeship Act and providing for consideration of the concurrent resolution (H.Con.Res. 11) establishing the congressional budget for the United States Government for FY 2021 and setting forth the appropriate budgetary levels for FY 2022 through 2030,On Agreeing to the Resolution,,Congress
117,House,20,2/3/21,1,21,218,212,-0.064,0.094,0.721,-0.041,-5.842,HCONRES11,Passed,Establishing the congressional budget for the United States Government for fiscal year 2021 and setting forth the appropriate budgetary levels for fiscal years 2022 through 2030,On Agreeing to the Resolution,,Economics and Public Finance
117,House,21,2/4/21,1,22,218,209,0.027,-0.036,0.714,-0.149,-0.248,HRES91,Passed,Providing for consideration of the resolution (H.Res. 72) removing a certain Member from certain standing committees of the House of Representatives,On Ordering the Previous Question,,Congress
117,House,22,2/4/21,1,23,218,210,0.027,-0.035,0.714,-0.147,-0.249,HRES91,Passed,Providing for consideration of the resolution (H.Res. 72) removing a certain Member from certain standing committees of the House of Representatives,On Agreeing to the Resolution,,Congress
117,House,23,2/4/21,1,24,205,218,0.027,-0.04,-0.714,0.152,-0.241,,Failed,,On Motion to Adjourn,,
117,House,24,2/4/21,1,25,230,199,-0.091,0.996,0.517,0.783,-26.15,HRES72,Passed,Removing a certain Member from certain standing committees of the House of Representatives,On Agreeing to the Resolution,,Congress
117,House,25,2/5/21,1,26,220,210,0.028,-0.021,0.714,-0.155,-0.25,HRES101,Passed,Providing for the adoption of the concurrent resolution (S. Con. Res. 5) setting forth the congressional budget for the United States Government for fiscal year 2021 and setting forth the appropriate budgetary levels for fiscal years 2022 through 2030,On Ordering the Previous Question,,Economics and Public Finance
117,House,26,2/5/21,1,27,219,209,-0.028,0.128,0.703,0.335,-2.014,HRES101,Passed,Providing for the adoption of the concurrent resolution (S. Con. Res. 5) setting forth the congressional budget for the United States Government for fiscal year 2021 and setting forth the appropriate budgetary levels for fiscal years 2022 through 2030,On Agreeing to the Resolution,,Economics and Public Finance
117,House,27,2/5/21,1,28,243,178,0.258,0.189,0.328,0.567,-53.471,HR447,Agreed to,,On Agreeing to the Amendment,,Labor and Employment
117,House,28,2/5/21,1,29,186,236,0.283,-0.083,-0.26,-0.492,-52.449,HR447,Failed,,On Agreeing to the Amendment,,Labor and Employment
117,House,29,2/5/21,1,30,175,245,-0.073,0.997,-0.638,-1.294,-52.787,HR447,Failed,,On Agreeing to the Amendment,,Labor and Employment
117,House,30,2/5/21,1,31,247,173,0.343,-0.025,0.645,0.737,-39.54,HR447,Passed,National Apprenticeship Act,On Passage,,Labor and Employment
117,House,31,2/23/21,1,32,406,15,-0.145,-0.989,-0.14,-0.793,-32.254,HR208,Passed,"To designate the facility of the United States Postal Service located at 500 West Main Street, Suite 102 in Tupelo, Mississippi, as the “Colonel Carlyle ’Smitty’ Harris Post Office”",On Motion to Suspend the Rules and Pass,,Government Operations and Politics
117,House,32,2/24/21,1,33,202,214,0.029,-0.023,-0.714,0.158,-0.246,,Failed,,On Motion to Adjourn,,
117,House,33,2/24/21,1,34,219,211,0.028,-0.011,0.714,-0.147,-0.248,HRES147,Passed,"Providing for consideration of the bill (H.R. 803) the Colorado Wilderness Act, and providing for consideration of the bill (H.R. 5) the Equality Act",On Ordering the Previous Question,,Congress
117,House,34,2/24/21,1,35,218,208,0.029,-0.013,0.714,-0.149,-0.249,HRES147,Passed,"Providing for consideration of the bill (H.R. 803) the Colorado Wilderness Act, and providing for consideration of the bill (H.R. 5) the Equality Act",On Agreeing to the Resolution,,Congress
117,House,35,2/24/21,1,36,414,11,0.844,-0.537,0.347,0.146,-39.096,HR546,Passed,Effective Assistance of Counsel in the Digital Era Act,On Motion to Suspend the Rules and Pass,,Crime and Law Enforcement
117,House,36,2/24/21,1,37,429,0,0,0,0,0,0,HR1192,Passed,Puerto Rico Recovery Accuracy in Disclosures Act,On Motion to Suspend the Rules and Pass,,Law
117,House,37,2/25/21,1,38,199,219,-0.069,0.998,-0.379,-0.313,-13.506,,Failed,,On Motion to Adjourn,,
117,House,38,2/25/21,1,39,224,206,0.152,0.274,0.721,0.058,-6.205,HR5,Passed,Equality Act,On Passage,,"Civil Rights and Liberties, Minority Issues"
117,House,39,2/25/21,1,40,211,195,0.031,-0.004,0.715,-0.14,-0.243,HR5,Passed,Equality Act,Table Motion to Reconsider,,"Civil Rights and Liberties, Minority Issues"
117,House,40,2/26/21,1,41,229,198,0.099,0.995,0.371,0.219,-28.217,HR803,Agreed to,,On Agreeing to the Amendment,,Public Lands and Natural Resources
117,House,41,2/26/21,1,42,221,205,0.168,-0.254,-0.309,-0.986,-45.812,HR803,Agreed to,,On Agreeing to the Amendment,,Public Lands and Natural Resources
117,House,42,2/26/21,1,43,197,226,-0.097,0.71,-0.351,-0.713,-29.463,HR803,Failed,,On Agreeing to the Amendment,,Public Lands and Natural Resources
117,House,43,2/26/21,1,44,204,221,0.076,0.003,-0.686,0.509,-10.053,HR803,Failed,Colorado Wilderness Act,On Motion to Recommit,,Public Lands and Natural Resources
117,House,44,2/26/21,1,45,227,200,0.335,-0.942,0.456,0.399,-22.525,HR803,Passed,Colorado Wilderness Act,On Passage,,Public Lands and Natural Resources
117,House,45,2/26/21,1,46,217,205,0.029,0.033,0.715,-0.104,-0.245,HRES166,Passed,Providing for consideration of the bill (H.R. 1319) to provide for reconciliation pursuant to title II of S. Con. Res. 5,On Ordering the Previous Question,,Congress
117,House,46,2/26/21,1,47,219,210,0.029,0.033,0.715,-0.104,-0.245,HRES166,Passed,Providing for consideration of the bill (H.R. 1319) to provide for reconciliation pursuant to title II of S. Con. Res. 5,On Agreeing to the Resolution,,Congress
117,House,47,2/27/21,1,48,205,218,0.03,0.032,-0.715,0.104,-0.246,HR1319,Failed,American Rescue Plan Act,On Motion to Recommit,,Economics and Public Finance
117,House,48,2/27/21,1,49,219,212,-0.067,0.198,0.717,0.157,-5.151,HR1319,Passed,American Rescue Plan Act,On Passage,,Economics and Public Finance
117,House,49,3/1/21,1,50,220,201,0.03,0.037,0.715,-0.099,-0.247,HRES179,Passed,Providing for consideration of the bill (H.R. 1) For the People Act and providing for consideration of the bill (H.R. 1280) George Floyd Justice in Policing Act.,On Ordering the Previous Question,,Congress
117,House,50,3/1/21,1,51,218,207,-0.066,0.82,0.586,0.068,-7.431,HRES179,Passed,Providing for consideration of the bill (H.R. 1) For the People Act and providing for consideration of the bill (H.R. 1280) George Floyd Justice in Policing Act.,On Agreeing to the Resolution,,Congress
117,House,51,3/2/21,1,52,218,210,0.03,0.037,0.716,-0.099,-0.247,HR1,Agreed to,,On Agreeing to the Amendment,,Government Operations and Politics
117,House,52,3/2/21,1,53,97,328,-0.206,-0.713,0.242,0.42,-104.037,HR1,Failed,,On Agreeing to the Amendment,,Government Operations and Politics
117,House,53,3/2/21,1,54,207,218,-0.084,0.502,-0.503,-0.968,-13.134,HR1,Failed,,On Agreeing to the Amendment,,Government Operations and Politics
117,House,54,3/2/21,1,55,221,207,0.073,0.268,0.627,0.863,-5.264,HR1,Agreed to,,On Agreeing to the Amendment,,Government Operations and Politics
117,House,55,3/3/21,1,56,182,222,0.12,0.993,-0.243,-0.126,-60.291,,Failed,,On Motion to Adjourn,,
117,House,56,3/3/21,1,57,125,302,0.201,-0.98,0.161,0.494,-134.71,HR1,Failed,,On Agreeing to the Amendment,,Government Operations and Politics
117,House,57,3/3/21,1,58,223,208,0.079,0.249,0.626,0.866,-5.243,HR1,Agreed to,,On Agreeing to the Amendment,,Government Operations and Politics
117,House,58,3/3/21,1,59,208,219,0.03,0.039,-0.716,0.099,-0.247,HR1280,Failed,George Floyd Justice in Policing Act of 2021,On Motion to Recommit,,
117,House,59,3/3/21,1,60,220,212,-0.138,0.99,0.372,0.303,-15.743,HR1280,Passed,George Floyd Justice in Policing Act of 2021,On Passage,,
117,House,60,3/3/21,1,61,210,219,0.03,0.039,-0.716,0.099,-0.246,HR1,Failed,For the People Act,On Motion to Recommit,,Government Operations and Politics
117,House,61,3/3/21,1,62,220,210,0.213,-0.977,0.55,0.498,-8.582,HR1,Passed,For the People Act,On Passage,,Government Operations and Politics
117,House,62,3/8/21,1,63,213,195,0.03,0.057,0.715,-0.128,-0.241,HRES188,Passed,"Providing for consideration of H.R. 842, Protecting the Right to Organize Act; H.R. 8, Bipartisan Background Checks Act; H.R. 1446, Enhanced Background Checks Act; and for other purposes",On Ordering the Previous Question,,Congress
117,House,63,3/8/21,1,64,218,197,-0.031,0.174,0.704,0.334,-2.016,HRES188,Passed,"Providing for consideration of H.R. 842, Protecting the Right to Organize Act; H.R. 8, Bipartisan Background Checks Act; H.R. 1446, Enhanced Background Checks Act; and for other purposes",On Agreeing to the Resolution,,Congress
117,House,64,3/9/21,1,65,216,206,0.031,0.03,0.715,-0.11,-0.245,HRES198,Passed,Providing for consideration of the Senate amendment to the bill (H.R. 1319) to provide for reconciliation pursuant to title II of S. Con. Res. 5,On Ordering the Previous Question,,Congress
117,House,65,3/9/21,1,66,219,210,-0.031,0.177,0.704,0.33,-2.013,HRES198,Passed,Providing for consideration of the Senate amendment to the bill (H.R. 1319) to provide for reconciliation pursuant to title II of S. Con. Res. 5,On Agreeing to the Resolution,,Congress
117,House,66,3/9/21,1,67,227,196,0.19,0.092,0.621,0.847,-13.252,HR842,Agreed to,,On Agreeing to the Amendment,,Labor and Employment
117,House,67,3/9/21,1,68,185,243,0.228,0.171,-0.233,-0.285,-59.418,HR842,Failed,,On Agreeing to the Amendment,,Labor and Employment
117,House,68,3/9/21,1,69,206,218,0.03,0.037,-0.715,0.103,-0.246,HR842,Failed,Protecting the Right to Organize Act,On Motion to Recommit,,Labor and Employment
117,House,69,3/9/21,1,70,225,206,0.257,-0.302,0.581,1.022,-10.748,HR842,Passed,Protecting the Right to Organize Act,On Passage,,Labor and Employment
117,House,70,3/10/21,1,71,149,235,0.234,0.972,-0.227,-0.131,-90.354,,Failed,,On Motion to Adjourn,,
117,House,71,3/10/21,1,72,220,211,-0.031,0.173,0.705,0.319,-2.022,HR1319,Passed,American Rescue Plan Act,On Motion to Concur in the Senate Amendment,,Economics and Public Finance
117,House,72,3/10/21,1,73,225,202,-0.035,0.644,0.57,1.054,-18.897,HR1446,Agreed to,,On Agreeing to the Amendment,,Crime and Law Enforcement
117,House,73,3/11/21,1,74,207,217,0.033,0.058,-0.716,0.085,-0.25,HR8,Failed,Bipartisan Background Checks Act,On Motion to Recommit,,Water Resources Development
117,House,74,3/11/21,1,75,227,203,0.228,-0.094,0.544,1.212,-22.939,HR8,Passed,Bipartisan Background Checks Act,On Passage,,Water Resources Development
117,House,75,3/11/21,1,76,206,212,0.036,0.072,-0.717,0.067,-0.229,HR1446,Failed,Enhanced Background Checks Act of 2021,On Motion to Recommit,,Crime and Law Enforcement
117,House,76,3/11/21,1,77,219,210,-0.043,0.722,0.351,0.21,-12.092,HR1446,Passed,Enhanced Background Checks Act of 2021,On Passage,,Crime and Law Enforcement
117,House,77,3/16/21,1,78,212,200,0.025,0.023,0.717,-0.07,-0.194,HRES233,Passed,"Providing for consideration of the bill H.R. 1620, Violence Against Women Reauthorization Act; H.R. 6, American Dream and Promise Act; H.R. 1603, Farm Workforce Modernization Act; H.R. 1868, to prevent across-the-board direct spending cuts and H.J.Res. 17, removing deadline for the ratification of the equal rights adt",On Ordering the Previous Question,,Congress
117,House,78,3/16/21,1,79,216,204,-0.033,0.182,0.705,0.32,-1.974,HRES233,Passed,"Providing for consideration of the bill H.R. 1620, Violence Against Women Reauthorization Act; H.R. 6, American Dream and Promise Act; H.R. 1603, Farm Workforce Modernization Act; H.R. 1868, to prevent across-the-board direct spending cuts and H.J.Res. 17, removing deadline for the ratification of the equal rights adt",On Agreeing to the Resolution,,Congress
117,House,79,3/16/21,1,80,415,3,0,0,0,0,0,HR1799,Passed,PPP Extension Act,"On Motion to Suspend the Rules and Pass, as Amended",,Commerce
117,House,80,3/16/21,1,81,345,73,0.561,-0.828,0.388,-0.053,-76.099,HR485,Passed,Stronger Child Abuse Prevention and Treatment Act,On Motion to Suspend the Rules and Pass,,Families
117,House,81,3/17/21,1,82,222,204,-0.053,0.999,0.419,0.422,-15.293,HJRES17,Passed,Removing the deadline for the ratification of the equal rights amendment,On Passage,,"Civil Rights and Liberties, Minority Issues"
117,House,82,3/17/21,1,83,228,197,0.108,0.994,0.691,0.504,-24.4,HR1620,Agreed to,,On Agreeing to the Amendment,,Crime and Law Enforcement
117,House,83,3/17/21,1,84,242,174,0.028,-0.553,-0.239,-0.494,-83.142,HR1620,Agreed to,,On Agreeing to the Amendment,,Crime and Law Enforcement
117,House,84,3/17/21,1,85,177,249,-0.299,0.954,-0.258,-0.717,-87.675,HR1620,Failed,,On Agreeing to the Amendment,,Crime and Law Enforcement
117,House,85,3/17/21,1,86,244,172,0.297,0.243,0.327,0.016,-53.789,HR1620,Passed,The Violence Against Women Reauthorization Act of 2021,On Passage,,Crime and Law Enforcement
117,House,86,3/17/21,1,87,413,12,0.271,-0.963,0.21,-1.117,-26.513,HR1085,Passed,"To award three congressional gold medals to the United States Capitol Police and those who protected the U.S. Capitol on January 6, 2021","On Motion to Suspend the Rules and Pass, as Amended",,Commemorations
117,House,87,3/17/21,1,88,399,14,0.628,-0.571,0.457,-1.362,-20.293,HR1651,Passed,COVID-19 Bankruptcy Relief Extension Act,"On Motion to Suspend the Rules and Pass, as Amended",,Law
117,House,88,3/17/21,1,89,384,38,0.706,0.057,0.638,-0.765,-37.234,HR1652,Passed,VOCA Fix to Sustain the Crime Victims Fund Act,"On Motion to Suspend the Rules and Pass, as Amended",,Crime and Law Enforcement
117,House,89,3/18/21,1,90,203,216,0.031,0.043,-0.716,0.102,-0.24,HR6,Failed,Dream Act,On Motion to Recommit,,Immigration
117,House,90,3/18/21,1,91,228,197,0.231,-0.034,0.404,0.542,-21.093,HR6,Passed,Dream Act,On Passage,,Immigration
117,House,91,3/18/21,1,92,204,218,0.031,0.042,-0.715,0.103,-0.24,HR1603,Failed,Farm Workforce Modernization Act,On Motion to Recommit,,Immigration
117,House,92,3/18/21,1,93,247,174,0.459,-0.888,0.974,0.871,-55.718,HR1603,Passed,Farm Workforce Modernization Act,On Passage,,Immigration
117,House,93,3/18/21,1,94,218,200,0.031,0.04,0.715,-0.106,-0.236,HRES243,Passed,Removing a certain Member from a certain committee of the House of Representatives,On Motion to Table,,Congress
117,House,94,3/19/21,1,95,202,216,0.031,0.044,-0.715,0.102,-0.24,HR1868,Failed,"To prevent across-the-board direct spending cuts, and for other purposes",On Motion to Recommit,,Health
117,House,95,3/19/21,1,96,246,175,0.312,0.107,0.366,0.556,-50.625,HR1868,Passed,"To prevent across-the-board direct spending cuts, and for other purposes",On Passage,,Health
117,House,96,3/19/21,1,97,398,14,0.531,-0.647,0.394,-1.499,-25.737,HRES134,Passed,"Condemning the military coup that took place on February 1, 2021, in Burma and the Burmese military detention of civilian leaders, calling for the release of all those detained and for those elected to serve Parliament to resume their duties, and for other purposes",On Motion to Suspend the Rules and Agree,,International Affairs
117,House,97,4/13/21,1,98,384,38,0.794,0.608,1.18,-1.039,-58.334,HR1868,Passed,"To prevent across-the-board direct spending cuts, and for other purposes",On Motion to Suspend the Rules and Concur in the Senate Amendment,,Health
117,House,98,4/14/21,1,99,381,37,0.477,-0.879,0.922,-1.42,-46.412,HR172,Passed,United States Anti-Doping Agency Reauthorization Act,On Motion to Suspend the Rules and Pass,,Sports and Recreation
117,House,99,4/14/21,1,100,415,11,0.783,-0.622,1.22,-1.511,-30.878,S578,Passed,"Food Allergy Safety, Treatment, Education, and Research Act",On Motion to Suspend the Rules and Pass,,Health
117,House,100,4/14/21,1,101,412,8,0,0,0,0,0,S164,Passed,Advancing Education on Biosimilars Act,On Motion to Suspend the Rules and Pass,,Health
117,House,101,4/14/21,1,102,217,208,0.031,0.035,0.715,-0.112,-0.248,HRES303,Passed,"Providing for consideration of H.R. 7, the Paycheck Fairness Act and H.R. 1195, the Workplace Violence Prevention for Health Care and Social Service Workers Act",On Ordering the Previous Question,,Congress
117,House,102,4/14/21,1,103,217,207,0.031,0.035,0.715,-0.112,-0.248,HRES303,Passed,"Providing for consideration of H.R. 7, the Paycheck Fairness Act and H.R. 1195, the Workplace Violence Prevention for Health Care and Social Service Workers Act",On Agreeing to the Resolution,,Congress
117,House,103,4/15/21,1,104,396,13,0.403,-0.915,0.299,-1.104,-21.171,HR1215,Passed,Fraud and Scam Reduction Act,"On Motion to Suspend the Rules and Pass, as Amended",,Commerce
117,House,104,4/15/21,1,105,362,49,0.533,-0.316,0.759,-2.022,-63.778,HR1460,Passed,Nicholas and Zachary Burt Memorial Carbon Monoxide Poisoning Prevention Act,On Motion to Suspend the Rules and Pass,,Commerce
117,House,105,4/15/21,1,106,216,207,-0.076,0.997,0.53,0.548,-10.507,HR7,Agreed to,,On Agreeing to the Amendment,,Taxation
117,House,106,4/15/21,1,107,183,244,-0.32,0.948,-0.446,-1.31,-61.828,HR7,Failed,,On Agreeing to the Amendment,,Taxation
117,House,107,4/15/21,1,108,217,210,0.084,0.097,0.691,0.469,-1.66,HR7,Passed,Paycheck Fairness Act,On Passage,,Taxation
117,House,108,4/15/21,1,109,415,2,0,0,0,0,0,HR941,Passed,TRANSPLANT Act,On Motion to Suspend the Rules and Pass,,Health
117,House,109,4/15/21,1,110,413,8,0,0,0,0,0,HR446,Passed,Protecting Seniors from Emergency Scams Act,On Motion to Suspend the Rules and Pass,,Commerce
117,House,110,4/15/21,1,111,408,10,0,0,0,0,0,HR1762,Passed,Protecting Indian Tribes from Scams Act,On Motion to Suspend the Rules and Pass,,Native Americans
117,House,111,4/15/21,1,112,411,5,0,0,0,0,0,HR1002,Passed,Debarment Enforcement of Bad Actor Registrants Act,"On Motion to Suspend the Rules and Pass, as Amended",,Crime and Law Enforcement
117,House,112,4/15/21,1,113,412,5,0,0,0,0,0,HR1899,Passed,Ensuring Compliance Against Drug Diversion Act,On Motion to Suspend the Rules and Pass,,Crime and Law Enforcement
117,House,113,4/15/21,1,114,397,16,0.558,-0.614,0.406,-1.47,-20.712,HR1502,Passed,Microloan Improvement Act,On Motion to Suspend the Rules and Pass,,Commerce
117,House,114,4/15/21,1,115,409,4,0,0,0,0,0,HR1487,Passed,Microloan Transparency and Accountability Act,On Motion to Suspend the Rules and Pass,,Commerce
117,House,115,4/15/21,1,116,400,16,0.542,-0.588,0.345,-1.548,-24.884,HR1490,Passed,504 Modernization and Small Manufacturer Enhancement Act,On Motion to Suspend the Rules and Pass,,Commerce
117,House,116,4/16/21,1,117,168,256,-0.329,0.944,-0.392,-1.333,-79.541,HR1195,Failed,,On Agreeing to the Amendment,,Transportation and Public Works
117,House,117,4/16/21,1,118,254,166,0.199,0.703,0.572,0.823,-56.203,HR1195,Passed,Workplace Violence Prevention for Health Care and Social Service Workers Act,On Passage,,Transportation and Public Works
117,House,118,4/16/21,1,119,411,8,0,0,0,0,0,HR1482,Passed,504 Credit Risk Management Improvement Act,On Motion to Suspend the Rules and Pass,,Commerce
117,House,119,4/19/21,1,120,321,101,0.309,0.951,0.199,0.263,-125.004,HR1996,Passed,SAFE Banking Act,"On Motion to Suspend the Rules and Pass, as Amended",,Finance and Financial Sector
117,House,120,4/19/21,1,121,418,1,0,0,0,0,0,HRES130,Passed,Condemning the continued violation of rights and freedoms of the people of Hong Kong by the People’s Republic of China and the Government of the Hong Kong Special Administrative Region,On Motion to Suspend the Rules and Agree,,International Affairs
117,House,121,4/20/21,1,122,216,210,0.031,0.033,0.715,-0.113,-0.248,HRES331,Passed,Raising a question of the privileges of the House,On Motion to Table,,Congress
117,House,122,4/20/21,1,123,216,206,0.031,0.033,0.715,-0.113,-0.248,HRES330,Passed,"Providing for consideration of the bill (H.R. 51) Washington, D.C. Admission Act; providing for consideration of the bill (H.R. 1573) Access to Counsel Act; providing for consideration of the bill (H.R. 1333) NO BAN Act; and for other purposes",On Ordering the Previous Question,,Congress
117,House,123,4/20/21,1,124,214,207,0.029,0.027,0.716,-0.108,-0.24,HRES330,Passed,"Providing for consideration of the bill (H.R. 51) Washington, D.C. Admission Act; providing for consideration of the bill (H.R. 1573) Access to Counsel Act; providing for consideration of the bill (H.R. 1333) NO BAN Act; and for other purposes",On Agreeing to the Resolution,,Congress
117,House,124,4/20/21,1,125,355,69,0.715,0.699,0.438,-0.493,-74.519,,Passed,,On Motion to Suspend the Rules and Pass Certain Bills and Agree to a Resolution,,
117,House,125,4/21/21,1,126,208,216,0.031,0.031,-0.715,0.115,-0.248,HR1333,Failed,NO BAN Act,On Motion to Recommit,,Immigration
117,House,126,4/21/21,1,127,218,208,0.084,0.097,0.69,0.469,-1.66,HR1333,Passed,NO BAN Act,On Passage,,Immigration
117,House,127,4/21/21,1,128,209,215,0.031,0.031,-0.715,0.115,-0.248,HR1573,Failed,Access to Counsel Act,On Motion to Recommit,,Immigration
117,House,128,4/21/21,1,129,217,207,0.031,0.031,0.715,-0.115,-0.248,HR1573,Passed,Access to Counsel Act,On Passage,,Immigration
117,House,129,4/21/21,1,130,350,71,0.337,-0.941,0.154,-0.26,-120.916,HR1392,Passed,Protection of Saudi Dissidents Act,"On Motion to Suspend the Rules and Pass, as Amended",,International Affairs
117,House,130,4/22/21,1,131,205,215,-0.151,0.989,-0.567,-0.664,-7.432,HR51,Failed,"Washington, D.C. Admission Act",On Motion to Recommit,,Government Operations and Politics
117,House,131,4/22/21,1,132,216,208,0.031,0.071,0.714,-0.156,-0.244,HR51,Passed,"Washington, D.C. Admission Act",On Passage,,Government Operations and Politics
117,House,132,4/22/21,1,133,292,123,0.437,0.194,0.269,-0.178,-90.208,,Passed,,Table Motion to Reconsider,,
117,House,133,5/11/21,1,134,250,168,0.163,0.987,0.315,0.299,-70.319,HR1629,Failed,Fairness in Orphan Drug Exclusivity Act,On Motion to Suspend the Rules and Pass,,Health
117,House,134,5/12/21,1,135,212,206,-0.163,0.987,0.545,0.656,-7.155,HRES380,Passed,Providing for consideration of the bill (H.R. 2547) Comprehensive Debt Collection Improvement Act; providing for consideration of the bill (H.R. 1065) Pregnant Workers Fairness Act and for other purposes,On Ordering the Previous Question,,Congress
117,House,135,5/12/21,1,136,214,210,0.024,0.016,0.717,-0.077,-0.195,HRES380,Passed,Providing for consideration of the bill (H.R. 2547) Comprehensive Debt Collection Improvement Act; providing for consideration of the bill (H.R. 1065) Pregnant Workers Fairness Act and for other purposes,On Agreeing to the Resolution,,Congress
117,House,136,5/12/21,1,137,349,74,0.543,-0.84,0.665,-0.132,-57.115,,Passed,,On Motion to Suspend the Rules and Pass Certain Bills,,
117,House,137,5/13/21,1,138,210,202,0.025,0.017,0.717,-0.082,-0.195,HR2547,Agreed to,,On Agreeing to the Amendment,,Finance and Financial Sector
117,House,138,5/13/21,1,139,208,214,-0.239,0.971,-0.552,-0.706,-14.046,HR2547,Failed,,On Agreeing to the Amendment,,Finance and Financial Sector
117,House,139,5/13/21,1,140,199,224,-0.243,0.97,-0.323,-0.555,-40.516,HR2547,Failed,,On Agreeing to the Amendment,,Finance and Financial Sector
117,House,140,5/13/21,1,141,215,207,-0.055,-0.192,0.743,-0.104,-3.921,HR2547,Passed,Comprehensive Debt Collection Improvement Act,On Passage,,Finance and Financial Sector
117,House,141,5/13/21,1,142,323,93,-0.7,0.714,-0.208,-0.295,-164.402,HR2877,Passed,Behavioral Intervention Guidelines Act of 2021,On Motion to Suspend the Rules and Pass,,Immigration
117,House,142,5/14/21,1,143,315,101,0.646,-0.763,0.583,0.533,-82.663,HR1065,Passed,Pregnant Workers Fairness Act,On Passage,,Labor and Employment
117,House,143,5/17/21,1,144,411,4,0,0,0,0,0,HR2911,Passed,VA Transparency & Trust Act,On Motion to Suspend the Rules and Pass,,Armed Forces and National Security
117,House,144,5/18/21,1,145,364,62,0.554,-0.833,0.376,-0.149,-68.204,S937,Passed,COVID-19 Hate Crimes Act,On Motion to Suspend the Rules and Pass,,Crime and Law Enforcement
117,House,145,5/18/21,1,146,217,209,0.026,0.02,0.717,-0.082,-0.205,HRES403,Passed,"Providing for consideration of H.R. 1629,the Fairness in Orphan Drug Exclusivity Act; and H. Res. 275, condemning the horrific shootings in Atlanta, GA on March 16, 2021",On Ordering the Previous Question,,Congress
117,House,146,5/18/21,1,147,212,206,0.024,0.012,0.717,-0.077,-0.191,HRES403,Passed,"Providing for consideration of H.R. 1629,the Fairness in Orphan Drug Exclusivity Act; and H. Res. 275, condemning the horrific shootings in Atlanta, GA on March 16, 2021",On Agreeing to the Resolution,,Congress
117,House,147,5/18/21,1,148,350,75,0.587,0.149,0.342,-0.256,-68.201,,Passed,,On Motion to Suspend the Rules and Pass Certain Bills,,
117,House,148,5/19/21,1,149,245,180,0.247,0.969,0.477,0.188,-43.428,HRES275,Passed,"Condemning the horrific shootings in Atlanta, Georgia, on March 16, 2021, and reaffirming the House of Representative’s commitment to combating hate, bigotry, and violence against the Asian-American and Pacific Islander community",On Agreeing to the Resolution,,Crime and Law Enforcement
117,House,149,5/19/21,1,150,402,23,0.622,-0.783,0.237,-0.312,-56.377,HR1629,Passed,Fairness in Orphan Drug Exclusivity Act,On Passage,,Health
117,House,150,5/19/21,1,151,217,208,-0.192,0.981,0.536,0.781,-11.168,HRES409,Passed,"Providing for consideration of the bill (H.R. 3233) National Commission to Investigate the January 6 Attack on the United States Capitol Complex Act; and providing for consideration of the bill (H.R. 3237) Emergency Security Supplemental to Respond to January 6th Appropriations Act, 2021, and for other purposes",On Ordering the Previous Question,,Congress
117,House,151,5/19/21,1,152,216,208,0.026,0.035,0.717,-0.067,-0.204,HRES409,Passed,"Providing for consideration of the bill (H.R. 3233) National Commission to Investigate the January 6 Attack on the United States Capitol Complex Act; and providing for consideration of the bill (H.R. 3237) Emergency Security Supplemental to Respond to January 6th Appropriations Act, 2021, and for other purposes",On Agreeing to the Resolution,,Congress
117,House,152,5/19/21,1,153,218,210,0.026,0.036,0.717,-0.067,-0.204,HRES414,Passed,"Directing the Attending Physician to take timely action to provide updated mask wearing guidance applicable to the Hall of the House of Representatives and committee meeting spaces for Members & staff who are vaccinated against Covid-19, consistent with the public guidance released by the CDC & Prevention May 13, 2021",On Motion to Table,,Congress
117,House,153,5/19/21,1,154,252,175,0.265,0.964,0.35,0.108,-60.517,HR3233,Passed,National Commission to Investigate the January 6 Attack on the United States Capitol Complex Act,On Passage,,Congress
117,House,154,5/20/21,1,155,209,218,-0.148,0.989,-0.621,-0.697,-5.163,HR3237,Failed,"Making emergency supplemental appropriations for the fiscal year ending September 30, 2021, and for other purposes",On Motion to Recommit,,Congress
117,House,155,5/20/21,1,156,213,212,0.214,0.883,0.57,-0.746,-6.175,HR3237,Passed,"Making emergency supplemental appropriations for the fiscal year ending September 30, 2021, and for other purposes",On Passage,,Congress
117,House,156,6/14/21,1,157,217,203,0.03,0.056,0.716,-0.092,-0.239,HRES473,Passed,"Providing for consideration of the bill (H.R. 256) to repeal the Authorization for Use of Military Force Against Iraq Resolution of 2002; providing for consideration of the bill (H.R. 1187) ESG Disclosure Simplification Act, and for other purposes; and for other purposes",On Ordering the Previous Question,,Congress
117,House,157,6/14/21,1,158,216,206,-0.076,0.282,0.734,0.371,-7.488,HRES473,Passed,"Providing for consideration of the bill (H.R. 256) to repeal the Authorization for Use of Military Force Against Iraq Resolution of 2002; providing for consideration of the bill (H.R. 1187) ESG Disclosure Simplification Act, and for other purposes; and for other purposes",On Agreeing to the Resolution,,Congress
117,House,158,6/15/21,1,159,287,140,0.418,-0.369,1.301,0.108,-82.368,,Passed,,On Motion to Suspend the Rules and Pass Certain Bills,,
117,House,159,6/15/21,1,160,240,188,0.239,-0.087,0.425,-0.212,-53.039,HR239,Failed,Equal Access to Contraception for Veterans Act,On Motion to Suspend the Rules and Pass,,Armed Forces and National Security
117,House,160,6/15/21,1,161,406,21,0.588,-0.525,0.455,-1.369,-20.534,HR3325,Passed,"To award four congressional gold medals to the United States Capitol Police and those who protected the U.S. Capitol on January 6, 2021","On Motion to Suspend the Rules and Pass, as Amended",,Congress
117,House,161,6/15/21,1,162,248,177,0.287,0.958,0.458,0.056,-48.449,HR1443,Failed,LGBTQ Business Equal Credit Enforcement and Investment Act,"On Motion to Suspend the Rules and Pass, as Amended",,Finance and Financial Sector
117,House,162,6/16/21,1,163,214,208,0.03,0.077,0.715,-0.112,-0.244,HRES479,Passed,"Providing for consideration of the bill (S. 475) to amend title 5, United States Code, to designate Juneteenth National Independence Day as a legal public holiday",On Agreeing to the Resolution,,Congress
117,House,163,6/16/21,1,164,209,218,-0.327,0.647,-0.628,-1.878,-71.65,HR1187,Failed,,On Agreeing to the Amendment,,Finance and Financial Sector
117,House,164,6/16/21,1,165,215,211,0.061,-0.998,0.631,0.275,-8.373,HR1187,Agreed to,,On Agreeing to the Amendment,,Finance and Financial Sector
117,House,165,6/16/21,1,166,204,225,-0.29,0.957,-0.527,-1.111,-27.192,HR1187,Failed,,On Agreeing to the Amendment,,Finance and Financial Sector
117,House,166,6/16/21,1,167,380,47,0.575,-0.818,0.267,-0.181,-74.733,HR1187,Agreed to,,On Agreeing to the Amendment,,Finance and Financial Sector
117,House,167,6/16/21,1,168,207,218,-0.14,0.99,-0.621,-0.687,-5.372,HR1187,Failed,ESG Disclosure Simplification Act,On Motion to Recommit,,Finance and Financial Sector
117,House,168,6/16/21,1,169,215,214,0.192,-0.854,0.647,0.793,-13.477,HR1187,Passed,ESG Disclosure Simplification Act,On Passage,,Finance and Financial Sector
117,House,169,6/16/21,1,170,415,14,0.569,-0.822,0.196,-0.512,-38.711,S475,Passed,Juneteenth National Independence Day Act,On Passage,,"Civil Rights and Liberties, Minority Issues"
117,House,170,6/17/21,1,171,204,219,-0.12,0.993,-0.519,-0.604,-8.349,HR256,Failed,To repeal the Authorization for Use of Military Force Against Iraq Resolution of 2002,On Motion to Recommit,,International Affairs
117,House,171,6/17/21,1,172,268,161,-0.363,0.932,0.321,1.21,-98.613,HR256,Passed,To repeal the Authorization for Use of Military Force Against Iraq Resolution of 2002,On Passage,,International Affairs
117,House,172,6/22/21,1,173,398,21,-0.061,-0.698,-0.005,-1.109,-45.293,HR1374,Passed,Enhancing State Energy Security Planning and Emergency Preparedness Act,On Motion to Suspend the Rules and Pass,,Public Lands and Natural Resources
117,House,173,6/22/21,1,174,416,5,0,0,0,0,0,HR983,Passed,Preventing Crimes Against Veterans Act,"On Motion to Suspend the Rules and Pass, as Amended",,Crime and Law Enforcement
117,House,174,6/23/21,1,175,218,209,0.03,0.05,0.716,-0.097,-0.246,HRES486,Passed,Providing for consideration of the bills (H.R. 2062) Protecting Older Workers Against Discrimination Act; (H.R. 239) Equal Access to Contraception for Veterans Act; (H.R. 1443) LGBTQ Business Equal Credit Enforcement and Investment Act; S.J.Res. 13; S.J.Res. 14 and S. J.Res. 15; and for other purposes.,On Ordering the Previous Question,,Congress
117,House,175,6/23/21,1,176,218,205,0.03,0.05,0.716,-0.097,-0.246,HRES486,Passed,Providing for consideration of the bills (H.R. 2062) Protecting Older Workers Against Discrimination Act; (H.R. 239) Equal Access to Contraception for Veterans Act; (H.R. 1443) LGBTQ Business Equal Credit Enforcement and Investment Act; S.J.Res. 13; S.J.Res. 14 and S. J.Res. 15; and for other purposes.,On Agreeing to the Resolution,,Congress
117,House,176,6/23/21,1,177,325,103,0.51,-0.175,0.411,0.039,-79.163,,Passed,,On Motion to Suspend the Rules and Pass Certain Bills,,
117,House,177,6/23/21,1,178,231,192,0.313,-0.15,0.6,0.967,-28.855,HR2062,Agreed to,,On Agreeing to the Amendment,,Labor and Employment
117,House,178,6/23/21,1,179,182,243,0.218,0.285,-0.42,-0.858,-46.858,HR2062,Failed,,On Agreeing to the Amendment,,Labor and Employment
117,House,179,6/23/21,1,180,247,178,0.395,-0.154,0.576,1.015,-46.701,HR2062,Passed,Protecting Older Workers Against Discrimination Act of 2021,On Passage,,Labor and Employment
117,House,180,6/24/21,1,181,218,208,-0.146,0.989,0.558,0.658,-8.292,SJRES15,Passed,"Providing for congressional disapproval under chapter 8 of title 5, United States Code, of the rule submitted by the Office of the Comptroller of Currency relating to “National Banks and Federal Savings Associations as Lenders”",On Passage,,Finance and Financial Sector
117,House,181,6/24/21,1,182,252,176,0.266,0.964,0.545,0.188,-48.864,HR1443,Passed,LGBTQ Business Equal Credit Enforcement and Investment Act,On Passage,,Finance and Financial Sector
117,House,182,6/24/21,1,183,219,210,0.029,0.059,0.716,-0.087,-0.245,SJRES13,Passed,"Providing for congressional disapproval under chapter 8 of title 5, United States Code, of the rule submitted by the Equal Employment Opportunity Commission relating to “Update of Commission’s Conciliation Procedures”",On Passage,,Labor and Employment
117,House,183,6/24/21,1,184,245,181,0.266,0.964,0.377,0.024,-52.331,HR239,Passed,Equal Access to Contraception for Veterans Act,On Passage,,Armed Forces and National Security
117,House,184,6/25/21,1,185,229,191,0.178,0.188,0.568,1.126,-22.921,SJRES14,Passed,"Providing for congressional disapproval under chapter 8 of title 5, United States Code, of the rule submitted by the Environmental Protection Agency relating to “Oil and Natural Gas Sector: Emission Standards for New, Reconstructed, and Modified Sources Review”",On Passage,,Environmental Protection
117,House,185,6/28/21,1,186,345,67,0.445,-0.895,0.492,-0.412,-62.59,HR2225,Passed,National Science Foundation for the Future Act,"On Motion to Suspend the Rules and Pass, as Amended",,"Science, Technology, Communications"
117,House,186,6/28/21,1,187,351,68,0.408,-0.913,0.575,-0.588,-62.187,HR3593,Passed,Department of Energy Science for the Future Act,"On Motion to Suspend the Rules and Pass, as Amended",,"Science, Technology, Communications"
117,House,187,6/28/21,1,188,307,112,0.446,-0.895,0.393,-0.06,-83.725,HR391,Passed,Global Health Security Act,"On Motion to Suspend the Rules and Pass, as Amended",,Taxation
117,House,188,6/29/21,1,189,214,195,0.029,0.055,0.716,-0.092,-0.238,HRES504,Passed,"Providing for consideration of H.R. 2662, IG Independence and Empowerment Act; H.R. 3005, directing the Joint Committee on the Library to replace certain statues in the Capitol; H.R. 3684, INVEST in America Act; H. Res. 503, establishing a Select Committee to Investigate the January 6th attack on the Capitol",On Ordering the Previous Question,,Congress
117,House,189,6/29/21,1,190,218,197,0.029,0.055,0.716,-0.092,-0.238,HRES504,Passed,"Providing for consideration of H.R. 2662, IG Independence and Empowerment Act; H.R. 3005, directing the Joint Committee on the Library to replace certain statues in the Capitol; H.R. 3684, INVEST in America Act; H. Res. 503, establishing a Select Committee to Investigate the January 6th attack on the Capitol",On Agreeing to the Resolution,,Congress
117,House,190,6/29/21,1,191,366,46,0.644,0.194,0.309,-0.058,-59.434,,Passed,,On Motion to Suspend the Rules and Pass Certain Bills and Agree to Certain Resolutions,,
117,House,191,6/29/21,1,192,395,15,0.444,-0.607,0.216,-2.005,-25.077,HR567,Passed,Trans-Sahara Counterterrorism Partnership Program Act,"On Motion to Suspend the Rules and Pass, as Amended",,International Affairs
117,House,192,6/29/21,1,193,219,184,0.127,-0.098,0.721,-0.028,-4.482,HR2662,Agreed to,,On Agreeing to the Amendment,,Government Operations and Politics
117,House,193,6/29/21,1,194,182,220,0.079,0.119,-0.686,-0.504,-1.655,HR2662,Failed,,On Agreeing to the Amendment,,Government Operations and Politics
117,House,194,6/29/21,1,195,221,182,0.13,0.25,0.703,0.389,-6.101,HR2662,Passed,IG Independence and Empowerment Act,On Passage,,Government Operations and Politics
117,House,195,6/29/21,1,196,285,120,0.348,0.392,0.236,0.303,-97.667,HR3005,Passed,Directing the Joint Committee on the Library to replace certain statues in the United States Capitol,On Passage,,Congress
117,House,196,6/30/21,1,197,222,190,-0.106,-0.994,0.604,-0.506,-6.576,HRES503,Passed,Establishing the Select Committee to Investigate the January 6th Attack on the United States Capitol,On Agreeing to the Resolution,,Congress
117,House,197,6/30/21,1,198,219,188,0.03,0.041,0.716,-0.101,-0.239,HRES508,Passed,"Providing for further consideration of the bil (H.R. 3684) to authorize funds for Federal-Aid Highways, Highway Safety Programs, and Transit Programs, and for other purposes; and for other purposes",On Ordering the Previous Question,,Congress
117,House,198,6/30/21,1,199,84,325,0.4,0.917,0.148,-0.874,-145.455,HRES508,Failed,,On Agreeing to the Amendment,,Congress
117,House,199,6/30/21,1,200,219,190,0.029,0.044,0.716,-0.097,-0.245,HRES508,Passed,"Providing for further consideration of the bil (H.R. 3684) to authorize funds for Federal-Aid Highways, Highway Safety Programs, and Transit Programs, and for other purposes; and for other purposes",On Agreeing to the Resolution,,Congress
117,House,200,6/30/21,1,201,217,186,-0.07,-0.998,0.427,-0.189,-12.066,HR3684,Agreed to,,On Agreeing to the Amendment,,Transportation and Public Works
117,House,201,6/30/21,1,202,180,226,0.235,-0.023,-0.653,-1.116,-20.109,HR3684,Failed,,On Agreeing to the Amendment,,Transportation and Public Works
117,House,202,6/30/21,1,203,221,187,0.121,0.063,0.689,0.484,-3.07,HR3684,Agreed to,,On Agreeing to the Amendment,,Transportation and Public Works
117,House,203,6/30/21,1,204,230,178,-0.226,0.097,-0.334,-0.694,-63.56,HR3684,Agreed to,,On Agreeing to the Amendment,,Transportation and Public Works
117,House,204,7/1/21,1,205,217,199,0.121,0.064,0.689,0.482,-3.072,HR3684,Agreed to,,On Agreeing to the Amendment,,Transportation and Public Works
117,House,205,7/1/21,1,206,220,200,0.104,0.084,0.648,0.733,-5.51,HR3684,Agreed to,,On Agreeing to the Amendment,,Transportation and Public Works
117,House,206,7/1/21,1,207,202,217,0.029,0.042,-0.716,0.102,-0.245,HR3684,Failed,INVEST in America Act,On Motion to Recommit,,Transportation and Public Works
117,House,207,7/1/21,1,208,221,201,0.12,0.018,0.661,0.653,-2.456,HR3684,Passed,INVEST in America Act,On Passage,,Transportation and Public Works
117,House,208,7/19/21,1,209,415,0,0,0,0,0,0,HR826,Passed,Divided Families Reunification Act,On Motion to Suspend the Rules and Pass,,X
117,House,209,7/20/21,1,210,216,207,0.029,0.039,0.716,-0.099,-0.243,HRES535,Passed,"Providing for consideration of H.R. 2467, the PFAS Action Act of 2021; H.R. 2668, the Consumer Protection and Recovery Act; and H.R. 3985, the Allies Act of 2021, and for other purposes",On Ordering the Previous Question,,Congress
117,House,210,7/20/21,1,211,219,208,0.029,0.042,0.716,-0.103,-0.245,HRES535,Passed,"Providing for consideration of H.R. 2467, the PFAS Action Act of 2021; H.R. 2668, the Consumer Protection and Recovery Act; and H.R. 3985, the Allies Act of 2021, and for other purposes",On Agreeing to the Resolution,,Congress
117,House,211,7/20/21,1,212,319,105,0.497,-0.035,0.382,-0.011,-79.34,,Passed,,On Motion to Suspend the Rules and Pass Certain Bills and Agree to Certain Resolutions,,
117,House,212,7/20/21,1,213,207,217,0.029,0.04,-0.716,0.103,-0.243,HR2668,Failed,Consumer Protection and Recovery Act,On Motion to Recommit,,Commerce
117,House,213,7/20/21,1,214,221,205,-0.133,0.966,0.631,0.789,-8.172,HR2668,Passed,Consumer Protection and Recovery Act,On Passage,,Commerce
117,House,214,7/21/21,1,215,226,195,0.154,0.192,0.569,1.044,-14.745,HR2467,Agreed to,,On Agreeing to the Amendment,,Environmental Protection
117,House,215,7/21/21,1,216,204,218,0.029,0.042,-0.716,0.102,-0.245,HR2467,Failed,PFAS Action Act,On Motion to Recommit,,Environmental Protection
117,House,216,7/21/21,1,217,241,183,0.111,0.452,0.385,0.905,-47.899,HR2467,Passed,PFAS Action Act,On Passage,,Environmental Protection
117,House,217,7/22/21,1,218,407,16,0.934,0.356,0.958,-1.428,-29.411,HR3985,Passed,Allies Act,On Passage,,Immigration
117,House,218,7/26/21,1,219,218,197,-0.109,-0.994,0.626,-0.539,-6.449,HRES554,Passed,Raising a Question of the Privileges of the House,On Motion to Table,,Congress
117,House,219,7/26/21,1,220,416,0,0,0,0,0,0,HR1664,Passed,"To authorize the National Medal of Honor Museum Foundation to establish a commemorative work in the District of Columbia and its environs, and for other purposes","On Motion to Suspend the Rules and Pass, as Amended",,Armed Forces and National Security
117,House,220,7/26/21,1,221,412,0,0,0,0,0,0,HR2365,Passed,Gold Star Mothers Family Monument Extension Act,"On Motion to Suspend the Rules and Pass, as Amended",,X
117,House,221,7/27/21,1,222,217,201,0.029,0.035,0.716,-0.108,-0.232,HRES555,Passed,"Providing for consideration of the bill (H.R. 4502) making appropriations for the Departments of Labor, Health and Human Services, and Education, and related agencies for the fiscal year ending September 30, 2022, and for other purposes; and for other purposes",On Ordering the Previous Question,,Congress
117,House,222,7/27/21,1,223,218,207,0.114,-0.556,0.669,0.61,-5.894,HRES555,Passed,"Providing for consideration of the bill (H.R. 4502) making appropriations for the Departments of Labor, Health and Human Services, and Education, and related agencies for the fiscal year ending September 30, 2022, and for other purposes; and for other purposes",On Agreeing to the Resolution,,Congress
117,House,223,7/27/21,1,224,424,0,0,0,0,0,0,S957,Passed,To direct the Secretary of Veterans Affairs to ensure that certain medical facilities of the Department of Veterans Affairs have physical locations for the disposal of controlled substances medications,On Motion to Suspend the Rules and Pass,,X
117,House,224,7/27/21,1,225,413,7,0,0,0,0,0,S1910,Passed,Major Medical Facility Authorization Act,On Motion to Suspend the Rules and Pass,,Armed Forces and National Security
117,House,225,7/27/21,1,226,154,264,0.298,0.766,-0.673,-0.51,-60.502,HR4502,Failed,,On Agreeing to the Amendment,,Economics and Public Finance
117,House,226,7/27/21,1,227,220,203,0.081,0.105,0.688,0.484,-1.664,HR4502,Agreed to,,On Agreeing to the Amendment,,Economics and Public Finance
117,House,227,7/27/21,1,228,192,232,0.221,0.158,-0.369,-0.514,-30.987,HR4502,Failed,,On Agreeing to the Amendment,,Economics and Public Finance
117,House,228,7/27/21,1,229,147,276,0.094,0.996,-0.249,-0.423,-104.419,HR4502,Failed,,On Agreeing to the Amendment,,Economics and Public Finance
117,House,229,7/27/21,1,230,140,285,-0.122,-0.216,0.135,0.596,-130.118,HR4502,Failed,,On Agreeing to the Amendment,,Economics and Public Finance
117,House,230,7/28/21,1,231,197,225,0.112,0.358,-0.241,-0.082,-29.832,,Failed,,On Motion to Adjourn,,
117,House,231,7/28/21,1,232,217,208,0.029,0.033,0.716,-0.108,-0.243,HRES567,Passed,"Providing for consideration of the bills (H.R. 4346) Legislative Branch Appropriations Act, 2022; (H.R. 4373) Department of State, Foreign Operations, and Related Programs Appropriations Act, 2022; and (H.R. 4505) Commerce, Justice, Science, and Related Agencies Appropriations Act, 2022",On Ordering the Previous Question,,Congress
117,House,232,7/28/21,1,233,217,208,0.099,-0.995,0.443,0.255,-15.233,HRES567,Passed,"Providing for consideration of the bills (H.R. 4346) Legislative Branch Appropriations Act, 2022; (H.R. 4373) Department of State, Foreign Operations, and Related Programs Appropriations Act, 2022; and (H.R. 4505) Commerce, Justice, Science, and Related Agencies Appropriations Act, 2022",On Agreeing to the Resolution,,Congress
117,House,233,7/28/21,1,234,201,192,-0.021,0.722,0.273,0.1,-22.261,HRES567,Passed,"Providing for consideration of the bills (H.R. 4346) Legislative Branch Appropriations Act, 2022; (H.R. 4373) Department of State, Foreign Operations, and Related Programs Appropriations Act, 2022; and (H.R. 4505) Commerce, Justice, Science, and Related Agencies Appropriations Act, 2022",Table Motion to Reconsider,,Congress
117,House,234,7/28/21,1,235,174,216,0.123,0.834,-0.256,-0.168,-49.669,,Failed,,On Motion to Adjourn,,
117,House,235,7/28/21,1,236,220,207,0.083,0.098,0.689,0.48,-1.661,HR4346,Agreed to,,On Agreeing to the Amendment,,"Science, Technology, Communications"
117,House,236,7/28/21,1,237,180,243,0.248,0.964,-0.698,-0.225,-34.035,HR4346,Failed,,On Agreeing to the Amendment,,"Science, Technology, Communications"
117,House,237,7/28/21,1,238,202,218,0.03,0.023,-0.716,0.099,-0.24,HR4346,Failed,"Making appropriations for Legislative Branch for the fiscal year ending September 30, 2022, and for other purposes",On Motion to Recommit,,"Science, Technology, Communications"
117,House,238,7/28/21,1,239,215,207,0.206,0.979,0.812,-0.69,-10.053,HR4346,Passed,"Making appropriations for Legislative Branch for the fiscal year ending September 30, 2022, and for other purposes",On Passage,,"Science, Technology, Communications"
117,House,239,7/28/21,1,240,202,217,0.124,0.056,-0.691,-0.459,-3.047,HR4373,Failed,,On Agreeing to the Amendment,,International Affairs
117,House,240,7/28/21,1,241,217,200,-0.044,-0.135,0.727,-0.084,-3.699,HR4373,Agreed to,,On Agreeing to the Amendment,,International Affairs
117,House,241,7/28/21,1,242,207,217,-0.14,0.99,-0.622,-0.685,-5.371,HR4373,Failed,"Making appropriations for the Department of State, foreign operations, and related programs for the fiscal year ending September 30, 2022, and for other programs",On Motion to Recommit,,International Affairs
117,House,242,7/28/21,1,243,217,212,-0.038,-0.066,0.624,-0.84,-4.943,HR4373,Passed,"Making appropriations for the Department of State, foreign operations, and related programs for the fiscal year ending September 30, 2022, and for other programs",On Passage,,International Affairs
117,House,243,7/29/21,1,244,371,55,0.538,-0.843,0.344,-0.22,-70.689,HR4502,Agreed to,,On Agreeing to the Amendment,,Economics and Public Finance
117,House,244,7/29/21,1,245,221,206,0.142,0.019,0.649,0.727,-6.337,HR4502,Agreed to,,On Agreeing to the Amendment,,Economics and Public Finance
117,House,245,7/29/21,1,246,208,217,0.029,0.026,-0.716,0.098,-0.246,HR4502,Failed,"Making appropriations for the Departments of Labor, Health and Human Services, and Eduction, and related agencies for the fiscal year ending September 30, 2022, and for other purposes",On Motion to Recommit,,Economics and Public Finance
117,House,246,7/29/21,1,247,219,208,0.029,0.026,0.716,-0.098,-0.246,HR4502,Passed,"Making appropriations for the Departments of Labor, Health and Human Services, and Eduction, and related agencies for the fiscal year ending September 30, 2022, and for other purposes",On Passage,,Economics and Public Finance
117,House,247,7/29/21,1,248,219,209,0.029,0.026,0.716,-0.098,-0.246,HR4502,Passed,"Making appropriations for the Departments of Labor, Health and Human Services, and Eduction, and related agencies for the fiscal year ending September 30, 2022, and for other purposes",Table Motion to Reconsider,,Economics and Public Finance
117,House,248,7/29/21,1,249,173,242,0.207,0.754,-0.251,-0.129,-63.173,,Failed,,On Motion to Adjourn,,
117,House,249,7/29/21,1,250,416,11,0.997,0.082,0.721,-1.69,-29.615,HR3237,Passed,"Making emergency supplemental appropriations for the fiscal year ending September 30, 2021, and for other purposes",On Motion to Suspend the Rules and Concur in the Senate Amendment,,Congress
117,House,250,7/29/21,1,251,423,0,0,0,0,0,0,HR2278,Passed,"To authorize the Secretary of the Interior to designate the September 11th National Memorial Trail, and for other purposes","On Motion to Suspend the Rules and Pass, as Amended",,Public Lands and Natural Resources
117,House,251,7/29/21,1,252,239,181,0.248,0.836,0.303,0.029,-53.141,HR2278,Passed,"To authorize the Secretary of the Interior to designate the September 11th National Memorial Trail, and for other purposes",Table Motion to Reconsider,,Public Lands and Natural Resources
117,House,252,7/29/21,1,253,416,2,0,0,0,0,0,HR2497,Passed,Amache National Historic Site Act,"On Motion to Suspend the Rules and Pass, as Amended",,Public Lands and Natural Resources
117,House,253,7/29/21,1,254,420,0,0,0,0,0,0,HR4300,Passed,Alexander Lofgren Veterans in Parks (VIP) Act,"On Motion to Suspend the Rules and Pass, as Amended",,X
117,House,254,8/23/21,1,255,418,7,0,0,0,0,0,S325,Passed,"To amend the Alyce Spotted Bear and Walter Soboleff Commission on Native Children Act to extend the deadline for a report by the Alyce Spotted Bear and Walter Soboleff Commission on Native Children, and for other purposes",On Motion to Suspend the Rules and Pass,,Native Americans
117,House,255,8/23/21,1,256,423,1,0,0,0,0,0,S272,Passed,Congressional Budget Justification Transparency Act,On Motion to Suspend the Rules and Pass,,Economics and Public Finance
117,House,256,8/24/21,1,257,220,212,0.029,0.026,0.716,-0.098,-0.246,HRES601,Passed,Providing for consideration of (H.R. 4) John R. Lewis Voting Rights Advancement Act; providing for consideration of the Senate amendment to (H.R. 3684) Infrastructure Investment and Jobs Act; and providing for the adoption of the concurrent resolution (S. Con. Res. 14); and for other purposes,On Ordering the Previous Question,,Congress
117,House,257,8/24/21,1,258,220,212,0.029,0.026,0.716,-0.098,-0.246,HRES601,Passed,Providing for consideration of (H.R. 4) John R. Lewis Voting Rights Advancement Act; providing for consideration of the Senate amendment to (H.R. 3684) Infrastructure Investment and Jobs Act; and providing for the adoption of the concurrent resolution (S. Con. Res. 14); and for other purposes,On Agreeing to the Resolution,,Congress
117,House,258,8/24/21,1,259,212,218,0.029,0.023,-0.716,0.094,-0.244,HR4,Failed,John R. Lewis Voting Rights Advancement Act,On Motion to Recommit,,Social Welfare
117,House,259,8/24/21,1,260,219,212,0.029,0.023,0.716,-0.094,-0.244,HR4,Passed,John R. Lewis Voting Rights Advancement Act,On Passage,,Social Welfare
117,House,260,9/20/21,1,261,423,0,0,0,0,0,0,HR5293,Passed,Department of Veterans Affairs Expiring Authorities Act,On Motion to Suspend the Rules and Pass,,Armed Forces and National Security
117,House,261,9/20/21,1,262,423,0,0,0,0,0,0,S189,Passed,Veterans’ Compensation Cost-of-Living Adjustment Act,On Motion to Suspend the Rules and Pass,,Armed Forces and National Security
117,House,262,9/21/21,1,263,218,210,0.03,0.023,0.716,-0.101,-0.24,HRES667,Passed,"Providing for consideration of H.R. 3755, the Women’s Health Protection Act of 2021; H.R. 4350, the National Defense Authorization Act for Fiscal Year 2022; and H.R. 5305, the Extending Government Funding and Delivering Emergency Assistance Act, and for other purposes",On Ordering the Previous Question,,Congress
117,House,263,9/21/21,1,264,217,207,0.029,0.026,0.716,-0.098,-0.245,HRES667,Passed,"Providing for consideration of H.R. 3755, the Women’s Health Protection Act of 2021; H.R. 4350, the National Defense Authorization Act for Fiscal Year 2022; and H.R. 5305, the Extending Government Funding and Delivering Emergency Assistance Act, and for other purposes",On Agreeing to the Resolution,,Congress
117,House,264,9/21/21,1,265,427,0,0,0,0,0,0,S1828,Passed,HAVANA Act,On Motion to Suspend the Rules and Pass,,X
117,House,265,9/21/21,1,266,209,215,-0.14,0.99,-0.622,-0.684,-5.371,HR5305,Failed,Extending Government Funding and Delivering Emergency Assistance Act,On Motion to Recommit,,Economics and Public Finance
117,House,266,9/21/21,1,267,220,211,0.029,0.026,0.716,-0.098,-0.246,HR5305,Passed,Extending Government Funding and Delivering Emergency Assistance Act,On Passage,,Economics and Public Finance
117,House,267,9/21/21,1,268,163,216,0.18,-0.394,-0.253,0.108,-43.576,,Failed,,On Motion to Adjourn,,
117,House,268,9/22/21,1,269,219,204,-0.027,0.549,0.584,0.994,-9.253,HR4350,Agreed to,,On Agreeing to the Amendment,,Taxation
117,House,269,9/22/21,1,270,235,190,0.07,0.998,0.305,0.272,-46.956,HR4350,Agreed to,,On Agreeing to the Amendment,,Taxation
117,House,270,9/22/21,1,271,222,203,-0.063,0.607,0.567,1.065,-11.736,HR4350,Agreed to,,On Agreeing to the Amendment,,Taxation
117,House,271,9/22/21,1,272,236,186,0.186,0.176,0.273,0.686,-52.292,HR4350,Agreed to,,On Agreeing to the Amendment,,Taxation
117,House,272,9/22/21,1,273,222,200,0.172,0.074,0.581,0.98,-10.15,HR4350,Agreed to,,On Agreeing to the Amendment,,Taxation
117,House,273,9/22/21,1,274,224,204,0.171,0.01,0.594,0.952,-6.345,HR4350,Agreed to,,On Agreeing to the Amendment,,Taxation
117,House,274,9/23/21,1,275,420,9,0,0,0,0,0,HR5323,Passed,"Making supplemental appropriations for the fiscal year ending September 30, 2022, and for other purposes",On Motion to Suspend the Rules and Pass,,Armed Forces and National Security
117,House,275,9/23/21,1,276,141,286,0.029,-0.175,0.139,1.684,-118.562,HR4350,Failed,,On Agreeing to the Amendment,,Taxation
117,House,276,9/23/21,1,277,219,202,0.198,-0.199,0.448,0.293,-12.039,HR4350,Agreed to,,On Agreeing to the Amendment,,Taxation
117,House,277,9/23/21,1,278,219,207,-0.338,0.941,0.302,0.563,-58.661,HR4350,Agreed to,,On Agreeing to the Amendment,,Taxation
117,House,278,9/23/21,1,279,223,204,-0.135,0.991,0.316,0.38,-30.092,HR4350,Agreed to,,On Agreeing to the Amendment,,Taxation
117,House,279,9/23/21,1,280,223,202,-0.105,0.912,0.603,0.965,-18.592,HR4350,Agreed to,,On Agreeing to the Amendment,,Taxation
117,House,280,9/23/21,1,281,198,231,-0.333,0.804,0.352,0.507,-52.543,HR4350,Failed,,On Agreeing to the Amendment,,Taxation
117,House,281,9/23/21,1,282,118,299,0.183,-0.859,0.519,1.852,-98.364,HR4350,Failed,,On Agreeing to the Amendment,,Taxation
117,House,282,9/23/21,1,283,167,256,0.006,-0.232,0.174,0.629,-97.432,HR4350,Failed,,On Agreeing to the Amendment,,Taxation
117,House,283,9/23/21,1,284,86,332,-0.346,-0.216,0.412,1.17,-74.046,HR4350,Failed,,On Agreeing to the Amendment,,Taxation
117,House,284,9/23/21,1,285,142,286,0.008,-0.695,0.291,0.718,-91.162,HR4350,Failed,,On Agreeing to the Amendment,,Taxation
117,House,285,9/23/21,1,286,225,187,0.149,0.989,0.281,0.072,-43.106,HR4350,Agreed to,,On Agreeing to the Amendment,,Taxation
117,House,286,9/23/21,1,287,234,183,0.004,0.596,0.365,0.893,-48.812,HR4350,Agreed to,,On Agreeing to the Amendment,,Taxation
117,House,287,9/23/21,1,288,367,59,0.041,-0.686,0.292,-1.565,-72.094,HR4350,Agreed to,,On Agreeing to the Amendment,,Taxation
117,House,288,9/23/21,1,289,362,59,0.369,-0.452,0.22,-0.733,-70.299,HR4350,Agreed to,,On Agreeing to the Amendment,,Taxation
117,House,289,9/23/21,1,290,360,66,0.095,-0.659,0.224,-1.04,-78.093,HR4350,Agreed to,,On Agreeing to the Amendment,,Taxation
117,House,290,9/23/21,1,291,240,185,-0.155,0.988,0.335,0.718,-59.211,HR4350,Agreed to,,On Agreeing to the Amendment,,Taxation
117,House,291,9/23/21,1,292,215,213,-0.097,0.311,0.675,0.594,-7.203,HR4350,Agreed to,,On Agreeing to the Amendment,,Taxation
117,House,292,9/23/21,1,293,316,113,0.199,-0.206,0.08,-0.873,-155.443,HR4350,Passed,National Defense Authorization Act for Fiscal Year 2022,On Passage,,Taxation
117,House,293,9/24/21,1,294,210,219,0.029,0.023,-0.716,0.087,-0.246,HR3755,Failed,Women’s Health Protection Act,On Motion to Recommit,,Health
117,House,294,9/24/21,1,295,218,211,0.032,-0.07,0.653,0.715,-3.518,HR3755,Passed,Women’s Health Protection Act,On Passage,,Health
117,House,295,9/27/21,1,296,193,228,0.173,0,-0.242,-0.02,-37.487,,Failed,,On Motion to Adjourn,,
117,House,296,9/28/21,1,297,361,66,0.355,0.935,0.178,0.329,-118.242,HR1693,Passed,Eliminating a Quantifiably Unjust Application of the Law Act,"On Motion to Suspend the Rules and Pass, as Amended",,Crime and Law Enforcement
117,House,297,9/28/21,1,298,410,14,0.507,-0.759,0.257,-0.951,-23.181,HR4981,Passed,"To amend the Fentanyl Sanctions Act, to modify certain deadlines relating to the Commission on Combating Synthetic Opioid Trafficking",On Motion to Suspend the Rules and Pass,,International Affairs
117,House,298,9/28/21,1,299,412,9,0,0,0,0,0,HR4250,Passed,War Crimes Rewards Expansion Act,On Motion to Suspend the Rules and Pass,,International Affairs
117,House,299,9/28/21,1,300,386,35,0.271,-0.57,0.238,-1.631,-37.263,HR1228,Passed,Libya Stabilization Act,"On Motion to Suspend the Rules and Pass, as Amended",,International Affairs
117,House,300,9/28/21,1,301,403,17,0.557,-0.634,0.129,-0.886,-39.971,HR4686,Passed,Cambodia Democracy Act of 2021,"On Motion to Suspend the Rules and Pass, as Amended",,International Affairs
117,House,301,9/28/21,1,302,406,16,0.683,-0.43,0.491,-1.297,-15.643,S848,Passed,Consider Teachers Act,On Motion to Suspend the Rules and Pass,,Education
117,House,302,9/28/21,1,303,391,36,0.354,-0.935,0.293,-0.724,-45.691,HR1154,Passed,Great Dismal Swamp National Heritage Area Act,On Motion to Suspend the Rules and Pass,,Public Lands and Natural Resources
117,House,303,9/28/21,1,304,414,10,0,0,0,0,0,HR2617,Passed,Performance Enhancement Reform Act,"On Motion to Suspend the Rules and Pass, as Amended",,Economics and Public Finance
117,House,304,9/29/21,1,305,217,206,0.029,0.021,0.716,-0.088,-0.246,HRES688,Passed,Providing for consideration of the bill (S. 1301) to provide for the publication by the Secretary of Health and Human Services of physical activity recommendations for Americans,On Ordering the Previous Question,,Congress
117,House,305,9/29/21,1,306,214,212,-0.069,0.183,0.716,0.168,-5.127,HRES688,Passed,Providing for consideration of the bill (S. 1301) to provide for the publication by the Secretary of Health and Human Services of physical activity recommendations for Americans,On Agreeing to the Resolution,,Congress
117,House,306,9/29/21,1,307,410,15,0.558,-0.83,0.184,-0.487,-38.119,HR3599,Passed,Federal Rotational Cyber Workforce Program Act,"On Motion to Suspend the Rules and Pass, as Amended",,"Science, Technology, Communications"
117,House,307,9/29/21,1,308,259,170,0.152,-0.988,0.243,-0.158,-84.39,HR1204,Failed,District of Columbia Chief Financial Officer Salary Home Rule Act,On Motion to Suspend the Rules and Pass,,Government Operations and Politics
117,House,308,9/29/21,1,309,211,219,0.029,0.018,-0.716,0.091,-0.246,S1301,Failed,Promoting Physical Activity for Americans Act,On Motion to Commit,,Economics and Public Finance
117,House,309,9/29/21,1,310,219,212,-0.066,-0.998,0.482,-0.157,-9.839,S1301,Passed,Promoting Physical Activity for Americans Act,On Passage,,Economics and Public Finance
117,House,310,9/30/21,1,311,254,175,0.273,0.962,0.422,0.125,-52.464,HR5305,Passed,Extending Government Funding and Delivering Emergency Assistance Act,On Motion to Concur in the Senate Amendment,,Economics and Public Finance
117,House,311,9/30/21,1,312,416,9,0,0,0,0,0,HR3533,Passed,"To establish occupational series for Federal positions in software development, software engineering, data science, and data management, and for other purposes","On Motion to Suspend the Rules and Pass, as Amended",,Government Operations and Politics
117,House,312,10/1/21,1,313,365,51,0.293,-0.956,0.217,-0.495,-70.508,HR5434,Passed,Surface Transportation Extension Act,On Motion to Suspend the Rules and Pass,,Transportation and Public Works
117,House,313,10/12/21,1,314,198,223,-0.082,-0.997,-0.404,0.345,-21.815,,Failed,,On Motion to Adjourn,,
117,House,314,10/12/21,1,315,219,206,0.029,0.017,0.716,-0.092,-0.246,HRES716,Passed,"Providing for consideration of H.R. 2119, the Family Violence and Services Improvement Act; H.R. 3110, PUMP for Nursing Mothers Act; H.R. 3992, POJA Act of 2021; relating to consideration of the Senate amendment to the House amendment to S. 1301, Promoting Physical Activity for Americans Act, and for other purposes",On Agreeing to the Resolution,,Congress
117,House,315,10/19/21,1,316,421,3,0,0,0,0,0,HR1029,Passed,Free Veterans from Fees Act,On Motion to Suspend the Rules and Pass,,Public Lands and Natural Resources
117,House,316,10/19/21,1,317,379,51,-0.042,-0.619,0.173,-1.591,-69.757,HR4089,Passed,Darren Drake Act,"On Motion to Suspend the Rules and Pass, as Amended",,Crime and Law Enforcement
117,House,317,10/19/21,1,318,368,56,0.543,-0.223,0.402,-0.811,-45.904,HR4369,Passed,National Centers of Excellence in Advanced and Continuous Pharmaceutical Manufacturing Act,"On Motion to Suspend the Rules and Pass, as Amended",,Health
117,House,318,10/20/21,1,319,412,2,0,0,0,0,0,HR4611,Passed,DHS Software Supply Chain Risk Management Act,"On Motion to Suspend the Rules and Pass, as Amended",,Government Operations and Politics
117,House,319,10/20/21,1,320,380,46,0.494,-0.773,1.003,-1.327,-48.85,HR2379,Passed,State Opiod Response Grant Authorization Act,"On Motion to Suspend the Rules and Pass, as Amended",,Health
117,House,320,10/20/21,1,321,395,30,0.819,0.145,0.705,-1.517,-32.103,HR654,Passed,Drug-Free Communities Pandemic Relief Act,"On Motion to Suspend the Rules and Pass, as Amended",,Health
117,House,321,10/20/21,1,322,397,22,0.792,0.191,0.811,-0.862,-26.591,HR3635,Passed,Strengthening America’s Strategic National Stockpile Act,On Motion to Suspend the Rules and Pass,,Health
117,House,322,10/20/21,1,323,420,4,0,0,0,0,0,HR3919,Passed,Secure Equipment Act,"On Motion to Suspend the Rules and Pass, as Amended",,"Science, Technology, Communications"
117,House,323,10/20/21,1,324,410,17,0.335,-0.942,0.21,-0.868,-30.649,HR4032,Passed,Open RAN Outreach Act,"On Motion to Suspend the Rules and Pass, as Amended",,"Science, Technology, Communications"
117,House,324,10/20/21,1,325,397,29,0.21,-0.978,0.429,-1.633,-38.352,HR4067,Passed,"Communications Security, Reliability, and Interoperability Council Act","On Motion to Suspend the Rules and Pass, as Amended",,"Science, Technology, Communications"
117,House,325,10/20/21,1,326,413,14,0.838,-0.311,0.282,-0.785,-29.762,HR4028,Passed,Information and Communication Technology Strategy Act,"On Motion to Suspend the Rules and Pass, as Amended",,Commerce
117,House,326,10/21/21,1,327,221,206,-0.1,-0.995,0.639,-0.539,-6.567,HRES727,Passed,Relating to the consideration of House Report 117-152 and an accompanying resolution,On Ordering the Previous Question,,Congress
117,House,327,10/21/21,1,328,221,205,-0.1,-0.995,0.638,-0.539,-6.536,HRES727,Passed,Relating to the consideration of House Report 117-152 and an accompanying resolution,On Agreeing to the Resolution,,Congress
117,House,328,10/21/21,1,329,229,202,0.165,0.174,0.304,0.245,-22.548,HRES730,Passed,Recommending that the House of Representatives find Stephen K. Bannon in contempt of Congress for refusal to comply with a subpoena duly issued by the Select Committee to Investigate the January 6th Attack on the United States Capitol,On Agreeing to the Resolution,,Congress
117,House,329,10/22/21,1,330,200,224,-0.255,0.967,-0.492,-0.967,-24.798,HR3110,Failed,PUMP for Nursing Mothers Act,On Motion to Recommit,,Labor and Employment
117,House,330,10/22/21,1,331,276,149,0.49,-0.417,0.377,0.374,-71.999,HR3110,Passed,PUMP for Nursing Mothers Act,On Passage,,Labor and Employment
117,House,331,10/25/21,1,332,391,29,0.518,-0.562,0.435,-1.127,-29.736,HR4111,Passed,Sovereign Debt Contract Capacity Act,On Motion to Suspend the Rules and Pass,,Crime and Law Enforcement
117,House,332,10/25/21,1,333,400,19,0.731,-0.235,0.578,-1.029,-18.804,HR2989,Passed,Financial Transparency Act,"On Motion to Suspend the Rules and Pass, as Amended",,Finance and Financial Sector
117,House,333,10/26/21,1,334,238,189,0.217,0.97,0.347,0.063,-42.06,HR2119,Agreed to,,On Agreeing to the Amendment,,Families
117,House,334,10/26/21,1,335,175,250,-0.361,0.933,-0.326,-1.058,-88.397,HR2119,Failed,,On Agreeing to the Amendment,,Families
117,House,335,10/26/21,1,336,228,200,0.19,0.91,0.767,0.106,-17.658,HR2119,Passed,Family Violence Prevention and Services Improvement Act,On Passage,,Families
117,House,336,10/27/21,1,337,424,3,0,0,0,0,0,S1502,Passed,Confidentiality Opportunities for Peer Support Counseling Act,On Motion to Suspend the Rules and Pass,,Crime and Law Enforcement
117,House,337,10/27/21,1,338,420,3,0,0,0,0,0,S1511,Passed,Protecting America’s First Responders Act,"On Motion to Suspend the Rules and Pass, as Amended",,Crime and Law Enforcement
117,House,338,10/28/21,1,339,358,59,0.468,-0.815,0.162,-0.223,-107.67,HR5763,Passed,Further Surface Transportation Extension Act of 2021,On Motion to Suspend the Rules and Pass,,Transportation and Public Works
117,House,339,11/1/21,1,340,361,55,0.361,-0.932,0.15,-0.309,-100.387,HR1619,Passed,Catawba Indian Nation Lands Act,On Motion to Suspend the Rules and Pass,,Native Americans
117,House,340,11/1/21,1,341,357,59,0.337,-0.942,0.177,-0.341,-95.541,HR2758,Passed,Lumbee Recognition Act,On Motion to Suspend the Rules and Pass,,Native Americans
117,House,341,11/2/21,1,342,397,25,0.649,-0.761,0.187,-0.294,-62.457,HR1975,Passed,Pala Band of Mission Indians Land Transfer Act,On Motion to Suspend the Rules and Pass,,Native Americans
117,House,342,11/2/21,1,343,406,17,0.782,-0.261,1.04,-1.739,-31.426,HR5221,Passed,Urban Indian Health Confer Act,On Motion to Suspend the Rules and Pass,,Native Americans
117,House,343,11/2/21,1,344,399,23,0.824,0.319,0.96,-1.056,-33.775,HR3616,Passed,Bear River National Heritage Area Study Act,On Motion to Suspend the Rules and Pass,,Public Lands and Natural Resources
117,House,344,11/2/21,1,345,425,2,0,0,0,0,0,S108,Passed,"To authorize the Seminole Tribe of Florida to lease or transfer certain land, and for other purposes",On Motion to Suspend the Rules and Pass,,Native Americans
117,House,345,11/2/21,1,346,375,45,0.385,-0.923,0.175,-0.366,-82.117,HR4881,Passed,Old Pascua Community Land Acquisition Act,On Motion to Suspend the Rules and Pass,,Native Americans
117,House,346,11/2/21,1,347,407,16,0.078,-0.997,0.159,-3.397,-59.761,HR2088,Passed,Eastern Band of Cherokee Historic Lands Reacquisition Act,"On Motion to Suspend the Rules and Pass, as Amended",,Native Americans
117,House,347,11/2/21,1,348,418,2,0,0,0,0,0,HR3469,Passed,Veteran Entrepreneurship Training Act of 2021,On Motion to Suspend the Rules and Pass,,Commerce
117,House,348,11/2/21,1,349,413,10,0,0,0,0,0,HR4256,Passed,Investing in Main Street Act of 2021,"On Motion to Suspend the Rules and Pass, as Amended",,Commerce
117,House,349,11/2/21,1,350,423,0,0,0,0,0,0,HR3462,Passed,SBA Cyber Awareness Act,On Motion to Suspend the Rules and Pass,,X
117,House,350,11/2/21,1,351,407,9,0,0,0,0,0,HR4481,Passed,Small Business 7(a) Loan Agent Transparency Act,On Motion to Suspend the Rules and Pass,,Commerce
117,House,351,11/2/21,1,352,411,9,0,0,0,0,0,HR4531,Passed,7(a) Loan Agent Oversight Act,On Motion to Suspend the Rules and Pass,,Commerce
117,House,352,11/2/21,1,353,409,14,-0.39,-0.921,0.018,-1.901,-35.058,HR4515,Passed,Small Business Development Center Cyber Training Act of 2021,On Motion to Suspend the Rules and Pass,,Commerce
117,House,353,11/3/21,1,354,387,35,-0.504,-0.393,-0.186,-0.771,-65.285,S1064,Passed,RENACER Act,On Motion to Suspend the Rules and Pass,,International Affairs
117,House,354,11/3/21,1,355,382,40,-0.146,-0.781,-0.199,-0.867,-56.298,HRES760,Passed,"Expressing solidarity with Cuban citizens demonstrating peacefully for fundamental freedoms, condemning the Cuban regime’s acts of repression, and calling for the immediate release of arbitrarily detained Cuban citizens",On Motion to Suspend the Rules and Agree,,International Affairs
117,House,355,11/4/21,1,356,225,201,0.132,0.927,0.734,0.356,-17.162,HR3992,Agreed to,,On Agreeing to the Amendment,,Labor and Employment
117,House,356,11/4/21,1,357,197,228,-0.263,0.926,-0.497,-1.157,-35.561,HR3992,Failed,,On Agreeing to the Amendment,,Labor and Employment
117,House,357,11/4/21,1,358,224,200,0.125,0.574,0.713,0.608,-15.2,HR3992,Passed,Protect Older Job Applicants Act of 2021,On Passage,,Labor and Employment
117,House,358,11/4/21,1,359,409,16,0.582,-0.814,0.826,-1.615,-25.795,HR1917,Passed,Hazard Eligibility and Local Projects Act,On Motion to Suspend the Rules and Pass,,Emergency Management
117,House,359,11/4/21,1,360,383,41,0.563,-0.531,0.251,-0.402,-53.354,HR1339,Passed,Advanced Air Mobility Coordination and Leadership Act,"On Motion to Suspend the Rules and Pass, as Amended",,Transportation and Public Works
117,House,360,11/4/21,1,361,410,16,0.883,0.114,0.347,-0.47,-32.773,HR3193,Passed,E-BRIDGE Act,"On Motion to Suspend the Rules and Pass, as Amended",,"Science, Technology, Communications"
117,House,361,11/4/21,1,362,402,11,0.229,-0.974,0.269,-1.544,-19.393,HR3709,Passed,Preliminary Damage Assessment Improvement Act,On Motion to Suspend the Rules and Pass,,Emergency Management
117,House,362,11/4/21,1,363,416,4,0,0,0,0,0,HR2220,Passed,"To amend title 40, United States Code, to modify the treatment of certain bargain-price options to purchase at less than fair market value, and for other purposes",On Motion to Suspend the Rules and Pass,,Government Operations and Politics
117,House,363,11/4/21,1,364,422,2,0,0,0,0,0,HR390,Passed,"To redesignate the Federal building located at 167 North Main Street in Memphis, Tennessee as the “Odell Horton Federal Building”",On Motion to Suspend the Rules and Pass,,Government Operations and Politics
117,House,364,11/4/21,1,365,409,14,0.276,-0.837,0.27,-1.628,-22.708,HR4679,Passed,"To designate the Federal building located at 1200 New Jersey Avenue Southeast in Washington, DC, as the “Norman Yoshio Mineta Federal Building”",On Motion to Suspend the Rules and Pass,,Crime and Law Enforcement
117,House,365,11/4/21,1,366,416,4,0,0,0,0,0,HR4660,Passed,"To designate the Federal Building and United States Courthouse located at 1125 Chapline Street in Wheeling, West Virginia, as the “Frederick P. Stamp, Jr. Federal Building and United States Courthouse”",On Motion to Suspend the Rules and Pass,,Government Operations and Politics
117,House,366,11/5/21,1,367,207,219,0.03,0.029,-0.716,0.082,-0.247,,Failed,,On Motion to Adjourn,,
117,House,367,11/5/21,1,368,215,212,0.029,0.073,0.714,-0.157,-0.235,HRES774,Passed,Providing for consideration of the bill (H.R. 5376) to provide for reconciliation pursuant to title II of S. Con Res. 14; and for other purposes,On Consideration of the Resolution,,Congress
117,House,368,11/5/21,1,369,228,206,0.273,0.962,0.327,-0.227,-42.129,HR3684,Passed,INVEST in America Act,On Motion to Concur in the Senate Amendment,,Transportation and Public Works
117,House,369,11/5/21,1,370,228,205,0.213,0.014,0.704,0.259,-15.082,HR3684,Passed,INVEST in America Act,Table Motion to Reconsider,,Transportation and Public Works
117,House,370,11/6/21,1,371,221,213,0.029,0.019,0.716,-0.09,-0.246,HRES774,Passed,Providing for consideration of the bill (H.R. 5376) to provide for reconciliation pursuant to title II of S. Con Res. 14; and for other purposes,On Ordering the Previous Question,,Congress
117,House,371,11/6/21,1,372,221,213,0.029,0.019,0.716,-0.09,-0.246,HRES774,Passed,Providing for consideration of the bill (H.R. 5376) to provide for reconciliation pursuant to title II of S. Con Res. 14; and for other purposes,On Agreeing to the Resolution,,Congress
117,House,372,11/15/21,1,373,424,0,0,0,0,0,0,S1095,Passed,Colonel John M. McHugh Tuition Fairness for Survivors Act,On Motion to Suspend the Rules and Pass,,X
117,House,373,11/16/21,1,374,414,9,0,0,0,0,0,S796,Passed,Protecting Moms Who Served Act,On Motion to Suspend the Rules and Pass,,Armed Forces and National Security
117,House,374,11/16/21,1,375,420,4,0,0,0,0,0,HR4233,Passed,Student Veterans Counseling Centers Eligibility Act,On Motion to Suspend the Rules and Pass,,Armed Forces and National Security
117,House,375,11/16/21,1,376,427,0,0,0,0,0,0,HR147,Passed,BRAVE Act,"On Motion to Suspend the Rules and Pass, as Amended",,X
117,House,376,11/17/21,1,377,221,207,-0.099,-0.994,0.657,-0.55,-6.549,HRES795,Passed,Providing for consideration of the resolution (H.Res. 789) censuring Representative Paul Gosar,On Ordering the Previous Question,,Congress
117,House,377,11/17/21,1,378,222,208,-0.099,-0.993,0.658,-0.55,-6.549,HRES795,Passed,Providing for consideration of the resolution (H.Res. 789) censuring Representative Paul Gosar,On Agreeing to the Resolution,,Congress
117,House,378,11/17/21,1,379,223,207,-0.096,-0.967,0.661,-0.566,-6.424,HRES789,Passed,Censuring Representative Paul Gosar,On Agreeing to the Resolution,,Congress
117,House,379,11/18/21,1,380,420,4,0,0,0,0,0,HR3730,Passed,"To amend title 38, United States Code, to establish in the Department of Veterans Affairs an Advisory Committee on United States Outlying Areas and Freely Associated States, and for other purposes","On Motion to Suspend the Rules and Pass, as Amended",,Armed Forces and National Security
117,House,380,11/18/21,1,381,369,49,0.283,-0.959,0.249,-0.583,-65.051,HR5574,Passed,TRANSLATE Act,"On Motion to Suspend the Rules and Pass, as Amended",,Transportation and Public Works
117,House,381,11/18/21,1,382,220,210,0.03,0.017,0.716,-0.094,-0.247,HRES803,Passed,Providing for further consideration of the bill (H.R. 5376) to provide for reconciliation pursuant to title II of S. Con. Res. 14,On Ordering the Previous Question,,Congress
117,House,382,11/18/21,1,383,220,211,0.03,0.017,0.716,-0.094,-0.247,HRES803,Passed,Providing for further consideration of the bill (H.R. 5376) to provide for reconciliation pursuant to title II of S. Con. Res. 14,On Agreeing to the Resolution,,Congress
117,House,383,11/19/21,1,384,208,220,0.03,0.016,-0.716,0.094,-0.247,HR5376,Failed,Build Back Better Act,On Motion to Recommit,,Economics and Public Finance
117,House,384,11/19/21,1,385,220,213,-0.035,0.191,0.702,0.355,-2.003,HR5376,Passed,Build Back Better Act,On Passage,,Economics and Public Finance
117,House,385,11/19/21,1,386,217,105,0.04,0.017,0.716,-0.091,-0.221,HR5376,Passed,Build Back Better Act,Table Motion to Reconsider,,Economics and Public Finance
117,House,386,11/30/21,1,387,399,28,0.785,-0.125,0.269,-0.733,-50.252,HR4026,Passed,Social Determinants of Health Data Analysis Act,On Motion to Suspend the Rules and Pass,,Health
117,House,387,11/30/21,1,388,294,130,0.168,-0.986,0.215,-0.275,-105.652,HR550,Passed,Immunization Infrastructure Modernization Act,"On Motion to Suspend the Rules and Pass, as Amended",,Health
117,House,388,12/1/21,1,389,404,19,0.655,-0.476,0.698,-2.377,-36.068,HR2685,Passed,Understanding Cybersecurity of Mobile Networks Act,"On Motion to Suspend the Rules and Pass, as Amended",,"Science, Technology, Communications"
117,House,389,12/1/21,1,390,394,27,0.462,-0.79,0.594,-1.411,-32.974,HR4045,Passed,FUTURE Networks Act,"On Motion to Suspend the Rules and Pass, as Amended",,"Science, Technology, Communications"
117,House,390,12/1/21,1,391,408,17,0.861,0.509,0.562,-0.494,-22.825,HR4055,Passed,American Cybersecurity Literacy Act,"On Motion to Suspend the Rules and Pass, as Amended",,"Science, Technology, Communications"
117,House,391,12/1/21,1,392,422,4,0,0,0,0,0,HR5720,Passed,Courthouse Ethics and Transparency Act,"On Motion to Suspend the Rules and Pass, as Amended",,Law
117,House,392,12/1/21,1,393,302,127,0.51,0.86,0.208,-0.088,-131.808,HR4352,Passed,"To amend the Act of June18, 1934, to reaffirm the authority of the Secretary of the Interior to take land into trust for Indian Tribes, and for other purposes",On Motion to Suspend the Rules and Pass,,Native Americans
117,House,393,12/2/21,1,394,200,224,0.121,-0.211,-0.28,0.056,-24.996,,Failed,,On Motion to Adjourn,,
117,House,394,12/2/21,1,395,218,209,0.03,0.019,0.716,-0.114,-0.239,HRES829,Passed,"Providing for consideration of H.R. 6119, making further continuing appropriations for the fiscal year ending September 30, 2022; and for other purposes",On Ordering the Previous Question,,Congress
117,House,395,12/2/21,1,396,219,208,0.03,0.01,0.716,-0.102,-0.241,HRES829,Passed,"Providing for consideration of H.R. 6119, making further continuing appropriations for the fiscal year ending September 30, 2022; and for other purposes",On Agreeing to the Resolution,,Congress
117,House,396,12/2/21,1,397,217,202,0.031,0.004,0.716,-0.107,-0.234,HRES829,Passed,"Providing for consideration of H.R. 6119, making further continuing appropriations for the fiscal year ending September 30, 2022; and for other purposes",Table Motion to Reconsider,,Congress
117,House,397,12/2/21,1,398,211,219,0.03,0.016,-0.716,0.096,-0.247,HR6119,Failed,Further Extending Government Funding Act,On Motion to Recommit,,Economics and Public Finance
117,House,398,12/2/21,1,399,221,212,0.049,-0.217,0.69,-0.51,-3.326,HR6119,Passed,Further Extending Government Funding Act,On Passage,,Economics and Public Finance
117,House,399,12/2/21,1,400,217,209,0.029,0.016,0.716,-0.098,-0.245,HR6119,Passed,Further Extending Government Funding Act,Table Motion to Reconsider,,Economics and Public Finance
117,House,400,12/2/21,1,401,364,57,0.459,-0.653,0.174,-0.315,-88.194,HR2930,Passed,Safeguard Tribal Objects of Patrimony Act of 2021,"On Motion to Suspend the Rules and Pass, as Amended",,Native Americans
117,House,401,12/7/21,1,402,218,210,0.03,0.009,0.716,-0.101,-0.241,HRES838,Passed,Providing for consideration of the bill (H.R. 5314) Protecting Our Democracy Act; providing for consideration of the bill (S. 1605) to designate the National Pulse Memorial; and providing for consideration of the bill (S. 610) to address behavioral health and well-being among health care professionals,On Ordering the Previous Question,,Congress
117,House,402,12/7/21,1,403,219,213,0.03,0.015,0.716,-0.095,-0.248,HRES838,Passed,Providing for consideration of the bill (H.R. 5314) Protecting Our Democracy Act; providing for consideration of the bill (S. 1605) to designate the National Pulse Memorial; and providing for consideration of the bill (S. 610) to address behavioral health and well-being among health care professionals,On Agreeing to the Resolution,,Congress
117,House,403,12/7/21,1,404,222,212,0.05,-0.209,0.689,-0.513,-3.325,S610,Passed,Dr. Lorna Breen Health Care Provider Protection Act,On Passage,,Health
117,House,404,12/7/21,1,405,363,70,0.145,-0.376,-0.031,-1.649,-105.078,S1605,Passed,"To designate the National Pulse Memorial located at 1912 South Orange Avenue in Orlando, Florida, and for other purposes",On Passage,,Armed Forces and National Security
117,House,405,12/8/21,1,406,364,60,0.168,-0.889,0.124,-0.444,-108.316,HR4996,Passed,Ocean Shipping Reform Act of 2021,"On Motion to Suspend the Rules and Pass, as Amended",,Transportation and Public Works
117,House,406,12/8/21,1,407,415,9,0,0,0,0,0,HR4616,Passed,Adjustable Interest Rate (LIBOR) Act,"On Motion to Suspend the Rules and Pass, as Amended",,Finance and Financial Sector
117,House,407,12/8/21,1,408,418,9,0,0,0,0,0,HR5290,Passed,To extend authorization for livestock mandatory reporting,On Motion to Suspend the Rules and Pass,,Agriculture and Food
117,House,408,12/8/21,1,409,411,13,0.458,-0.889,0.618,-2.622,-33.147,HR5609,Passed,Cattle Contract Library Act,On Motion to Suspend the Rules and Pass,,Agriculture and Food
117,House,409,12/8/21,1,410,385,42,0.616,-0.788,1.391,-1.208,-80.06,HR4489,Passed,National Forest Restoration and Remediation Act,"On Motion to Suspend the Rules and Pass, as Amended",,Public Lands and Natural Resources
117,House,410,12/8/21,1,411,393,33,0.306,-0.952,0.704,-2.043,-49.714,HR5608,Passed,Chronic Wasting Disease Research and Management Act,On Motion to Suspend the Rules and Pass,,Animals
117,House,411,12/8/21,1,412,428,1,0,0,0,0,0,HR1155,Passed,Uyghur Forced Labor Prevention Act,"On Motion to Suspend the Rules and Pass, as Amended",,International Affairs
117,House,412,12/8/21,1,413,428,0,0,0,0,0,0,HRES837,Passed,Expressing the sense of the House of Representatives that the International Olympic Committee failed to adhere to its own human rights commitments,"On Motion to Suspend the Rules and Agree, as Amended",,X
117,House,413,12/8/21,1,414,427,1,0,0,0,0,0,HRES317,Passed,Condemning the ongoing genocide and crimes against humanity being committed against Uyghurs and members of other religious and ethnic minority groups by the People’s Republic of China,"On Motion to Suspend the Rules and Agree, as Amended",,International Affairs
117,House,414,12/8/21,1,415,423,3,0,0,0,0,0,HR3537,Passed,Accelerating Access to Critical Therapies for ALS Act,"On Motion to Suspend the Rules and Pass, as Amended",,Health
117,House,415,12/8/21,1,416,408,18,0.338,-0.754,0.29,-1.612,-27.657,HR5487,Passed,SHINE for Autumn Act,"On Motion to Suspend the Rules and Pass, as Amended",,Health
117,House,416,12/8/21,1,417,410,17,0.562,-0.581,0.382,-1.49,-19.306,HR5561,Passed,Early Hearing Detection and Intervention Act,"On Motion to Suspend the Rules and Pass, as Amended",,Health
117,House,417,12/8/21,1,418,405,20,0.746,-0.378,0.237,-0.984,-39.48,HR5551,Passed,Improving the Health of Children Act,"On Motion to Suspend the Rules and Pass, as Amended",,Health
117,House,418,12/8/21,1,419,392,36,0.49,-0.489,0.444,-1.372,-33.867,HR1667,Passed,Dr. Lorna Breen Health Care Provider Protection Act,"On Motion to Suspend the Rules and Pass, as Amended",,Health
117,House,419,12/8/21,1,420,369,58,0.37,-0.929,0.363,-0.577,-62.141,HR4555,Passed,Oral Health Literacy and Awareness Act of 2021,On Motion to Suspend the Rules and Pass,,Health
117,House,420,12/8/21,1,421,386,41,0.401,-0.916,0.974,-2.043,-60.182,HR5119,Passed,To amend title VI of the Social Security Act to extend the coverage of Coronavirus Relief Fund payments to Tribal Governments,"On Motion to Suspend the Rules and Pass, as Amended",,Native Americans
117,House,421,12/8/21,1,422,410,15,0.513,-0.858,0.248,-0.706,-28.312,HR2355,Passed,Opiod Prescription Verification Act,"On Motion to Suspend the Rules and Pass, as Amended",,Health
117,House,422,12/8/21,1,423,411,14,0.677,-0.512,0.495,-1.269,-18.269,HR2364,Passed,Synthetic Opiod Danger Awareness Act,"On Motion to Suspend the Rules and Pass, as Amended",,Health
117,House,423,12/8/21,1,424,374,52,0.742,0.15,0.256,-0.545,-75.256,HR3743,Passed,Supporting the Foundation for the National Institutes of Health and the Reagan-Udall Foundation for the Food and Drug Administration Act,On Motion to Suspend the Rules and Pass,,Health
117,House,424,12/8/21,1,425,378,48,0.554,-0.833,0.956,-0.631,-53.245,HR3894,Passed,CARING for Social Determinants Act,"On Motion to Suspend the Rules and Pass, as Amended",,Health
117,House,425,12/8/21,1,426,395,30,0.571,-0.821,0.282,-0.364,-47.368,HR897,Passed,Agua Calinete Land Exchange Fee to Trust Confirmation Act,"On Motion to Suspend the Rules and Pass, as Amended",,Native Americans
117,House,426,12/8/21,1,427,373,52,0.535,-0.845,0.428,-0.308,-55.318,HR2074,Passed,Indian Buffalo Management Act,"On Motion to Suspend the Rules and Pass, as Amended",,Native Americans
117,House,427,12/8/21,1,428,425,1,0,0,0,0,0,HR3531,Passed,Women Who Worked on the Home Front World War II Memorial Act,"On Motion to Suspend the Rules and Pass, as Amended",,Public Lands and Natural Resources
117,House,428,12/8/21,1,429,417,8,0,0,0,0,0,HR4706,Passed,Blackwell School National Historic Site Act,On Motion to Suspend the Rules and Pass,,Public Lands and Natural Resources
117,House,429,12/8/21,1,430,414,1,0,0,0,0,0,HR5677,Passed,"To make technical amendments to update statutory references to certain provisions classified to title 2, United States Code, title 50, United States Code, and title 52, United States Code",On Motion to Suspend the Rules and Pass,,Government Operations and Politics
117,House,430,12/8/21,1,431,418,2,0,0,0,0,0,HR5679,Passed,"To make technical amendments to update statutory references to certain provisions classified to title 7, title 20, and title 43, United States Code",On Motion to Suspend the Rules and Pass,,Government Operations and Politics
117,House,431,12/8/21,1,432,415,5,0,0,0,0,0,HR5695,Passed,"To make technical amendments to update statutory references to certain provisions which were formerly classified to chapters 14 and 19 of title 25, United States Code",On Motion to Suspend the Rules and Pass,,Native Americans
117,House,432,12/8/21,1,433,415,5,0,0,0,0,0,HR5705,Passed,"To make technical amendments to update statutory references to provisions reclassified to title 34, United States Code",On Motion to Suspend the Rules and Pass,,Crime and Law Enforcement
117,House,433,12/8/21,1,434,413,3,0,0,0,0,0,HR5961,Passed,"To make revisions in title 5, United States Code, as necessary to keep the title current, and to make technical amendments to improve the United States Code",On Motion to Suspend the Rules and Pass,,Government Operations and Politics
117,House,434,12/8/21,1,435,411,7,0,0,0,0,0,HR5982,Passed,"To make revisions in title 51, United States Code, as necessary to keep the title current, and to make technical amendments to improve the United States Code",On Motion to Suspend the Rules and Pass,,"Science, Technology, Communications"
117,House,435,12/9/21,1,436,218,211,0.029,0.012,0.716,-0.096,-0.24,HR5314,Agreed to,,On Agreeing to the Amendment,,Government Operations and Politics
117,House,436,12/9/21,1,437,211,218,-0.141,0.99,-0.467,-0.519,-9.942,HR5314,Failed,,On Agreeing to the Amendment,,Government Operations and Politics
117,House,437,12/9/21,1,438,196,233,-0.213,0.265,0.327,0.696,-45.898,HR5314,Failed,,On Agreeing to the Amendment,,Government Operations and Politics
117,House,438,12/9/21,1,439,212,217,0.029,0.012,-0.716,0.096,-0.24,HR5314,Failed,Protecting Our Democracy Act,On Motion to Recommit,,Government Operations and Politics
117,House,439,12/9/21,1,440,220,208,0.049,-0.212,0.688,-0.517,-3.32,HR5314,Passed,Protecting Our Democracy Act,On Passage,,Government Operations and Politics
117,House,440,12/14/21,1,441,218,209,-0.095,-0.865,0.661,-0.63,-6.395,HRES848,Passed,Relating to the consideration of House Report 117-216 and an accompanying resolution,On Ordering the Previous Question,,Congress
117,House,441,12/14/21,1,442,220,210,-0.094,-0.858,0.66,-0.632,-6.397,HRES848,Passed,Relating to the consideration of House Report 117-216 and an accompanying resolution,On Agreeing to the Resolution,,Congress
117,House,442,12/14/21,1,443,220,210,0.03,0.013,0.716,-0.098,-0.248,HRES849,Passed,"Providing for consideration of the (H.R. 5665) to establish in the Department of State the Office to Monitor and Combat Islamophobia, and for other purposes",On Ordering the Previous Question,,Congress
117,House,443,12/14/21,1,444,219,213,-0.034,0.074,0.717,0.239,-3.734,HRES849,Passed,"Providing for consideration of the (H.R. 5665) to establish in the Department of State the Office to Monitor and Combat Islamophobia, and for other purposes",On Agreeing to the Resolution,,Congress
117,House,444,12/14/21,1,445,220,212,0.03,0.012,0.716,-0.1,-0.248,HRES852,Passed,Providing for consideration of the joint resolution (S.J.Res.33) joint resolution relating to increasing the debt limit,On Ordering the Previous Question,,Congress
117,House,445,12/14/21,1,446,220,212,0.03,0.012,0.716,-0.1,-0.248,HRES852,Passed,Providing for consideration of the joint resolution (S.J.Res.33) joint resolution relating to increasing the debt limit,On Agreeing to the Resolution,,Congress
117,House,446,12/14/21,1,447,222,208,-0.087,-0.857,0.664,-0.62,-6.386,HRES851,Passed,Recommending that the House of Representatives find Mark Randall Meadows in contempt of Congress for refusal to comply with a subpoena duly issued by the Select Committee to Investigate the January 6th Attack on the United States Capitol,On Agreeing to the Resolution,,Congress
117,House,447,12/14/21,1,448,219,212,0.029,0.01,0.716,-0.099,-0.24,HR5665,Passed,Combating International Islamophobia Act,On Passage,,International Affairs
117,House,448,12/15/21,1,449,221,209,0.053,-0.186,0.687,-0.526,-3.323,SJRES33,Passed,Joint resolution relating to increasing the debt limit,On Passage,,Economics and Public Finance
117,House,449,1/11/22,2,2,219,203,0.03,0.012,0.716,-0.1,-0.248,HRES860,Passed,Providing for consideration of the bill (H.R. 1836) Guard and Reserve GI Bill Parity Act; providing for consideration of the bill (H.R. 4673) Ensuring Veterans’ Smooth Transition Act; and for other purposes,On Ordering the Previous Question,,Congress
117,House,450,1/11/22,2,3,219,203,0.03,0.012,0.716,-0.1,-0.248,HRES860,Passed,Providing for consideration of the bill (H.R. 1836) Guard and Reserve GI Bill Parity Act; providing for consideration of the bill (H.R. 4673) Ensuring Veterans’ Smooth Transition Act; and for other purposes,On Agreeing to the Resolution,,Congress
117,House,451,1/12/22,2,4,198,225,-0.056,0.998,-0.38,-0.405,-21.692,HR1836,Failed,,On Agreeing to the Amendment,,Armed Forces and National Security
117,House,452,1/12/22,2,5,204,219,0.03,0.012,-0.716,0.1,-0.248,HR1836,Failed,Guard and Reserve GI Bill Parity Act,On Motion to Recommit,,Armed Forces and National Security
117,House,453,1/12/22,2,6,287,135,0.329,-0.944,0.212,-0.071,-111.227,HR1836,Passed,Guard and Reserve GI Bill Parity Act,On Passage,,Armed Forces and National Security
117,House,454,1/12/22,2,7,220,201,0.03,0.013,0.716,-0.101,-0.248,HRES868,Passed,"Providing for consideration of the Senate amendment to the bill (H.R. 5746) to amend title 51, United States Code, to extend the authority of the National Aeronautics and Space Administration to enter into leases of non-excess property of the Adminstration",On Ordering the Previous Question,,Congress
117,House,455,1/12/22,2,8,220,202,0.03,0.013,0.716,-0.101,-0.248,HRES868,Passed,"Providing for consideration of the Senate amendment to the bill (H.R. 5746) to amend title 51, United States Code, to extend the authority of the National Aeronautics and Space Administration to enter into leases of non-excess property of the Adminstration",On Agreeing to the Resolution,,Congress
117,House,456,1/13/22,2,9,220,203,0.03,0.012,0.716,-0.1,-0.248,HR5746,Passed,NASA Enhanced Use Leasing Extension Act of 2021,On Motion to Concur in the Senate Amendment With An Amendment,,Government Operations and Politics
117,House,457,1/18/22,2,10,414,6,0,0,0,0,0,S2959,Passed,Supplemental Impact Aid Flexibility Act,On Motion to Suspend the Rules and Pass,,Education
117,House,458,1/19/22,2,11,426,0,0,0,0,0,0,S452,Passed,Willie O’Ree Congressional Gold Medal Act,On Motion to Suspend the Rules and Pass,,X
117,House,459,1/20/22,2,12,228,198,0.085,0.996,0.466,0.302,-21.327,HR4673,Agreed to,,On Agreeing to the Amendment,,Armed Forces and National Security
117,House,460,1/20/22,2,13,206,221,0.03,0.013,-0.716,0.099,-0.248,HR4673,Failed,EVEST Act,On Motion to Recommit,,Armed Forces and National Security
117,House,461,1/20/22,2,14,265,163,0.247,0.969,0.317,0.194,-75.748,HR4673,Passed,EVEST Act,On Passage,,Armed Forces and National Security
117,House,462,2/1/22,2,15,421,0,0,0,0,0,0,HR5577,Passed,"To designate the facility of the United States Postal Service located at 3900 Crown Road Southwest in Atlanta, Georgia, as the “John R. Lewis Post Office Building”",On Motion to Suspend the Rules and Pass,,X
117,House,463,2/2/22,2,16,219,205,0.03,0.004,0.716,-0.107,-0.241,HRES900,Passed,Providing for consideration of the bill (H.R. 3485) Global Respect Act; providing for consideration of the bill (H.R. 4445) Ending Forced Arbitration of Sexual Assault and Sexual Harassment Act; and providing for consideration of the bill (H.R. 4521) Bioeconomy Research and Development Act,On Ordering the Previous Question,,Congress
117,House,464,2/2/22,2,17,219,203,0.113,-0.377,0.646,0.742,-5.074,HRES900,Passed,Providing for consideration of the bill (H.R. 3485) Global Respect Act; providing for consideration of the bill (H.R. 4445) Ending Forced Arbitration of Sexual Assault and Sexual Harassment Act; and providing for consideration of the bill (H.R. 4521) Bioeconomy Research and Development Act,On Agreeing to the Resolution,,Congress
117,House,465,2/3/22,2,18,221,211,-0.024,0.332,0.64,0.835,-3.84,HR4521,Agreed to,,On Agreeing to the Amendment,,"Science, Technology, Communications"
117,House,466,2/3/22,2,19,262,168,0.352,0.936,0.231,-0.057,-98.208,HR4521,Agreed to,,On Agreeing to the Amendment,,"Science, Technology, Communications"
117,House,467,2/3/22,2,20,204,225,-0.121,0.993,-0.614,-0.854,-12.741,HR4521,Failed,,On Agreeing to the Amendment,,"Science, Technology, Communications"
117,House,468,2/3/22,2,21,181,248,-0.09,-0.319,0.691,1.304,-53.662,HR4521,Failed,,On Agreeing to the Amendment,,"Science, Technology, Communications"
117,House,469,2/3/22,2,22,216,214,0.156,-0.331,0.318,0.609,-26.826,HR4521,Agreed to,,On Agreeing to the Amendment,,"Science, Technology, Communications"
117,House,470,2/3/22,2,23,264,163,-0.511,0.859,-0.247,-0.397,-136.352,HR4521,Agreed to,,On Agreeing to the Amendment,,"Science, Technology, Communications"
117,House,471,2/3/22,2,24,367,59,0.225,-0.866,0.134,-0.428,-103.497,HR4521,Agreed to,,On Agreeing to the Amendment,,"Science, Technology, Communications"
117,House,472,2/3/22,2,25,175,255,-0.316,0.42,0.407,0.47,-63.248,HR4521,Failed,,On Agreeing to the Amendment,,"Science, Technology, Communications"
117,House,473,2/3/22,2,26,279,153,-0.484,0.759,-0.299,-0.446,-113.256,HR4521,Agreed to,,On Agreeing to the Amendment,,"Science, Technology, Communications"
117,House,474,2/3/22,2,27,196,235,0.102,0.963,-0.354,-0.256,-35.034,HR4521,Failed,,On Agreeing to the Amendment,,"Science, Technology, Communications"
117,House,475,2/4/22,2,28,265,166,-0.43,0.903,-0.221,-0.243,-144.656,HR4521,Agreed to,,On Agreeing to the Amendment,,"Science, Technology, Communications"
117,House,476,2/4/22,2,29,238,193,0.217,0.802,0.193,-0.039,-88.782,HR4521,Agreed to,,On Agreeing to the Amendment,,"Science, Technology, Communications"
117,House,477,2/4/22,2,30,211,221,0.03,0.014,-0.716,0.1,-0.248,HR4521,Failed,Bioeconomy Research and Development Act,On Motion to Recommit,,"Science, Technology, Communications"
117,House,478,2/4/22,2,31,222,210,-0.084,-0.996,0.879,-0.455,-7.445,HR4521,Passed,Bioeconomy Research and Development Act,On Passage,,"Science, Technology, Communications"
117,House,479,2/7/22,2,32,427,0,0,0,0,0,0,HR4445,Agreed to,,On Agreeing to the Amendment,,Law
117,House,480,2/7/22,2,33,335,97,0.276,0.961,0.19,0.309,-130.424,HR4445,Passed,Ending Forced Arbitration of Sexual Assualt and Sexual Harassment Act,On Passage,,Law
117,House,481,2/7/22,2,34,426,5,0,0,0,0,0,S583,Passed,PRICE Act,On Motion to Suspend the Rules and Pass,,Government Operations and Politics
117,House,482,2/8/22,2,35,221,205,0.03,0.006,0.716,-0.107,-0.241,HRES912,Passed,"Providing for consideration the bill (H.R. 3076) Postal Service Reform Act; providing for consideration of the bill (H.R. 6617) Further Additional Continuing Appropriations Act, 2022; and for other purposes",On Ordering the Previous Question,,Congress
117,House,483,2/8/22,2,36,221,211,0.03,0.006,0.716,-0.107,-0.241,HRES912,Passed,"Providing for consideration the bill (H.R. 3076) Postal Service Reform Act; providing for consideration of the bill (H.R. 6617) Further Additional Continuing Appropriations Act, 2022; and for other purposes",On Agreeing to the Resolution,,Congress
117,House,484,2/8/22,2,37,432,0,0,0,0,0,0,S566,Passed,"To designate the facility of the United States Postal Service located at 42 Main Street in Slatersville, Rhode Island, as the “Specialist Matthew R. Turcotte Post Office”",On Motion to Suspend the Rules and Pass,,Government Operations and Politics
117,House,485,2/8/22,2,38,342,92,0.451,-0.893,0.304,-0.163,-93.441,HR3076,Passed,Postal Service Reform Act,On Passage,,Government Operations and Politics
117,House,486,2/8/22,2,39,272,162,0.176,-0.623,0.222,-0.241,-88.202,HR6617,Passed,Further Additional Continuing Appropriations Act,On Passage,,Economics and Public Finance
117,House,487,2/8/22,2,40,428,1,0,0,0,0,0,HR2324,Passed,"To designate the facility of the United States Postal Service located at 2800 South Adams Street in Tallahassee, Florida, as the “D. Edwina Stephens Post Office”",On Motion to Suspend the Rules and Pass,,Government Operations and Politics
117,House,488,2/8/22,2,41,422,4,0,0,0,0,0,HR735,Passed,"To designate the facility of the United States Postal Service located at 502 East Cotati Avenue in Cotati, California, as the “Arthur Luis Ibleto Post Office Building”","On Motion to Suspend the Rules and Pass, as Amended",,Government Operations and Politics
117,House,489,2/9/22,2,42,223,207,0.129,0.035,0.689,0.475,-3.032,HR3485,Agreed to,,On Agreeing to the Amendment,,International Affairs
117,House,490,2/9/22,2,43,227,206,0.188,0.279,0.716,0.085,-11.352,HR3485,Passed,Global Respect Act,On Passage,,International Affairs
117,House,491,2/9/22,2,44,417,1,0,0,0,0,0,HR3539,Passed,To designate the “Atanasio Taitano Perez Post Office”,On Motion to Suspend the Rules and Pass,,Government Operations and Politics
117,House,492,2/9/22,2,45,245,167,0.194,0.981,0.273,0.148,-65.866,HR2842,Failed,To designate the “Lynn C. Woolsey Post Office Building”,On Motion to Suspend the Rules and Pass,,Government Operations and Politics
117,House,493,2/28/22,2,46,422,0,0,0,0,0,0,S321,Passed,Six Triple Eight Congressional Gold Medal Act,On Motion to Suspend the Rules and Pass,,X
117,House,494,2/28/22,2,47,422,3,0,0,0,0,0,HR55,Passed,Emmett Till Antilynching Act,"On Motion to Suspend the Rules and Pass, as Amended",,Crime and Law Enforcement
117,House,495,2/28/22,2,48,235,188,0.209,0.978,0.517,0.116,-29.235,HR2116,Failed,Creating a Respectful and Open World for Natural Hair Act,"On Motion to Suspend the Rules and Pass, as Amended",,"Civil Rights and Liberties, Minority Issues"
117,House,496,3/1/22,2,49,221,202,-0.142,0.99,0.625,0.708,-5.535,HRES950,Passed,"Providing for consideration of H.R. 3967, the Honoring our Promise to Address Comprehensive Toxics Act of 2021",On Ordering the Previous Question,,Congress
117,House,497,3/1/22,2,50,220,200,0.03,0.002,0.716,-0.11,-0.241,HRES950,Passed,"Providing for consideration of H.R. 3967, the Honoring our Promise to Address Comprehensive Toxics Act of 2021",On Agreeing to the Resolution,,Congress
117,House,498,3/2/22,2,51,426,3,0,0,0,0,0,HRES956,Passed,Supporting the people of Ukraine,On Motion to Suspend the Rules and Agree,,International Affairs
117,House,499,3/2/22,2,52,331,96,0.496,-0.868,0.286,-0.056,-101.556,HR3967,Agreed to,,On Agreeing to the Amendment,,Armed Forces and National Security
117,House,500,3/2/22,2,53,203,223,-0.198,0.98,-0.548,-0.88,-13.691,HR3967,Failed,,On Agreeing to the Amendment,,Armed Forces and National Security
117,House,501,3/2/22,2,54,425,0,0,0,0,0,0,HR3967,Agreed to,,On Agreeing to the Amendment,,Armed Forces and National Security
117,House,502,3/3/22,2,55,425,0,0,0,0,0,0,HR3967,Agreed to,,On Agreeing to the Amendment,,Armed Forces and National Security
117,House,503,3/3/22,2,56,348,78,0.411,0.804,0.316,0.389,-99.493,HR3967,Agreed to,,On Agreeing to the Amendment,,Armed Forces and National Security
117,House,504,3/3/22,2,57,256,174,0.035,0.999,0.302,0.463,-72.154,HR3967,Passed,Honoring our PACT Act,On Passage,,Armed Forces and National Security
117,House,505,3/7/22,2,58,390,33,0.561,-0.489,0.781,-1.68,-40.187,HR5616,Passed,DHS Basic Training Accredidation Improvement Act,"On Motion to Suspend the Rules and Pass, as Amended",,Emergency Management
117,House,506,3/7/22,2,59,403,19,0.544,-0.801,0.605,-1.211,-26.598,S658,Passed,National Cybersecurity Preparedness Consortium Act,"On Motion to Suspend the Rules and Pass, as Amended",,"Science, Technology, Communications"
117,House,507,3/8/22,2,60,387,33,-0.089,-0.739,0.15,-1.697,-51.265,HR5681,Passed,Shadow Wolves Enhancement Act,On Motion to Suspend the Rules and Pass,,Immigration
117,House,508,3/8/22,2,61,418,0,0,0,0,0,0,HCONRES70,Passed,Condemning threats of violence against historically Black colleges and universities (“HBCUs”) and reaffirming support for HBCUs and their students,"On Motion to Suspend the Rules and Agree, as Amended",,X
117,House,509,3/9/22,2,62,173,255,0.164,-0.986,-0.298,0.176,-66.88,,Failed,,On Motion to Adjourn,,
117,House,510,3/9/22,2,63,219,199,0.031,-0.015,0.715,-0.122,-0.229,HRES973,Passed,"Providing for consideration of H.R. 2471 Haiti Development, Accountability, and Institutional Transparency Initiative Act; H.J. Res. 75 Making Further Continuing Appropriations for the Fiscaly Year ending Sept 30, 2022; H.R. 6968 Suspending Energy Imports From Russia Act; and H.R. 7007",On Ordering the Previous Question,,Congress
117,House,511,3/9/22,2,64,218,204,-0.019,-0.059,0.642,-0.763,-3.742,HRES973,Passed,"Providing for consideration of H.R. 2471 Haiti Development, Accountability, and Institutional Transparency Initiative Act; H.J. Res. 75 Making Further Continuing Appropriations for the Fiscaly Year ending Sept 30, 2022; H.R. 6968 Suspending Energy Imports From Russia Act; and H.R. 7007",On Agreeing to the Resolution,,Congress
117,House,512,3/9/22,2,65,361,69,-0.011,-0.48,0.23,-2.55,-102.808,HR2471,Passed,"Haiti Development, Accountability, and Institutional Transparency Initiative Act","On Concurring in Senate Amdt with Amdt (Divisions B,C,F,X,Z, titles 2&3 of Division N)",,Economics and Public Finance
117,House,513,3/9/22,2,66,260,171,0.222,-0.515,0.355,-0.298,-61.533,HR2471,Passed,"Haiti Development, Accountability, and Institutional Transparency Initiative Act",On Concurring in Senate Amdt with Amdt (Remaining Divisions),,Economics and Public Finance
117,House,514,3/9/22,2,67,270,157,0.047,-0.999,0.28,-0.396,-87.868,HR2471,Passed,"Haiti Development, Accountability, and Institutional Transparency Initiative Act",Table Motion to Reconsider First Divided Question,,Economics and Public Finance
117,House,515,3/9/22,2,68,249,180,0.211,-0.308,0.276,-0.213,-58.106,HR2471,Passed,"Haiti Development, Accountability, and Institutional Transparency Initiative Act",Table Motion to Reconsider Second Divided Question,,Economics and Public Finance
117,House,516,3/9/22,2,69,208,223,-0.165,0.69,-0.569,-1.06,-12.446,HR6968,Failed,Suspending Energy Imports from Russia Act,On Motion to Recommit,,Foreign Trade and International Finance
117,House,517,3/9/22,2,70,414,17,0.054,-0.852,0.183,-1.775,-33.676,HR6968,Passed,Suspending Energy Imports from Russia Act,On Passage,,Foreign Trade and International Finance
117,House,518,3/15/22,2,71,414,9,0,0,0,0,0,HR3113,Passed,Modernizing Access to Our Public Land Act,"On Motion to Suspend the Rules and Pass, as Amended",,Public Lands and Natural Resources
117,House,519,3/15/22,2,72,397,27,0.264,-0.965,0.155,-0.617,-57.265,HR5001,Passed,Upper Colorado and San Juan River Basins Recovery Act,"On Motion to Suspend the Rules and Pass, as Amended",,Public Lands and Natural Resources
117,House,520,3/16/22,2,73,219,204,-0.144,0.99,0.627,0.712,-5.509,HRES979,Passed,"Providing for consideration of H.R. 963, FAIR Act of 2022 and H.R. 2116, CROWN Act of 2021",On Ordering the Previous Question,,Congress
117,House,521,3/16/22,2,74,219,207,0.101,-0.315,0.643,0.759,-5.093,HRES979,Passed,"Providing for consideration of H.R. 963, FAIR Act of 2022 and H.R. 2116, CROWN Act of 2021",On Agreeing to the Resolution,,Congress
117,House,522,3/16/22,2,75,422,4,0,0,0,0,0,HR3197,Passed,Save the Liberty Theatre Act,On Motion to Suspend the Rules and Pass,,Public Lands and Natural Resources
117,House,523,3/16/22,2,76,403,25,0.091,-0.996,0.186,-0.995,-47.529,HR4380,Passed,"To designate the El Paso Community Healing Garden National Memorial, and for other purposes",On Motion to Suspend the Rules and Pass,,"Arts, Culture, Religion"
117,House,524,3/16/22,2,77,406,16,0.217,-0.945,0.174,-0.991,-31.773,HR6434,Passed,Japanese American World War II History Network Act,On Motion to Suspend the Rules and Pass,,Public Lands and Natural Resources
117,House,525,3/17/22,2,78,424,8,0,0,0,0,0,HR7108,Passed,Suspending Normal Trade Relations with Russia and Belarus Act,On Motion to Suspend the Rules and Pass,,Foreign Trade and International Finance
117,House,526,3/17/22,2,79,184,246,0.343,-0.939,-0.453,-0.143,-51.313,HR963,Failed,,On Agreeing to the Amendment,,Law
117,House,527,3/17/22,2,80,208,222,-0.14,0.99,-0.628,-0.704,-5.545,HR963,Failed,FAIR Act,On Motion to Recommit,,Law
117,House,528,3/17/22,2,81,222,209,-0.14,0.99,0.628,0.704,-5.55,HR963,Passed,FAIR Act,On Passage,,Law
117,House,529,3/18/22,2,82,235,189,0.231,0.08,0.351,0.016,-29.403,HR2116,Passed,Creating a Respectful and Open World for Natural Hair Act,On Passage,,"Civil Rights and Liberties, Minority Issues"
117,House,530,3/28/22,2,83,405,12,0.893,-0.45,1.366,-2.24,-45.918,HR1621,Passed,Prohibiting Punishment of Acquitted Conduct Act,"On Motion to Suspend the Rules and Pass, as Amended",,Crime and Law Enforcement
117,House,531,3/28/22,2,84,349,63,0.386,-0.923,0.354,-0.473,-64.196,S3294,Passed,To obtain and direct the placement in the Capitol or on the Capitol Grounds of a statue to honor Associate Justice of the Supreme Court of the United States Sandra Day O’Connor and a statue to honor Associate Justice of the Supreme Court of the United States Ruth Bader Ginsburg,On Motion to Suspend the Rules and Pass,,Congress
117,House,532,3/29/22,2,85,378,46,0.773,0.123,0.756,-2.102,-67.59,HR6865,Passed,Don Young Coast Guard Authorization Act of 2022,"On Motion to Suspend the Rules and Pass, as Amended",,Transportation and Public Works
117,House,533,3/29/22,2,86,414,5,0,0,0,0,0,HR2954,Passed,Securing a Strong Retirement Act of 2022,"On Motion to Suspend the Rules and Pass, as Amended",,Labor and Employment
117,House,534,3/29/22,2,87,377,48,0.312,-0.929,0.231,-0.557,-65.462,S2629,Passed,Better Cybercrime Metrics Act,On Motion to Suspend the Rules and Pass,,Crime and Law Enforcement
117,House,535,3/29/22,2,88,406,20,0.191,-0.932,0.165,-0.92,-39.849,HR3359,Passed,Homicide Victims’ Families’ Rights Act,"On Motion to Suspend the Rules and Pass, as Amended",,Crime and Law Enforcement
117,House,536,3/29/22,2,89,376,47,0.248,-0.646,0.348,-1.44,-42.966,HR4738,Passed,COVID-19 American History Project Act,"On Motion to Suspend the Rules and Pass, as Amended",,"Arts, Culture, Religion"
117,House,537,3/30/22,2,90,339,85,0.55,0.095,0.336,-0.32,-71.159,HR5706,Passed,Stop Sexual Assault and Harassment in Transportation Act,On Motion to Suspend the Rules and Pass,,Transportation and Public Works
117,House,538,3/30/22,2,91,417,4,0,0,0,0,0,S400,Passed,"William T. Coleman, Jr. and Norman Y. Mineta Department of Transportation Headquarters Act","On Motion to Suspend the Rules and Pass, as Amended",,Government Operations and Politics
117,House,539,3/30/22,2,92,402,24,0.437,-0.798,0.373,-1.054,-35.142,HR5673,Passed,Safeguarding Tomorrow through Ongoing Risk Mitigation Technical Corrections Act,On Motion to Suspend the Rules and Pass,,Emergency Management
117,House,540,3/30/22,2,93,409,17,0.564,-0.826,0.225,-0.5,-38.728,HR5343,Passed,FEMA Caseworker Accountability Act,"On Motion to Suspend the Rules and Pass, as Amended",,Emergency Management
117,House,541,3/30/22,2,94,304,122,0.461,-0.012,0.297,0.023,-85.921,HR5547,Passed,Care is an Economic Development Strategy Act,"On Motion to Suspend the Rules and Pass, as Amended",,Families
117,House,542,3/30/22,2,95,238,187,0.213,0.237,0.224,-0.013,-55.684,S2938,Failed,"To designate the United States Courthouse and Federal Building located at 111 North Adams Street in Tallahassee, Florida, as the “Joseph Woodrow Hatchett United States Courthouse and Federal Building”",On Motion to Suspend the Rules and Pass,,Crime and Law Enforcement
117,House,543,3/30/22,2,96,364,61,0.336,-0.942,0.2,-0.369,-88.684,S1226,Passed,"To designate the United States courthouse located 1501 North 6th Street in Harrisburg, Pennsylvania, as the “Sylvia H. Rambo United States Courthouse”",On Motion to Suspend the Rules and Pass,,Government Operations and Politics
117,House,544,3/30/22,2,97,412,1,0,0,0,0,0,S2126,Passed,"To designate the Federal Office Building located at 308 W. 21st Street in Cheyenne, Wyoming , as the “Louisa Swain Federal Office Building”",On Motion to Suspend the Rules and Pass,,Government Operations and Politics
117,House,545,3/31/22,2,98,219,202,-0.139,0.99,0.63,0.709,-5.496,HRES1017,Passed,"Providing for consideration of H.R. 3617, MORE Act; H.R. 6833, Affordable Insulin Now Act; and for other purposes",On Ordering the Previous Question,,Congress
117,House,546,3/31/22,2,99,219,202,0.03,0.01,0.716,-0.107,-0.239,HRES1017,Passed,"Providing for consideration of H.R. 3617, MORE Act; H.R. 6833, Affordable Insulin Now Act; and for other purposes",On Agreeing to the Resolution,,Congress
117,House,547,3/31/22,2,100,351,74,-0.088,-0.996,-0.198,-0.505,-105.399,HR4521,Passed,Bioeconomy Research and Development Act,On Motion to Instruct Conferees,,"Science, Technology, Communications"
117,House,548,3/31/22,2,101,197,225,-0.238,0.971,-0.541,-1.005,-20.361,HR6833,Failed,Affordable Insulin Now Act,On Motion to Recommit,,Economics and Public Finance
117,House,549,3/31/22,2,102,232,193,-0.012,0.865,0.331,0.457,-34.177,HR6833,Passed,Affordable Insulin Now Act,On Passage,,Economics and Public Finance
117,House,550,4/1/22,2,103,243,172,0.259,0.966,0.205,-0.004,-93.442,HR3617,Agreed to,,On Agreeing to the Amendment,,Crime and Law Enforcement
117,House,551,4/1/22,2,104,234,189,0.162,0.987,0.268,0.066,-49.435,HR3617,Agreed to,,On Agreeing to the Amendment,,Crime and Law Enforcement
117,House,552,4/1/22,2,105,209,214,-0.202,0.562,0.285,0.409,-42.538,HR3617,Failed,,On Agreeing to the Amendment,,Crime and Law Enforcement
117,House,553,4/1/22,2,106,202,220,-0.14,0.99,-0.62,-0.689,-5.312,HR3617,Failed,MORE Act,On Motion to Recommit,,Crime and Law Enforcement
117,House,554,4/1/22,2,107,220,204,-0.236,0.834,0.574,1.096,-18.64,HR3617,Passed,MORE Act,On Passage,,Crime and Law Enforcement
117,House,555,4/4/22,2,108,343,75,0.391,0.92,0.216,0.279,-110.383,HR5657,Passed,Medical Marijuana Research Act,"On Motion to Suspend the Rules and Pass, as Amended",,Health
117,House,556,4/4/22,2,109,310,110,0.378,0.847,0.233,0.179,-113.761,HR1916,Passed,Ensuring Lasting Smiles Act,"On Motion to Suspend the Rules and Pass, as Amended",,Health
117,House,557,4/5/22,2,110,409,11,-0.196,-0.981,0.097,-1.725,-23.448,HR1218,Passed,Data Mapping to Save Moms’ Lives Act,"On Motion to Suspend the Rules and Pass, as Amended",,Health
117,House,558,4/5/22,2,111,418,6,0,0,0,0,0,HR2501,Passed,Spectrum Coordination Act,"On Motion to Suspend the Rules and Pass, as Amended",,"Science, Technology, Communications"
117,House,559,4/5/22,2,112,348,75,-0.214,-0.737,0.239,-1.597,-90.403,HR4476,Passed,DHS Trade and Economic Security Council Act,"On Motion to Suspend the Rules and Pass, as Amended",,Foreign Trade and International Finance
117,House,560,4/5/22,2,113,383,41,0.694,0.104,0.709,-0.762,-38.039,HR5689,Passed,Resilient AMERICA Act,"On Motion to Suspend the Rules and Pass, as Amended",,Emergency Management
117,House,561,4/5/22,2,114,414,11,0.813,-0.371,0.328,-0.593,-20.829,HR5641,Passed,SPEED Recovery Act,"On Motion to Suspend the Rules and Pass, as Amended",,Emergency Management
117,House,562,4/5/22,2,115,362,63,0.254,-0.901,0.199,-0.483,-84.216,HRES831,Passed,Calling on the United States Government to uphold the founding democratic principles of the North Atlantic Treaty Organization and establish a Center for Democratic Resilience within the headquarters of the North Atlantic Treaty Organization,"On Motion to Suspend the Rules and Agree, as Amended",,International Affairs
117,House,563,4/6/22,2,116,219,206,0.029,0.02,0.716,-0.098,-0.245,HRES1023,Passed,Relating to the consideration of House Report 117-284 and an accompanying resolution,On Ordering the Previous Question,,Congress
117,House,564,4/6/22,2,117,221,200,-0.073,-0.752,0.662,-0.657,-6.301,HRES1023,Passed,Relating to the consideration of House Report 117-284 and an accompanying resolution,On Agreeing to the Resolution,,Congress
117,House,565,4/6/22,2,118,220,203,-0.071,-0.735,0.661,-0.667,-6.296,HRES1037,Passed,"Recommending that the House of Representatives find Peter K. Navarro and Daniel Scavino, Jr., in Contempt of Congress for Refusal to Comply with Subpoenas Duly Issued by the Select Committee to Investigate the January 6th Attack on the United States Capitol",On Agreeing to the Resolution,,Congress
117,House,566,4/6/22,2,119,221,206,-0.139,0.99,0.63,0.709,-5.512,HRES1033,Passed,"Providing for consideration of H.R. 3807, Restaurant Revitalization Fund Replensihment Act",On Ordering the Previous Question,,Congress
117,House,567,4/6/22,2,120,218,206,0.098,-0.295,0.642,0.765,-5.104,HRES1033,Passed,"Providing for consideration of H.R. 3807, Restaurant Revitalization Fund Replensihment Act",On Agreeing to the Resolution,,Congress
117,House,568,4/6/22,2,121,418,7,0,0,0,0,0,HR7276,Passed,Ukraine Invasion War Crimes Deterrence and Accountability Act,"On Motion to Suspend the Rules and Pass, as Amended",,International Affairs
117,House,569,4/7/22,2,122,205,219,0.029,0.019,-0.716,0.096,-0.245,HR3807,Failed,Restaurant Revitalization Fund Replenishment Act,On Motion to Recommit,,Commerce
117,House,570,4/7/22,2,123,223,203,0.068,0.233,0.236,0.03,-31.699,HR3807,Passed,Restaurant Revitalization Fund Replenishment Act,On Passage,,Commerce
117,House,571,4/7/22,2,124,420,3,0,0,0,0,0,HR7108,Passed,Suspending Normal Trade Relations with Russia and Belarus Act,On Motion to Suspend the Rules and Concur in the Senate Amendment,,Foreign Trade and International Finance
117,House,572,4/7/22,2,125,413,9,0,0,0,0,0,HR6968,Passed,Suspending Energy Imports from Russia Act,On Motion to Suspend the Rules and Concur in the Senate Amendment,,Foreign Trade and International Finance
117,House,573,4/26/22,2,126,404,11,0.534,-0.711,0.342,-1.568,-13.621,S497,Passed,American Fisheries Advisory Committee Act,On Motion to Suspend the Rules and Pass,,Public Lands and Natural Resources
117,House,574,4/27/22,2,127,394,3,0,0,0,0,0,HR7314,Passed,Assessing Xi’s Interference and Subversion Act,"On Motion to Suspend the Rules and Pass, as Amended",,International Affairs
117,House,575,4/27/22,2,128,414,9,0,0,0,0,0,HR7372,Passed,Protecting Semiconductor Supply Chain Materials from Authoritarians Act,On Motion to Suspend the Rules and Pass,,International Affairs
117,House,576,4/27/22,2,129,421,4,0,0,0,0,0,HR496,Passed,Ukraine Religious Freedom Support Act,"On Motion to Suspend the Rules and Pass, as Amended",,International Affairs
117,House,577,4/27/22,2,130,417,8,0,0,0,0,0,HR6930,Passed,Asset Seizure for Ukraine Reconstruction Act,"On Motion to Suspend the Rules and Pass, as Amended",,International Affairs
117,House,578,4/27/22,2,131,406,20,0.5,-0.588,0.423,-1.999,-25.327,HR923,Passed,Georgia Support Act,"On Motion to Suspend the Rules and Pass, as Amended",,International Affairs
117,House,579,4/27/22,2,132,409,17,0.599,-0.633,0.732,-2.077,-25.788,HRES833,Passed,"Expressing support for Moldova’s democracy, independence, and territorial integrity and strengthening United States and Moldova relations","On Motion to Suspend the Rules and Agree, As Amended",,International Affairs
117,House,580,4/27/22,2,133,366,60,0.053,-0.611,0.262,-1.606,-66.325,HR3344,Passed,Transatlantic Telecommunications Security Act,"On Motion to Suspend the Rules and Pass, as Amended",,International Affairs
117,House,581,4/27/22,2,134,415,9,0,0,0,0,0,HR7311,Passed,Countering Malign Russian Activities in Africa Act,"On Motion to Suspend the Rules and Pass, as Amended",,International Affairs
117,House,582,4/27/22,2,135,340,86,-0.173,-0.704,0.256,-1.523,-93.751,HR4133,Passed,Caribbean Basin Security Initiative Authorization Act,On Motion to Suspend the Rules and Pass,,International Affairs
117,House,583,4/27/22,2,136,424,2,0,0,0,0,0,HR6089,Passed,Stop Iranian Drones Act,"On Motion to Suspend the Rules and Pass, as Amended",,International Affairs
117,House,584,4/27/22,2,137,384,44,0.295,-0.819,0.634,-1.849,-48.304,HR4693,Passed,Global Malnutrition Prevention and Treatment Act,On Motion to Suspend the Rules and Pass,,International Affairs
117,House,585,4/27/22,2,138,425,0,0,0,0,0,0,S812,Passed,"To direct the Secretary of State to develop a strategy to regain observer status for Taiwan in the World Health Organization, and for other purposes",On Motion to Suspend the Rules and Pass,,International Affairs
117,House,586,4/28/22,2,139,218,204,0.03,0.007,0.716,-0.105,-0.239,HRES1065,Passed,"Providing for consideration of the bill (S. 3522) Ukraine Democracy Defense Lend-Lease Act, and for other purposes",On Ordering the Previous Question,,Congress
117,House,587,4/28/22,2,140,220,205,0.03,0.007,0.716,-0.104,-0.24,HRES1065,Passed,"Providing for consideration of the bill (S. 3522) Ukraine Democracy Defense Lend-Lease Act, and for other purposes",On Agreeing to the Resolution,,Congress
117,House,588,4/28/22,2,141,417,10,0,0,0,0,0,S3522,Passed,Ukraine Democracy Defense Lend-Lease Act,On Passage,,International Affairs
117,House,589,5/10/22,2,142,188,226,0.032,-0.999,-0.33,0.236,-40.414,,Failed,,On Motion to Adjourn,,
117,House,590,5/10/22,2,143,218,203,0.03,0.005,0.716,-0.107,-0.238,HRES1097,Passed,"Providing for consideration of H.R. 903, Rights for the TSA Workforce Act; H.R. 2499, Federal Firefighters Fairness Act; H.R. 5129, Community Services Block Grant Modernization Act; and H.R. 7691, Additional Ukraine Supplemental Appropriations Act; and for other purposes",On Ordering the Previous Question,,Congress
117,House,591,5/10/22,2,144,217,202,0.03,0.005,0.716,-0.107,-0.238,HRES1097,Passed,"Providing for consideration of H.R. 903, Rights for the TSA Workforce Act; H.R. 2499, Federal Firefighters Fairness Act; H.R. 5129, Community Services Block Grant Modernization Act; and H.R. 7691, Additional Ukraine Supplemental Appropriations Act; and for other purposes",On Agreeing to the Resolution,,Congress
117,House,592,5/10/22,2,145,368,57,0.394,-0.735,0.24,-0.479,-69.961,HR7691,Passed,"Additional Ukraine Supplemental Appropriations Act, 2022",On Passage,,International Affairs
117,House,593,5/11/22,2,146,224,195,0.098,0.995,0.446,0.271,-22.898,HR2499,Agreed to,,On Agreeing to the Amendment,,Government Operations and Politics
117,House,594,5/11/22,2,147,419,0,0,0,0,0,0,HR2499,Agreed to,,On Agreeing to the Amendment,,Government Operations and Politics
117,House,595,5/11/22,2,148,180,242,-0.05,0.999,-0.285,-0.474,-64.164,HR2499,Failed,,On Agreeing to the Amendment,,Government Operations and Politics
117,House,596,5/11/22,2,149,288,131,0.236,0.972,0.257,0.302,-107.716,HR2499,Passed,Federal Firefighters Fairness Act,On Passage,,Government Operations and Politics
117,House,597,5/11/22,2,150,401,19,0.395,-0.775,0.285,-1.192,-24.521,HR847,Passed,Promoting Digital Privacy Technologies Act,"On Motion to Suspend the Rules and Pass, as Amended",,"Science, Technology, Communications"
117,House,598,5/11/22,2,151,397,20,0.638,-0.623,0.183,-0.558,-45.924,HR5324,Passed,NOAA Weather Radio Modernization Act,"On Motion to Suspend the Rules and Pass, as Amended",,"Science, Technology, Communications"
117,House,599,5/11/22,2,152,412,7,0,0,0,0,0,S66,Passed,South Florida Clean Coastal Waters Act,On Motion to Suspend the Rules and Pass,,Environmental Protection
117,House,600,5/11/22,2,153,379,37,0.283,-0.72,0.251,-1.004,-52.792,HR7077,Passed,Empowering the U.S. Fire Administration Act,"On Motion to Suspend the Rules and Pass, as Amended",,Emergency Management
117,House,601,5/11/22,2,154,333,81,0.163,-0.868,0.293,-0.725,-78.472,HR1437,Passed,PRECIP Act,"On Motion to Suspend the Rules and Pass, as Amended",,Economics and Public Finance
117,House,602,5/11/22,2,155,418,0,0,0,0,0,0,S1872,Passed,United States Army Rangers Veterans of World War II Congressional Gold Medal Act,On Motion to Suspend the Rules and Pass,,Armed Forces and National Security
117,House,603,5/11/22,2,156,329,88,0.242,-0.97,0.192,-0.331,-108.745,HR5911,Passed,Fair Hiring in Banking Act,"On Motion to Suspend the Rules and Pass, as Amended",,Finance and Financial Sector
117,House,604,5/11/22,2,157,371,48,0.437,-0.899,0.965,-1.426,-57.467,HR5914,Passed,Empowering States to Protect Seniors from Bad Actors Act,"On Motion to Suspend the Rules and Pass, as Amended",,Finance and Financial Sector
117,House,605,5/11/22,2,158,419,0,0,0,0,0,0,HR935,Passed,"Small Business Mergers, Acquisitions, Sales, and Brokerage Simplification Act","On Motion to Suspend the Rules and Pass, as Amended",,Finance and Financial Sector
117,House,606,5/11/22,2,159,418,2,0,0,0,0,0,HR7066,Passed,Russia and Belarus Financial Sanctions Act,"On Motion to Suspend the Rules and Pass, as Amended",,Finance and Financial Sector
117,House,607,5/11/22,2,160,362,56,0.083,-0.969,0.18,-0.656,-80.638,HR7081,Passed,Ukraine Comprehensive Debt Payment Relief Act,"On Motion to Suspend the Rules and Pass, as Amended",,International Affairs
117,House,608,5/11/22,2,161,416,2,0,0,0,0,0,HR6891,Passed,Isolate Russian Government Officials Act,"On Motion to Suspend the Rules and Pass, as Amended",,International Affairs
117,House,609,5/11/22,2,162,417,2,0,0,0,0,0,HR6899,Passed,Russia and Belarus SDR Exchange Prohibition Act,"On Motion to Suspend the Rules and Pass, as Amended",,International Affairs
117,House,610,5/11/22,2,163,262,156,0.319,0.433,0.211,0.076,-92.52,HR6531,Failed,Targeting Resources to Communities in Need Act,"On Motion to Suspend the Rules and Pass, as Amended",,Government Operations and Politics
117,House,611,5/11/22,2,164,408,0,0,0,0,0,0,HR224,Passed,Vanessa Guillen Post Office Building,On Motion to Suspend the Rules and Pass,,Government Operations and Politics
117,House,612,5/11/22,2,165,380,26,0.955,0.297,1.257,-2.114,-68.343,HR700,Passed,Lawrence M. ’Larry’ Walsh Sr. Post Office,On Motion to Suspend the Rules and Pass,,Government Operations and Politics
117,House,613,5/11/22,2,166,401,1,0,0,0,0,0,HR5900,Passed,Marine Corps Reserve PVT Jacob Cruz Post Office,On Motion to Suspend the Rules and Pass,,Government Operations and Politics
117,House,614,5/11/22,2,167,404,0,0,0,0,0,0,HR6386,Passed,Veterans of Iraq and Afghanistan Memorial Post Office Building,On Motion to Suspend the Rules and Pass,,Government Operations and Politics
117,House,615,5/12/22,2,168,215,198,0.063,0.378,0.617,0.954,-8.61,HR903,Agreed to,,On Agreeing to the Amendment,,Government Operations and Politics
117,House,616,5/12/22,2,169,204,216,-0.26,0.898,-0.56,-0.963,-19.696,HR903,Failed,,On Agreeing to the Amendment,,Government Operations and Politics
117,House,617,5/12/22,2,170,200,221,-0.059,0.998,-0.335,-0.313,-22.059,HR903,Failed,,On Agreeing to the Amendment,,Government Operations and Politics
117,House,618,5/12/22,2,171,205,216,0.03,0.016,-0.716,0.097,-0.245,HR903,Failed,Rights for the Transportation Security Administration Workforce Act,On Motion to Recommit,,Government Operations and Politics
117,House,619,5/12/22,2,172,220,201,0.032,0.485,0.678,1.035,-11.159,HR903,Passed,Rights for the Transportation Security Administration Workforce Act,On Passage,,Government Operations and Politics
117,House,620,5/12/22,2,173,412,3,0,0,0,0,0,HR91,Passed,Private First Class Barrett Lyle Austin Post Office Building,On Motion to Suspend the Rules and Pass,,Government Operations and Politics
117,House,621,5/12/22,2,174,405,3,0,0,0,0,0,HR92,Passed,Specialist Four Charles Johnson Post Office,On Motion to Suspend the Rules and Pass,,Government Operations and Politics
117,House,622,5/12/22,2,175,408,3,0,0,0,0,0,HR207,Passed,Command Sergeant Major Lawrence E. ’Rabbit’ Kennedy Post Office Building,On Motion to Suspend the Rules and Pass,,Government Operations and Politics
117,House,623,5/12/22,2,176,406,4,0,0,0,0,0,HR209,Passed,Lance Corporal Marc Lucas Tucker Post Office Building,On Motion to Suspend the Rules and Pass,,Government Operations and Politics
117,House,624,5/12/22,2,177,408,3,0,0,0,0,0,HR3508,Passed,CW4 Christian J. Koch Memorial Post Office,On Motion to Suspend the Rules and Pass,,Government Operations and Politics
117,House,625,5/13/22,2,178,219,201,0.136,0.022,0.693,0.436,-2.909,HR5129,Agreed to,,On Agreeing to the Amendment,,Social Welfare
117,House,626,5/13/22,2,179,198,219,0.151,0.123,-0.693,-0.452,-6.046,HR5129,Failed,,On Agreeing to the Amendment,,Social Welfare
117,House,627,5/13/22,2,180,418,0,0,0,0,0,0,HR5129,Agreed to,,On Agreeing to the Amendment,,Social Welfare
117,House,628,5/13/22,2,181,201,216,0.03,0.011,-0.716,0.103,-0.239,HR5129,Failed,Community Services Block Grant Modernization Act of 2022,On Motion to Recommit,,Social Welfare
117,House,629,5/13/22,2,182,246,169,0.139,-0.99,0.367,-0.272,-58.852,HR5129,Passed,Community Services Block Grant Modernization Act of 2022,On Passage,,Social Welfare
117,House,630,5/16/22,2,183,386,31,0.581,-0.814,0.351,-0.354,-42.755,HR6824,Passed,President’s Cup Cybersecurity Competition Act,"On Motion to Suspend the Rules and Pass, as Amended",,"Science, Technology, Communications"
117,House,631,5/16/22,2,184,288,129,0.379,0.925,0.34,0.115,-83.145,HR6825,Passed,Nonprofit Security Grant Program Improvement Act of 2022,"On Motion to Suspend the Rules and Pass, as Amended",,Emergency Management
117,House,632,5/16/22,2,185,313,105,0.615,-0.232,0.098,-0.058,-205.683,HR5658,Passed,DHS Roles and Responsibilities in Cyber Space Act,"On Motion to Suspend the Rules and Pass, as Amended",,"Science, Technology, Communications"
117,House,633,5/17/22,2,186,221,195,-0.141,0.99,0.629,0.72,-5.432,HRES1119,Passed,"Providing for consideration of H.R. 6531, H.R. 7309, and S. 2938, and for other purposes",On Ordering the Previous Question,,Congress
117,House,634,5/17/22,2,187,220,199,0.033,0.008,0.716,-0.107,-0.22,HRES1119,Passed,"Providing for consideration of H.R. 6531, H.R. 7309, and S. 2938, and for other purposes",On Agreeing to the Resolution,,Congress
117,House,635,5/17/22,2,188,313,107,0.472,-0.201,1.222,-0.294,-80.663,HR7309,Agreed to,,On Agreeing to the Amendment,,Labor and Employment
117,House,636,5/17/22,2,189,222,196,0.166,0.006,0.704,0.26,-6.863,HR7309,Agreed to,,On Agreeing to the Amendment,,Labor and Employment
117,House,637,5/17/22,2,190,194,219,-0.144,0.99,-0.577,-0.924,-18.082,HR7309,Failed,,On Agreeing to the Amendment,,Labor and Employment
117,House,638,5/17/22,2,191,174,241,-0.263,0.965,-0.375,-0.988,-57.723,HR7309,Failed,,On Agreeing to the Amendment,,Labor and Employment
117,House,639,5/17/22,2,192,193,223,-0.232,0.973,-0.536,-0.968,-18.426,HR7309,Failed,Workforce Innovation and Opportunity Act of 2022,On Motion to Recommit,,Labor and Employment
117,House,640,5/17/22,2,193,220,196,0.152,0.22,0.694,0.522,-7.819,HR7309,Passed,Workforce Innovation and Opportunity Act of 2022,On Passage,,Labor and Employment
117,House,641,5/17/22,2,194,404,14,0.457,-0.889,0.255,-0.827,-23.329,S2520,Passed,State and Local Government Cybersecurity Act of 2021,On Motion to Suspend the Rules and Pass,,Emergency Management
117,House,642,5/17/22,2,195,388,26,0.372,-0.708,0.359,-1.39,-31.893,HR6873,Passed,Bombing Prevention Act of 2022,"On Motion to Suspend the Rules and Pass, as Amended",,Emergency Management
117,House,643,5/17/22,2,196,398,15,0.805,-0.343,0.3,-1.157,-28.72,HR6871,Passed,DHS Acquisition Reform Act,On Motion to Suspend the Rules and Pass,,Government Operations and Politics
117,House,644,5/17/22,2,197,383,30,0.219,-0.937,0.366,-1.328,-39.638,HR6868,Passed,Cybersecurity Grants for Schools Act of 2022,"On Motion to Suspend the Rules and Pass, as Amended",,"Science, Technology, Communications"
117,House,645,5/17/22,2,198,412,2,0,0,0,0,0,S3527,Passed,"To amend title 38, United States Code, to authorize the Secretary of Veterans Affairs to transfer the name of property of the Department of Veterans Affairs designated by law to other property of the Department",On Motion to Suspend the Rules and Pass,,Armed Forces and National Security
117,House,646,5/17/22,2,199,384,22,0.701,-0.714,1.317,-0.985,-45.273,S1760,Passed,"To designate the community-based outpatient clinic of the Department of Veterans Affairs planned to be built in Oahu, Hawaii, as the “Daniel Kahikina Akaka Department of Veterans Affairs Community-Based Outpatient Clinic”",On Motion to Suspend the Rules and Pass,,Armed Forces and National Security
117,House,647,5/17/22,2,200,410,1,0,0,0,0,0,S2514,Passed,"To rename the Provo Veterans Center in Orem, Utah, as the “Col. Gail S. Halvorsen ’Candy Bomber’ Veterans Center”",On Motion to Suspend the Rules and Pass,,Armed Forces and National Security
117,House,648,5/17/22,2,201,402,2,0,0,0,0,0,HR7500,Passed,Fiscal Year 2022 Veterans Affairs Major Medical Facility Authorization Act,On Motion to Suspend the Rules and Pass,,Armed Forces and National Security
117,House,649,5/17/22,2,202,411,1,0,0,0,0,0,HR5754,Passed,Patient Advocate Tracker Act,On Motion to Suspend the Rules and Pass,,Armed Forces and National Security
117,House,650,5/17/22,2,203,412,1,0,0,0,0,0,HR6604,Passed,Veterans Eligible to Transfer School (VETS) Credit Act,"On Motion to Suspend the Rules and Pass, as Amended",,Armed Forces and National Security
117,House,651,5/17/22,2,204,404,6,0,0,0,0,0,S2687,Passed,Strengthening Oversight for Veterans Act of 2021,On Motion to Suspend the Rules and Pass,,Armed Forces and National Security
117,House,652,5/17/22,2,205,397,15,0.732,-0.681,0.264,-0.176,-49.362,HR7375,Passed,"To direct the Secretary of Veterans Affairs to update the payment system of the Department of Veterans Affairs to allow for electronic fund transfer of educational assistance, administered by the Secretary, to a foreign institution of higher education",On Motion to Suspend the Rules and Pass,,Armed Forces and National Security
117,House,653,5/17/22,2,206,370,43,0.488,-0.873,0.264,-0.351,-65.116,HR6376,Passed,Student Veteran Work Study Modernization Act,"On Motion to Suspend the Rules and Pass, as Amended",,Armed Forces and National Security
117,House,654,5/17/22,2,207,410,3,0,0,0,0,0,HR7153,Passed,Department of Veterans Affairs Principles of Benefits Automation Act,"On Motion to Suspend the Rules and Pass, as Amended",,Armed Forces and National Security
117,House,655,5/18/22,2,208,217,201,0.03,0.006,0.716,-0.108,-0.239,HRES1124,Passed,"Providing for consideration of H.R. 350, Domestic Terrorism Prevention Act; H.R. 7688, Consumer Fuel Price Gouging Prevention Act; H.R. 7790, Infant Formula Supplemental Appropriations Act, 2022; and for other purposes",On Ordering the Previous Question,,Congress
117,House,656,5/18/22,2,209,218,202,0.03,0.006,0.716,-0.108,-0.238,HRES1124,Passed,"Providing for consideration of H.R. 350, Domestic Terrorism Prevention Act; H.R. 7688, Consumer Fuel Price Gouging Prevention Act; H.R. 7790, Infant Formula Supplemental Appropriations Act, 2022; and for other purposes",On Agreeing to the Resolution,,Congress
117,House,657,5/18/22,2,210,198,219,0.03,0.006,-0.716,0.108,-0.239,HR6531,Failed,Targeting Resources to Communities in Need Act,On Motion to Recommit,,Government Operations and Politics
117,House,658,5/18/22,2,211,258,165,0.311,0.083,0.227,-0.005,-77.951,HR6531,Passed,Targeting Resources to Communities in Need Act,On Passage,,Government Operations and Politics
117,House,659,5/18/22,2,212,230,190,0.134,0.739,0.293,0.118,-31.66,S2938,Passed,"To designate the United States Courthouse and Federal Building located at 111 North Adams Street in Tallahassee, Florida, as the “Joseph Woodrow Hatchett United States Courthouse and Federal Building”",On Passage,,Crime and Law Enforcement
117,House,660,5/18/22,2,213,420,1,0,0,0,0,0,HRES1125,Passed,Condemning rising antisemitism,"On Motion to Suspend the Rules and Agree, as Amended",,"Civil Rights and Liberties, Minority Issues"
117,House,661,5/18/22,2,214,420,0,0,0,0,0,0,HR5738,Passed,Lactation Spaces for Veteran Moms Act,"On Motion to Suspend the Rules and Pass, as Amended",,Armed Forces and National Security
117,House,662,5/18/22,2,215,417,0,0,0,0,0,0,HR7335,Passed,MST Claims Coordination Act,On Motion to Suspend the Rules and Pass,,Armed Forces and National Security
117,House,663,5/18/22,2,216,405,12,0.719,-0.467,0.526,-1.224,-13.234,HR6961,Passed,"To amend title 38, United States Code, to improve hearings before the Board of Veterans’ Appeals regarding claims involving military sexual trauma","On Motion to Suspend the Rules and Pass, as Amended",,Armed Forces and National Security
117,House,664,5/18/22,2,217,414,2,0,0,0,0,0,HR6064,Passed,"Direct the Sec. of VA to seek to enter into an agreement with the National Academies for a review of examinations, furnished by the Sec., to individuals who submit claims to the Sec. for compensation under chapter 11 of title 38, U.S.C., for mental & physical conditions to military sexual trauma",On Motion to Suspend the Rules and Pass,,Armed Forces and National Security
117,House,665,5/18/22,2,218,414,9,0,0,0,0,0,HR7791,Passed,Access to Baby Formula Act,On Motion to Suspend the Rules and Pass,,Agriculture and Food
117,House,666,5/18/22,2,219,202,218,0.03,0.006,-0.716,0.108,-0.239,HR7790,Failed,"Infant Formula Supplemental Appropriations Act, 2022",On Motion to Recommit,,Agriculture and Food
117,House,667,5/18/22,2,220,231,192,0.052,0.999,0.733,0.808,-26.759,HR7790,Passed,"Infant Formula Supplemental Appropriations Act, 2022",On Passage,,Agriculture and Food
117,House,668,5/18/22,2,221,222,203,0.057,-0.155,0.685,-0.537,-3.293,HR350,Passed,Domestic Terrorism Prevention Act,On Passage,,Crime and Law Enforcement
117,House,669,5/18/22,2,222,400,21,0.108,-0.976,0.236,-1.322,-37.261,HR2992,Passed,TBI and PTSD Law Enforcement Training Act,"On Motion to Suspend the Rules and Pass, as Amended",,Health
117,House,670,5/18/22,2,223,402,17,0.186,-0.939,0.281,-1.604,-28.189,HR6943,Passed,Public Safety Officer Support Act,"On Motion to Suspend the Rules and Pass, as Amended",,Crime and Law Enforcement
117,House,671,5/18/22,2,224,420,0,0,0,0,0,0,HR2724,Passed,"To amend title 38, United States Code, to direct the Secretary of Veterans Affairs to provide for peer support specialists for claimants who are survivors of military sexual trauma, and for other purposes","On Motion to Suspend the Rules and Pass, as Amended",,Armed Forces and National Security
117,House,672,5/18/22,2,225,401,17,0.639,-0.598,0.808,-1.732,-27.425,S4089,Passed,Veterans Rapid Retraining Assistance Program Restoration and Recovery Act,On Motion to Suspend the Rules and Pass,,Armed Forces and National Security
117,House,673,5/18/22,2,226,407,11,0.353,-0.85,0.285,-1.705,-20.773,HR6052,Passed,Department of Veterans Affairs Office of Inspector General Training Act,On Motion to Suspend the Rules and Pass,,Armed Forces and National Security
117,House,674,5/18/22,2,227,419,0,0,0,0,0,0,S2533,Passed,Making Advances in Mammography and Medical Options for Veterans Act,On Motion to Suspend the Rules and Pass,,Armed Forces and National Security
117,House,675,5/18/22,2,228,418,0,0,0,0,0,0,S2102,Passed,Dr. Kate Hendricks Thomas Supporting Expanded Review for Veterans In Combat Environments Act,On Motion to Suspend the Rules and Pass,,Armed Forces and National Security
117,House,676,5/19/22,2,229,217,205,0.072,-0.997,0.474,0.233,-13.9,HR7688,Agreed to,,On Agreeing to the Amendment,,Commerce
117,House,677,5/19/22,2,230,214,207,-0.166,0.842,0.735,0.316,-17.801,HR7688,Agreed to,,On Agreeing to the Amendment,,Commerce
117,House,678,5/19/22,2,231,201,220,-0.089,0.996,-0.694,-0.692,-4.467,HR7688,Failed,Consumer Fuel Price Gouging Prevention Act,On Motion to Recommit,,Commerce
117,House,679,5/19/22,2,232,217,207,0.059,-0.998,0.552,0.308,-14.584,HR7688,Passed,Consumer Fuel Price Gouging Prevention Act,On Passage,,Commerce
117,House,680,6/7/22,2,233,325,83,0.549,-0.836,0.191,-0.012,-132.047,HR6087,Passed,Improving Access to Workers’ Compensation for Injured Federal Workers Act,"On Motion to Suspend the Rules and Pass, as Amended",,Government Operations and Politics
117,House,681,6/7/22,2,234,392,21,0.412,-0.911,0.651,-1.821,-32.324,S3823,Passed,Bankruptcy Threshold Adjustment and Technical Corrections Act,On Motion to Suspend the Rules and Pass,,Finance and Financial Sector
117,House,682,6/8/22,2,235,217,205,0.029,0.017,0.716,-0.1,-0.243,HRES1153,Passed,Providing for consideration of the bill (H.R. 2377) Federal Extreme Risk Protection Order Act; providing for consideration of the bill (H.R. 7910) Protecting Our Kids Act; and for other purposes,On Ordering the Previous Question,,Congress
117,House,683,6/8/22,2,236,218,205,-0.003,0.049,0.624,0.844,-5.903,HRES1153,Passed,Providing for consideration of the bill (H.R. 2377) Federal Extreme Risk Protection Order Act; providing for consideration of the bill (H.R. 7910) Protecting Our Kids Act; and for other purposes,On Agreeing to the Resolution,,Congress
117,House,684,6/8/22,2,237,228,199,0.423,-0.906,0.473,0.631,-25.805,HR7910,Passed,Protecting Our Kids Act,On Retaining Title I,,Crime and Law Enforcement
117,House,685,6/8/22,2,238,226,197,0.315,-0.949,0.481,0.382,-18.806,HR7910,Passed,Protecting Our Kids Act,On Retaining Title II,,Crime and Law Enforcement
117,House,686,6/8/22,2,239,226,194,0.378,-0.716,0.727,0.981,-16.507,HR7910,Passed,Protecting Our Kids Act,On Retaining Title III,,Crime and Law Enforcement
117,House,687,6/8/22,2,240,220,205,0.047,0.295,0.275,0.1,-17.209,HR7910,Passed,Protecting Our Kids Act,On Retaining Title IV,,Crime and Law Enforcement
117,House,688,6/8/22,2,241,233,194,0.246,0.206,0.706,0.249,-18.935,HR7910,Passed,Protecting Our Kids Act,On Retaining Title V,,Crime and Law Enforcement
117,House,689,6/8/22,2,242,220,207,0.046,0.109,0.252,0.288,-25.29,HR7910,Passed,Protecting Our Kids Act,On Retaining Title VI,,Crime and Law Enforcement
117,House,690,6/8/22,2,243,380,47,0.122,0.993,0.146,0.612,-102.634,HR7910,Passed,Protecting Our Kids Act,On Retaining Title VII,,Crime and Law Enforcement
117,House,691,6/8/22,2,244,198,228,-0.257,0.966,-0.527,-1.103,-28.355,HR7910,Failed,Protecting Our Kids Act,On Motion to Recommit,,Crime and Law Enforcement
117,House,692,6/8/22,2,245,223,204,0.115,-0.005,0.271,0.245,-20.61,HR7910,Passed,Protecting Our Kids Act,On Passage,,Crime and Law Enforcement
117,House,693,6/8/22,2,246,421,0,0,0,0,0,0,HR7352,Passed,PPP and Bank Fraud Enforcement Harmonization Act,On Motion to Suspend the Rules and Pass,,Commerce
117,House,694,6/8/22,2,247,416,3,0,0,0,0,0,HR7334,Passed,COVID-19 EIDL Fraud Statute of Limitations Act,On Motion to Suspend the Rules and Pass,,Commerce
117,House,695,6/8/22,2,248,359,61,0.304,-0.953,0.267,-0.524,-74.906,HR5879,Passed,Hubzone Price Evaluation Preference Clarification Act,On Motion to Suspend the Rules and Pass,,Commerce
117,House,696,6/8/22,2,249,368,52,0.339,-0.941,0.27,-0.544,-68.188,HR7622,Passed,Small Business Workforce Pipeline Act,On Motion to Suspend the Rules and Pass,,Commerce
117,House,697,6/8/22,2,250,399,18,0.718,-0.449,0.246,-0.65,-36.835,HR7664,Passed,Supporting Small Business and Career and Technical Education Act,On Motion to Suspend the Rules and Pass,,Commerce
117,House,698,6/8/22,2,251,402,19,0.512,-0.859,0.736,-1.643,-29.795,HR7670,Passed,WOSB Program Transparency Act,On Motion to Suspend the Rules and Pass,,Commerce
117,House,699,6/8/22,2,252,411,11,0.625,-0.67,0.452,-1.429,-13.688,HR7694,Passed,Strengthening Subcontracting for Small Business Act,On Motion to Suspend the Rules and Pass,,Commerce
117,House,700,6/8/22,2,253,384,37,0.512,-0.859,0.277,-0.395,-55.816,HR7776,Passed,Water Resources Development Act,"On Motion to Suspend the Rules and Pass, as Amended",,Armed Forces and National Security
117,House,701,6/8/22,2,254,392,28,0.452,-0.546,0.34,-1.53,-27.157,HR7667,Passed,Food and Drug Amendments of 2022,"On Motion to Suspend the Rules and Pass, as Amended",,Health
117,House,702,6/9/22,2,255,224,202,0.187,-0.182,0.326,0.359,-15.946,HR2377,Passed,Federal Extreme Risk Protection Order Act,On Passage,,Crime and Law Enforcement
117,House,703,6/13/22,2,256,369,42,0.137,-0.991,0.569,-2.019,-58.859,S3580,Passed,Ocean Shipping Reform Act,On Motion to Suspend the Rules and Pass,,Transportation and Public Works
117,House,704,6/13/22,2,257,338,73,0.451,-0.541,0.278,-0.335,-74.056,HR6270,Passed,Advanced Aviation Infrastructure Modernization Act,"On Motion to Suspend the Rules and Pass, as Amended",,Transportation and Public Works
117,House,705,6/13/22,2,258,412,2,0,0,0,0,0,HR2020,Passed,Post-Disaster Assistance Online Accountability Act,On Motion to Suspend the Rules and Pass,,Emergency Management
117,House,706,6/14/22,2,259,216,199,-0.139,0.99,0.632,0.711,-5.491,HRES1170,Passed,Providing for consideration of the bill (H.R. 2543) Federal Reserve Racial and Economic Equity Act; providing for consideration of the bill (H.R. 2773) Recovering America’s Wildlife Act; providing for consideration of the bill (H.R. 7606) Meat and Poultry Special Investigator Act; and for other purposes,On Ordering the Previous Question,,Congress
117,House,707,6/14/22,2,260,218,204,0.029,0.02,0.716,-0.1,-0.243,HRES1170,Passed,Providing for consideration of the bill (H.R. 2543) Federal Reserve Racial and Economic Equity Act; providing for consideration of the bill (H.R. 2773) Recovering America’s Wildlife Act; providing for consideration of the bill (H.R. 7606) Meat and Poultry Special Investigator Act; and for other purposes,On Agreeing to the Resolution,,Congress
117,House,708,6/14/22,2,261,396,27,-0.296,-0.955,-0.148,-0.441,-73.145,S4160,Passed,Supreme Court Police Parity Act,On Motion to Suspend the Rules and Pass,,Government Operations and Politics
117,House,709,6/14/22,2,262,276,147,0.461,0.887,0.281,-0.153,-91.708,HR2773,Agreed to,,On Agreeing to the Amendment,,Environmental Protection
117,House,710,6/14/22,2,263,412,8,0,0,0,0,0,HR2773,Agreed to,,On Agreeing to the Amendment,,Environmental Protection
117,House,711,6/14/22,2,264,231,189,-0.001,1,0.25,0.243,-54.194,HR2773,Agreed to,,On Agreeing to the Amendment,,Environmental Protection
117,House,712,6/14/22,2,265,216,206,0.054,0.062,0.243,0.421,-32.039,HR2773,Agreed to,,On Agreeing to the Amendment,,Environmental Protection
117,House,713,6/14/22,2,266,202,220,-0.156,0.988,-0.389,-0.503,-18.197,HR2773,Failed,Recovering America’s Wildlife Act,On Motion to Recommit,,Environmental Protection
117,House,714,6/14/22,2,267,231,190,0.276,0.961,0.296,-0.132,-43.856,HR2773,Passed,Recovering America’s Wildlife Act,On Passage,,Environmental Protection
117,House,715,6/14/22,2,268,380,30,0.597,-0.418,0.236,-0.632,-41.329,S516,Passed,Advanced Air Mobility Coordination and Leadership Act,"On Motion to Suspend the Rules and Pass, as Amended",,Transportation and Public Works
117,House,716,6/14/22,2,269,396,14,0.952,0.307,0.888,-2.253,-39.953,HR7211,Passed,Small State and Rural Rescue Act,On Motion to Suspend the Rules and Pass,,Emergency Management
117,House,717,6/15/22,2,270,217,192,0.027,0.049,0.716,-0.066,-0.232,HR2543,Agreed to,,On Agreeing to the Amendment,,Finance and Financial Sector
117,House,718,6/15/22,2,271,202,217,0.027,0.052,-0.716,0.067,-0.237,HR2543,Failed,,On Agreeing to the Amendment,,Finance and Financial Sector
117,House,719,6/15/22,2,272,297,123,0.272,0.962,0.209,0.216,-119.927,HR2543,Agreed to,,On Agreeing to the Amendment,,Finance and Financial Sector
117,House,720,6/15/22,2,273,224,198,-0.097,0.482,0.185,0.383,-75.861,HR2543,Agreed to,,On Agreeing to the Amendment,,Finance and Financial Sector
117,House,721,6/15/22,2,274,202,219,-0.141,0.99,-0.623,-0.699,-5.305,HR2543,Failed,Federal Reserve Racial and Economic Equity Act,On Motion to Recommit,,Finance and Financial Sector
117,House,722,6/15/22,2,275,215,207,0.002,-0.275,0.672,0.61,-8.89,HR2543,Passed,Federal Reserve Racial and Economic Equity Act,On Passage,,Finance and Financial Sector
117,House,723,6/16/22,2,276,206,218,0.029,0.018,-0.716,0.094,-0.242,HR7606,Failed,Meat and Poultry Special Investigator Act,On Motion to Recommit,,Agriculture and Food
117,House,724,6/16/22,2,277,221,204,0.087,-0.757,0.222,0.022,-50.932,HR7606,Passed,Meat and Poultry Special Investigator Act,On Passage,,Agriculture and Food
117,House,725,6/21/22,2,278,368,47,0.569,-0.284,0.862,-1.645,-52.939,HR7777,Passed,Industrial Control Systems Cybersecurity Training Act,"On Motion to Suspend the Rules and Pass, as Amended",,"Science, Technology, Communications"
117,House,726,6/22/22,2,279,215,200,0.027,0.104,0.717,-0.012,-0.249,HRES1191,Passed,"Providing for consideration of H.R. 4176, LGBTQI+ Data Inclusion Act; H.R. 5585, Advanced Research Projects Agency-Health Act; and H.R. 7666, Restoring Hope for Mental Health and Well-Being Act of 2022; and for other purposes",On Ordering the Previous Question,,Congress
117,House,727,6/22/22,2,280,214,202,0.028,0.099,0.717,-0.016,-0.245,HRES1191,Passed,"Providing for consideration of H.R. 4176, LGBTQI+ Data Inclusion Act; H.R. 5585, Advanced Research Projects Agency-Health Act; and H.R. 7666, Restoring Hope for Mental Health and Well-Being Act of 2022; and for other purposes",On Agreeing to the Resolution,,Congress
117,House,728,6/22/22,2,281,387,32,0.571,-0.416,0.501,-1.245,-30.438,HR7666,Agreed to,,On Agreeing to the Amendment,,Health
117,House,729,6/22/22,2,282,366,51,0.693,0.172,0.698,-1.321,-45.178,HR7666,Agreed to,,On Agreeing to the Amendment,,Health
117,House,730,6/22/22,2,283,411,10,0,0,0,0,0,HR7666,Agreed to,,On Agreeing to the Amendment,,Health
117,House,731,6/22/22,2,284,320,103,-0.701,0.713,-0.216,-0.366,-167.467,HR7666,Agreed to,,On Agreeing to the Amendment,,Health
117,House,732,6/22/22,2,285,180,239,0.021,1,-0.25,-0.273,-62.803,HR7666,Failed,,On Agreeing to the Amendment,,Health
117,House,733,6/22/22,2,286,402,20,0.357,-0.776,0.28,-1.257,-28.183,HR7666,Passed,Restoring Hope for Mental Health and Well-Being Act of 2022,On Passage,,Health
117,House,734,6/22/22,2,287,381,40,0.512,-0.859,1.012,-1.228,-51.99,HR5585,Agreed to,,On Agreeing to the Amendment,,Health
117,House,735,6/22/22,2,288,336,85,0.459,-0.888,0.344,-0.192,-80.783,HR5585,Passed,Advanced Research Projects Agency-Health Act,On Passage,,Health
117,House,736,6/22/22,2,289,259,162,0.339,0.941,0.31,0,-68.761,HR6538,Failed,Active Shooter Alert Act,"On Motion to Suspend the Rules and Pass, as Amended",,Crime and Law Enforcement
117,House,737,6/23/22,2,290,376,42,0.264,-0.931,0.478,-1.28,-43.696,S2089,Passed,Keep Kids Fed Act,"On Motion to Suspend the Rules and Pass, as Amended",,Agriculture and Food
117,House,738,6/23/22,2,291,405,16,0.233,-0.938,0.305,-1.609,-26.322,HR5407,Passed,Enhancing Mental Health and Suicide Prevention Through Campus Planning Act,"On Motion to Suspend the Rules and Pass, as Amended",,Education
117,House,739,6/23/22,2,292,371,49,0.564,-0.292,0.566,-0.956,-38.738,HR6493,Passed,Campus Prevention and Recovery Services for Students Act,"On Motion to Suspend the Rules and Pass, as Amended",,Education
117,House,740,6/23/22,2,293,216,200,0.096,0.053,0.689,0.479,-1.587,HR4176,Agreed to,,On Agreeing to the Amendment,,Government Operations and Politics
117,House,741,6/23/22,2,294,213,201,0.028,0.004,0.716,-0.102,-0.219,HR4176,Agreed to,,On Agreeing to the Amendment,,Government Operations and Politics
117,House,742,6/23/22,2,295,202,218,0.03,0.015,-0.716,0.106,-0.231,HR4176,Failed,LGBTQI+ Data Inclusion Act,On Motion to Recommit,,Government Operations and Politics
117,House,743,6/23/22,2,296,220,201,0.143,0.211,0.704,-0.345,-4.966,HR4176,Passed,LGBTQI+ Data Inclusion Act,On Passage,,Government Operations and Politics
117,House,744,6/24/22,2,297,218,204,0.03,0.019,0.716,-0.102,-0.236,HRES1204,Passed,"Providing for consideration of the Senate Amendments to the House Amendment to the bill (S. 2938); providing consideration of the Senate Amendment to the House Amendment to the bill (S.2089); relating to consideration of the Senate Amendment to the bill (H.R. 4346), and for other purposes",On Ordering the Previous Question,,Congress
117,House,745,6/24/22,2,298,217,203,0.03,0.019,0.716,-0.102,-0.236,HRES1204,Passed,"Providing for consideration of the Senate Amendments to the House Amendment to the bill (S. 2938); providing consideration of the Senate Amendment to the House Amendment to the bill (S.2089); relating to consideration of the Senate Amendment to the bill (H.R. 4346), and for other purposes",On Agreeing to the Resolution,,Congress
117,House,746,6/24/22,2,299,234,193,0.171,0.896,0.339,0.118,-34.303,S2938,Passed,"To designate the United States Courthouse and Federal Building located at 111 North Adams Street in Tallahassee, Florida, as the “Joseph Woodrow Hatchett United States Courthouse and Federal Building”",On Concurring in the Senate Amendments to the House Amendment,,Crime and Law Enforcement
117,House,747,7/12/22,2,300,351,64,0.483,-0.875,0.312,-0.246,-73.618,HRES1168,Passed,"Reaffirming the economic partnership between the United States and the Caribbean nations and recongnizing the need to strengthen trade and investment between the United States and the Carribbean nations, our “Third Border”","On Motion to Suspend the Rules and Agree, as Amended",,Foreign Trade and International Finance
117,House,748,7/12/22,2,301,417,0,0,0,0,0,0,HR521,Passed,First Responder Fair RETIRE Act,"On Motion to Suspend the Rules and Pass, as Amended",,Government Operations and Politics
117,House,749,7/12/22,2,302,330,81,0.409,-0.912,0.21,-0.194,-104.868,HR5271,Passed,"To designate the facility of the United States Postal Service located at 2245 Rosa L Parks Boulevard in Nashville, Tennessee, as the “Thelma Harper Post Office Building”",On Motion to Suspend the Rules and Pass,,Government Operations and Politics
117,House,750,7/13/22,2,303,218,208,0.028,0.048,0.716,-0.097,-0.241,HRES1224,Passed,Providing for consideration of the following bills (H.R. 7900) National Defense Authorization Act for FY 2023; (S. 3373) Protecting Our Gold Star Families Education Act; (H.R. 8296) Women’s Health Protection Act; (H.R. 8297) Ensuring Women’s Right to Reproductive Freedom Act; and (H.R. 6538) Active Shooter Alert Act,On Ordering the Previous Question,,Congress
117,House,751,7/13/22,2,304,217,204,0.028,0.037,0.716,-0.085,-0.243,HRES1224,Passed,Providing for consideration of the following bills (H.R. 7900) National Defense Authorization Act for FY 2023; (S. 3373) Protecting Our Gold Star Families Education Act; (H.R. 8296) Women’s Health Protection Act; (H.R. 8297) Ensuring Women’s Right to Reproductive Freedom Act; and (H.R. 6538) Active Shooter Alert Act,On Agreeing to the Resolution,,Congress
117,House,752,7/13/22,2,305,410,16,0.582,-0.813,0.326,-0.653,-26.932,HR7174,Passed,National Computer Forensics Institute Reauthorization Act,"On Motion to Suspend the Rules and Pass, as Amended",,Crime and Law Enforcement
117,House,753,7/13/22,2,306,429,0,0,0,0,0,0,HR5274,Passed,Prevent Exposure to Narcotics and Toxics Act,On Motion to Suspend the Rules and Pass,,Government Operations and Politics
117,House,754,7/13/22,2,307,260,169,0.37,0.929,0.308,-0.083,-69.625,HR6538,Passed,Active Shooter Alert Act,On Passage,,Crime and Law Enforcement
117,House,755,7/13/22,2,308,208,219,-0.201,0.98,-0.558,-0.89,-14.346,S3373,Failed,Protecting Our Gold Star Families Education Act,On Motion to Commit,,Armed Forces and National Security
117,House,756,7/13/22,2,309,342,88,0.455,0.89,0.264,0.17,-112.441,S3373,Passed,Protecting Our Gold Star Families Education Act,On Passage,,Armed Forces and National Security
117,House,757,7/13/22,2,310,218,207,-0.14,0.99,0.624,0.697,-5.313,HR7900,Agreed to,,On Agreeing to the Amendment,,Armed Forces and National Security
117,House,758,7/13/22,2,311,221,207,0.26,-0.194,0.373,0.902,-24.5,HR7900,Agreed to,,On Agreeing to the Amendment,,Armed Forces and National Security
117,House,759,7/13/22,2,312,220,209,0.417,-0.673,0.555,1.216,-25.536,HR7900,Agreed to,,On Agreeing to the Amendment,,Armed Forces and National Security
117,House,760,7/13/22,2,313,220,207,0.426,-0.905,0.33,0.529,-43.724,HR7900,Agreed to,,On Agreeing to the Amendment,,Armed Forces and National Security
117,House,761,7/13/22,2,314,219,209,0.1,0.276,0.723,0.093,-2.827,HR7900,Agreed to,,On Agreeing to the Amendment,,Armed Forces and National Security
117,House,762,7/13/22,2,315,215,212,0.053,-0.449,0.707,0.718,-10.135,HR7900,Agreed to,,On Agreeing to the Amendment,,Armed Forces and National Security
117,House,763,7/13/22,2,316,78,350,-0.497,-0.013,0.519,1.8,-78.983,HR7900,Failed,,On Agreeing to the Amendment,,Armed Forces and National Security
117,House,764,7/13/22,2,317,151,277,0.181,-0.27,0.122,1.024,-128.961,HR7900,Failed,,On Agreeing to the Amendment,,Armed Forces and National Security
117,House,765,7/13/22,2,318,155,272,-0.287,0.081,0.266,0.645,-81.027,HR7900,Failed,,On Agreeing to the Amendment,,Armed Forces and National Security
117,House,766,7/13/22,2,319,208,221,-0.273,0.962,0.233,0.268,-84.824,HR7900,Failed,,On Agreeing to the Amendment,,Armed Forces and National Security
117,House,767,7/13/22,2,320,216,209,0.12,-0.444,0.651,0.715,-4.632,HR7900,Agreed to,,On Agreeing to the Amendment,,Armed Forces and National Security
117,House,768,7/13/22,2,321,118,309,-0.162,-0.36,0.188,0.61,-105.132,HR7900,Failed,,On Agreeing to the Amendment,,Armed Forces and National Security
117,House,769,7/13/22,2,322,156,270,-0.309,0.135,0.246,0.583,-87.494,HR7900,Failed,,On Agreeing to the Amendment,,Armed Forces and National Security
117,House,770,7/13/22,2,323,218,209,-0.112,0.653,0.639,0.9,-5.615,HR7900,Agreed to,,On Agreeing to the Amendment,,Armed Forces and National Security
117,House,771,7/13/22,2,324,207,219,-0.044,-0.094,0.414,0.643,-25.552,HR7900,Failed,,On Agreeing to the Amendment,,Armed Forces and National Security
117,House,772,7/13/22,2,325,218,208,0.029,0.027,0.716,-0.095,-0.237,HR7900,Agreed to,,On Agreeing to the Amendment,,Armed Forces and National Security
117,House,773,7/13/22,2,326,220,205,0.163,0.095,0.663,0.684,-7.351,HR7900,Agreed to,,On Agreeing to the Amendment,,Armed Forces and National Security
117,House,774,7/14/22,2,327,217,206,-0.058,0.709,0.663,0.754,-4.057,HR7900,Agreed to,,On Agreeing to the Amendment,,Armed Forces and National Security
117,House,775,7/14/22,2,328,209,217,-0.175,0.434,0.593,0.904,-17.406,HR7900,Failed,,On Agreeing to the Amendment,,Armed Forces and National Security
117,House,776,7/14/22,2,329,216,211,0.171,-0.572,0.871,0.855,-6.924,HR7900,Agreed to,,On Agreeing to the Amendment,,Armed Forces and National Security
117,House,777,7/14/22,2,330,233,196,0.219,0.044,0.264,0.485,-39.943,HR7900,Agreed to,,On Agreeing to the Amendment,,Armed Forces and National Security
117,House,778,7/14/22,2,331,226,203,0.161,0.613,0.713,0.348,-13.633,HR7900,Agreed to,,On Agreeing to the Amendment,,Armed Forces and National Security
117,House,779,7/14/22,2,332,330,99,-0.329,-0.926,0.323,-1.628,-121.216,HR7900,Agreed to,,On Agreeing to the Amendment,,Armed Forces and National Security
117,House,780,7/14/22,2,333,362,64,0.023,-0.683,0.229,-1.224,-76.788,HR7900,Agreed to,,On Agreeing to the Amendment,,Armed Forces and National Security
117,House,781,7/14/22,2,334,277,150,-0.207,-0.978,0.249,-0.679,-113.732,HR7900,Agreed to,,On Agreeing to the Amendment,,Armed Forces and National Security
117,House,782,7/14/22,2,335,155,273,-0.145,-0.06,0.141,1.526,-127.746,HR7900,Failed,,On Agreeing to the Amendment,,Armed Forces and National Security
117,House,783,7/14/22,2,336,208,217,-0.093,0.233,0.315,0.445,-25.108,HR7900,Failed,,On Agreeing to the Amendment,,Armed Forces and National Security
117,House,784,7/14/22,2,337,207,219,0.16,-0.408,0.4,0.854,-25.845,HR7900,Failed,,On Agreeing to the Amendment,,Armed Forces and National Security
117,House,785,7/14/22,2,338,222,195,0.226,-0.263,0.299,0.041,-34.402,HR7900,Agreed to,,On Agreeing to the Amendment,,Armed Forces and National Security
117,House,786,7/14/22,2,339,244,179,0.206,0.089,0.09,0.54,-182.225,HR7900,Agreed to,,On Agreeing to the Amendment,,Armed Forces and National Security
117,House,787,7/14/22,2,340,195,232,0.242,-0.793,0.216,0.399,-76.002,HR7900,Failed,,On Agreeing to the Amendment,,Armed Forces and National Security
117,House,788,7/14/22,2,341,226,201,0.153,0.988,0.32,0.05,-31.137,HR7900,Agreed to,,On Agreeing to the Amendment,,Armed Forces and National Security
117,House,789,7/14/22,2,342,215,213,-0.027,-0.077,0.395,0.122,-7.96,HR7900,Agreed to,,On Agreeing to the Amendment,,Armed Forces and National Security
117,House,790,7/14/22,2,343,216,208,0.028,0.037,0.716,-0.085,-0.242,HR7900,Agreed to,,On Agreeing to the Amendment,,Armed Forces and National Security
117,House,791,7/14/22,2,344,215,201,0.201,-0.137,0.709,0.174,-12.311,HR7900,Agreed to,,On Agreeing to the Amendment,,Armed Forces and National Security
117,House,792,7/14/22,2,345,214,201,0.054,0.267,0.616,0.899,-4.133,HR7900,Agreed to,,On Agreeing to the Amendment,,Armed Forces and National Security
117,House,793,7/14/22,2,346,219,207,-0.017,0.683,0.771,1.005,-9.219,HR7900,Agreed to,,On Agreeing to the Amendment,,Armed Forces and National Security
117,House,794,7/14/22,2,347,220,206,0.165,0.023,0.615,0.875,-4.484,HR7900,Agreed to,,On Agreeing to the Amendment,,Armed Forces and National Security
117,House,795,7/14/22,2,348,170,257,0.13,-0.693,0.669,1.704,-72.919,HR7900,Failed,,On Agreeing to the Amendment,,Armed Forces and National Security
117,House,796,7/14/22,2,349,243,187,0.17,0.694,0.249,0.185,-62.349,HR7900,Agreed to,,On Agreeing to the Amendment,,Armed Forces and National Security
117,House,797,7/14/22,2,350,329,101,0.181,-0.236,0.148,-2.426,-134.849,HR7900,Passed,National Defense Authorization Act for Fiscal Year 2023,On Passage,,Armed Forces and National Security
117,House,798,7/14/22,2,351,405,20,0.657,-0.429,0.643,-1.729,-27.856,HR1934,Passed,Promoting United States International Leadership in 5G Act of 2021,"On Motion to Suspend the Rules and Pass, as Amended",,International Affairs
117,House,799,7/14/22,2,352,417,7,0,0,0,0,0,HCONRES59,Passed,"Condemning the October 25, 2021, military coup in Sudan and standing with the people of Sudan",On Motion to Suspend the Rules and Agree to the Resolution,,International Affairs
117,House,800,7/14/22,2,353,409,18,0.512,-0.631,0.366,-1.506,-19.606,HRES720,Passed,"Calling for stability and the cessation of violence and condemning ISIS-affiliated terrorist activity in norther Mozambique, including the Cabo Delgado Province, and for other purposes",On Motion to Suspend the Rules and Agree to the Resolution,,International Affairs
117,House,801,7/14/22,2,354,423,1,0,0,0,0,0,HCONRES45,Passed,"Expressing the sense of Congress regarding the execution-style murders of United States citizens Yilli, Agron, and Mehmet Bytyqui in the Republic of Serbia in July 1999",On Motion to Suspend the Rules and Agree to the Resolution,,International Affairs
117,House,802,7/14/22,2,355,413,8,0,0,0,0,0,HRES892,Passed,Calling on the Government of the Republic of Rwanda to release Paul Rusesabagina on humanitarian grounds,"On Motion to Suspend the Rules and Agree, as Amended",,International Affairs
117,House,803,7/14/22,2,356,406,21,0.505,-0.599,0.38,-1.511,-25.445,HR7337,Passed,Access for Veterans to Records Act,"On Motion to Suspend the Rules and Pass, as Amended",,Government Operations and Politics
117,House,804,7/14/22,2,357,386,35,0.391,-0.92,0.176,-0.419,-69.993,HR203,Passed,"To designate the facility of the United States Postal Service located at 4020 Broadway Street in Houston, Texas, as the “Benny C. Martinez Post Office Buidling”",On Motion to Suspend the Rules and Pass,,Government Operations and Politics
117,House,805,7/14/22,2,358,348,63,0.448,-0.894,0.223,-0.24,-88.165,HR5659,Passed,"To designate the facility of the United States Postal Service located at 1961 North C Street in Oxnard, California, as the “John R. Hatcher III Post Office Building”",On Motion to Suspend the Rules and Pass,,Government Operations and Politics
117,House,806,7/15/22,2,359,209,218,0.029,0.032,-0.716,0.09,-0.239,HR8296,Failed,Women’s Health Protection Act,On Motion to Recommit,,Health
117,House,807,7/15/22,2,360,219,210,0.032,-0.061,0.649,0.735,-3.489,HR8296,Passed,Women’s Health Protection Act,On Passage,,Health
117,House,808,7/15/22,2,361,209,219,0.029,0.032,-0.716,0.09,-0.239,HR8297,Failed,Ensuring Access to Abortion Act,On Motion to Recommit,,Health
117,House,809,7/15/22,2,362,223,205,0.087,0.703,0.775,0.45,-7.499,HR8297,Passed,Ensuring Access to Abortion Act,On Passage,,Health
117,House,810,7/15/22,2,363,421,2,0,0,0,0,0,HR8351,Passed,Formula Act,On Motion to Suspend the Rules and Pass,,Foreign Trade and International Finance
117,House,811,7/18/22,2,364,394,18,0.438,-0.643,0.307,-1.607,-23.88,HRES1130,Passed,Expressing support for the sovereign decision of Finland and Sweden to apply to join the North Atlantic Treaty Organization (NATO) as well as calling on all members of NATO to ratify the protocols of accession swiftly,"On Motion to Suspend the Rules and Agree, as Amended",,International Affairs
117,House,812,7/19/22,2,365,219,199,0.029,0.011,0.716,-0.111,-0.231,HRES1232,Passed,"Providing for consideration of the bill (H.R. 8294), Transportation, Housing and Urban Development, and Related Agencies Appropriations Act, 2023; providing for consideration of the bill (H.R. 8373), Right to Contraception Act; and providing for consideration of the bill (H.R. 8404), Respect for Marriage Act",On Ordering the Previous Question,,Congress
117,House,813,7/19/22,2,366,219,200,0.029,0.012,0.716,-0.11,-0.232,HRES1232,Passed,"Providing for consideration of the bill (H.R. 8294), Transportation, Housing and Urban Development, and Related Agencies Appropriations Act, 2023; providing for consideration of the bill (H.R. 8373), Right to Contraception Act; and providing for consideration of the bill (H.R. 8404), Respect for Marriage Act",On Agreeing to the Resolution,,Congress
117,House,814,7/19/22,2,367,199,229,0.14,0.239,-0.289,-0.065,-20.47,HR8294,Failed,,On Agreeing to the Amendment,,Economics and Public Finance
117,House,815,7/19/22,2,368,336,90,0.431,-0.35,0.28,-0.392,-79.509,HR8294,Agreed to,,On Agreeing to the Amendment,,Economics and Public Finance
117,House,816,7/19/22,2,369,225,201,0.138,0.04,0.719,-0.083,-4.068,HR8294,Agreed to,,On Agreeing to the Amendment,,Economics and Public Finance
117,House,817,7/19/22,2,370,165,264,0.511,-0.83,-0.811,-0.755,-62.497,HR8294,Failed,,On Agreeing to the Amendment,,Economics and Public Finance
117,House,818,7/19/22,2,371,197,230,0.177,0.192,-0.773,-0.947,-16.143,HR8294,Failed,,On Agreeing to the Amendment,,Economics and Public Finance
117,House,819,7/19/22,2,372,224,204,0.094,0.063,0.688,0.483,-1.623,HR8294,Agreed to,,On Agreeing to the Amendment,,Economics and Public Finance
117,House,820,7/19/22,2,373,267,157,0.343,0.251,0.333,0.372,-69.156,HR8404,Passed,Respect for Marriage Act,On Passage,,"Civil Rights and Liberties, Minority Issues"
117,House,821,7/19/22,2,374,365,57,0.383,-0.924,0.345,-0.532,-65.245,,Passed,,On Motion to Suspend the Rules and Pass Certain Bills,,
117,House,822,7/19/22,2,375,379,41,0.312,-0.95,0.246,-0.637,-61.076,S144,Passed,Desert Sage Youth Wellness Center Access Improvement Act,On Motion to Suspend the Rules and Pass,,Native Americans
117,House,823,7/19/22,2,376,377,45,0.509,-0.861,1.169,-1.464,-72.269,HR4404,Passed,Kissimmee River Wild and Scenic River Act,"On Motion to Suspend the Rules and Pass, as Amended",,Public Lands and Natural Resources
117,House,824,7/19/22,2,377,379,43,0.36,-0.933,0.89,-1.982,-62.767,HR7025,Passed,Advancing Human Rights-Centered International Conservation Act,"On Motion to Suspend the Rules and Pass, as Amended",,International Affairs
117,House,825,7/19/22,2,378,397,22,0.69,-0.397,0.901,-2.147,-40.753,HR7693,Passed,National Park Foundation Reauthorization Act,On Motion to Suspend the Rules and Pass,,Public Lands and Natural Resources
117,House,826,7/20/22,2,379,355,56,0.36,-0.661,0.244,-0.595,-64.663,HR8294,Agreed to,,On Agreeing to the Amendment,,Economics and Public Finance
117,House,827,7/20/22,2,380,163,260,0.09,-0.537,0.185,0.532,-99.032,HR8294,Failed,,On Agreeing to the Amendment,,Economics and Public Finance
117,House,828,7/20/22,2,381,238,191,0.325,-0.946,0.127,0.079,-177.235,HR8294,Agreed to,,On Agreeing to the Amendment,,Economics and Public Finance
117,House,829,7/20/22,2,382,206,219,0.029,0.018,-0.716,0.104,-0.237,HR8294,Failed,,On Motion to Recommit,,Economics and Public Finance
117,House,830,7/20/22,2,383,220,207,0.028,0.029,0.716,-0.093,-0.242,HR8294,Passed,,On Passage,,Economics and Public Finance
117,House,831,7/21/22,2,384,190,234,-0.231,0.973,-0.365,-0.791,-46.61,HR8373,Failed,Right to Contraception Act,On Motion to Recommit,,Health
117,House,832,7/21/22,2,385,228,195,0.289,-0.873,0.486,0.262,-18.422,HR8373,Passed,Right to Contraception Act,On Passage,,Health
117,House,833,7/26/22,2,386,217,193,0.029,0.018,0.716,-0.107,-0.236,HRES1254,Passed,"Providing for consideration of the bills: H.R. 3771 South Asian Heart Health Awareness and Research Act, H.R. 5118 Wildfire Response and Drought Resiliency Act, and H.R. 6929 Susan Muffley Act",On Ordering the Previous Question,,Congress
117,House,834,7/26/22,2,387,218,201,0.027,0.011,0.716,-0.098,-0.225,HRES1254,Passed,"Providing for consideration of the bills: H.R. 3771 South Asian Heart Health Awareness and Research Act, H.R. 5118 Wildfire Response and Drought Resiliency Act, and H.R. 6929 Susan Muffley Act",On Agreeing to the Resolution,,Congress
117,House,835,7/26/22,2,388,401,20,0.409,-0.79,0.391,-1.429,-25.585,HR6552,Passed,Frederick Douglass Trafficking Victims Prevention and Protection Reauthorization Act of 2022,"On Motion to Suspend the Rules and Pass, as Amended",,Crime and Law Enforcement
117,House,836,7/26/22,2,389,359,62,0.505,-0.385,0.208,-0.362,-82.316,HR7289,Passed,Federal PFAS Research Evaluation Act,"On Motion to Suspend the Rules and Pass, as Amended",,Environmental Protection
117,House,837,7/26/22,2,390,323,92,0.326,-0.506,0.292,-0.561,-74.669,HR3588,Passed,Mathematical and Statistical Modeling Education Act,"On Motion to Suspend the Rules and Pass, as Amended",,Education
117,House,838,7/26/22,2,391,350,69,0.311,-0.517,0.253,-0.753,-69.788,HR7180,Passed,Brycen Gray and Ben Price COVID-19 Cognitive Research Act,On Motion to Suspend the Rules and Pass,,Health
117,House,839,7/26/22,2,392,325,95,0.345,0.939,0.248,0.297,-112.69,HR8454,Passed,Medical Marijuana and Cannabidiol Research Expansion Act,"On Motion to Suspend the Rules and Pass, as Amended",,Health
117,House,840,7/26/22,2,393,349,70,0.308,-0.951,0.177,-0.333,-101.661,HR7734,Passed,Timely Delivery of Bank Secrecy Act Reports Act,"On Motion to Suspend the Rules and Pass, as Amended",,Finance and Financial Sector
117,House,841,7/27/22,2,394,218,208,0.029,0.013,0.716,-0.11,-0.237,HRES1256,Passed,"Providing for consideration of the bill (H.R. 263) Big Cat Public Safety Act, and providing for consideration of the bill (H.R. 4040) Advancing Telehealth Beyond COVID-19 Act, and for other purposes",On Ordering the Previous Question,,Congress
117,House,842,7/27/22,2,395,218,207,0.056,0.124,0.335,-0.338,-12.176,HRES1256,Passed,"Providing for consideration of the bill (H.R. 263) Big Cat Public Safety Act, and providing for consideration of the bill (H.R. 4040) Advancing Telehealth Beyond COVID-19 Act, and for other purposes",On Agreeing to the Resolution,,Congress
117,House,843,7/27/22,2,396,254,175,0.117,0.993,0.202,0.176,-98.057,HR6929,Passed,Susan Muffley Act,On Passage,,Labor and Employment
117,House,844,7/27/22,2,397,198,225,-0.265,0.964,-0.506,-1.076,-30.147,HR3771,Failed,South Asian Heart Health Awareness and Research Act,On Motion to Recommit,,Health
117,House,845,7/27/22,2,398,237,192,0.209,-0.709,0.282,-0.019,-46.125,HR3771,Passed,South Asian Heart Health Awareness and Research Act,On Passage,,Health
117,House,846,7/27/22,2,399,205,221,0.049,0.551,-0.289,-0.091,-15.427,HR4040,Failed,Advancing Telehealth Beyond COVID-19 Act,On Motion to Recommit,,Health
117,House,847,7/27/22,2,400,416,12,0.548,-0.837,0.175,-0.628,-33.783,HR4040,Passed,Advancing Telehealth Beyond COVID-19 Act,On Passage,,Health
117,House,848,7/27/22,2,401,336,90,0.443,-0.716,0.285,-0.209,-91.507,,Passed,,On Motion to Suspend the Rules and Pass Certain Bills,,
117,House,849,7/28/22,2,402,218,208,0.029,0.012,0.716,-0.112,-0.237,HRES1289,Passed,"Providing for consideration of the Senate amendment to the House amendment to the Senate amendment to the bill (H.R. 4346) making appropriations for the Legislative Branch for the fiscal year ending September 30, 2022, and for other purposes",On Ordering the Previous Question,,Congress
117,House,850,7/28/22,2,403,216,208,-0.038,0.214,0.696,0.413,-1.981,HRES1289,Passed,"Providing for consideration of the Senate amendment to the House amendment to the Senate amendment to the bill (H.R. 4346) making appropriations for the Legislative Branch for the fiscal year ending September 30, 2022, and for other purposes",On Agreeing to the Resolution,,Congress
117,House,851,7/28/22,2,404,243,187,0.262,-0.097,0.268,0.001,-53.278,HR4346,Passed,"Making appropriations for Legislative Branch for the fiscal year ending September 30, 2022, and for other purposes",On Motion to Concur in the Senate Adt to the House Adt to the Senate Adt,,"Science, Technology, Communications"
117,House,852,7/29/22,2,405,216,205,0.028,0.013,0.716,-0.117,-0.235,HRES1300,Passed,"Waiving a requirement of clause 6(a) of rule XIII with respect to consideration of certain resolutions reported from the Committee on Rules, and for other purposes",On Ordering the Previous Question,,Congress
117,House,853,7/29/22,2,406,218,206,-0.072,0.215,0.715,0.187,-5.108,HRES1300,Passed,"Waiving a requirement of clause 6(a) of rule XIII with respect to consideration of certain resolutions reported from the Committee on Rules, and for other purposes",On Agreeing to the Resolution,,Congress
117,House,854,7/29/22,2,407,215,205,0.028,0.009,0.716,-0.11,-0.235,HRES1302,Passed,"Providing for consideration of the bill (H.R. 1808) to regulate assault weapons, to ensure that the right to keep and bear arms is not unlimited, and for other purposes",On Ordering the Previous Question,,Congress
117,House,855,7/29/22,2,408,217,211,0.097,-0.83,0.672,0.543,-9.194,HRES1302,Passed,"Providing for consideration of the bill (H.R. 1808) to regulate assault weapons, to ensure that the right to keep and bear arms is not unlimited, and for other purposes",On Agreeing to the Resolution,,Congress
117,House,856,7/29/22,2,409,207,220,-0.046,-0.987,-0.567,0.326,-7.068,HR1808,Failed,Assault Weapons Ban,On Motion to Recommit,,Crime and Law Enforcement
117,House,857,7/29/22,2,410,217,213,0.053,-0.06,0.276,0.39,-21.877,HR1808,Passed,Assault Weapons Ban,On Passage,,Crime and Law Enforcement
117,House,858,7/29/22,2,411,223,203,0.096,0.051,0.689,0.473,-1.612,HR5118,Agreed to,,On Agreeing to the Amendment,,Public Lands and Natural Resources
117,House,859,7/29/22,2,412,296,128,0.402,-0.915,0.258,-0.036,-104.267,HR5118,Agreed to,,On Agreeing to the Amendment,,Public Lands and Natural Resources
117,House,860,7/29/22,2,413,200,218,0.029,0.004,-0.715,0.121,-0.232,HR5118,Failed,Continental Divide Trail Completion Act,On Motion to Recommit,,Public Lands and Natural Resources
117,House,861,7/29/22,2,414,218,199,-0.036,0.764,0.416,0.202,-6.721,HR5118,Passed,Continental Divide Trail Completion Act,On Passage,,Public Lands and Natural Resources
117,House,862,7/29/22,2,415,278,134,0.135,0.991,0.319,0.545,-96.088,HR263,Passed,Big Cat Public Safety Act,On Passage,,Animals
117,House,863,7/29/22,2,416,391,9,0,0,0,0,0,HR7283,Passed,STREAM Act,"On Motion to Suspend the Rules and Pass, as Amended",,Environmental Protection
117,House,864,7/29/22,2,417,303,89,0.119,-0.993,-0.149,-0.524,-117.576,S3451,Passed,"To include certain computer-related projects in the Federal permitting program under title XLI of the FAST Act, and for other purposes",On Motion to Suspend the Rules and Pass,,Environmental Protection
117,House,865,8/12/22,2,418,219,208,0.028,0.009,0.716,-0.114,-0.236,HRES1316,Passed,Providing for consideration of the Senate amendment to the bill (H.R. 5376) to provide for reconciliation pursuant to title II of S. Con. Res. 14,On Ordering the Previous Question,,Congress
117,House,866,8/12/22,2,419,219,208,0.028,0.009,0.716,-0.114,-0.236,HRES1316,Passed,Providing for consideration of the Senate amendment to the bill (H.R. 5376) to provide for reconciliation pursuant to title II of S. Con. Res. 14,On Agreeing to the Resolution,,Congress
117,House,867,8/12/22,2,420,220,207,0.028,0.022,0.716,-0.101,-0.243,HR5376,Passed,To provide for reconciliation pursuant to title II of S. Con. Res. 14,On Motion to Concur in the Senate Amendment,,Economics and Public Finance
117,House,868,9/13/22,2,421,415,0,0,0,0,0,0,S4785,Passed,To extend by 19 days the authorization for the special assessment for the Domestic Trafficking Victims’ Fund,On Motion to Suspend the Rules and Pass,,Crime and Law Enforcement
117,House,869,9/13/22,2,422,308,110,0.192,-0.981,0.302,-0.464,-88.973,HR5315,Passed,Drone Infrastructure Inspection Grant Act,"On Motion to Suspend the Rules and Pass, as Amended",,Transportation and Public Works
117,House,870,9/13/22,2,423,328,88,0.165,-0.986,0.36,-0.745,-82.166,HR1066,Passed,Wildfire Recovery Act,"On Motion to Suspend the Rules and Pass, as Amended",,Emergency Management
117,House,871,9/14/22,2,424,213,206,0.028,0.022,0.716,-0.101,-0.254,HRES1339,Passed,Providing for consideration of the bill (H.R. 302) Preventing a Patronage System Act; providing for consideration of the bill (H.R. 2988) Whistleblower Protection Improvement Act; providing for consideration of the bill (H.R. 8326) Ensuring a Fair and Accurate Census Act,On Ordering the Previous Question,,Congress
117,House,872,9/14/22,2,425,219,209,0.028,0.022,0.716,-0.101,-0.255,HRES1339,Passed,Providing for consideration of the bill (H.R. 302) Preventing a Patronage System Act; providing for consideration of the bill (H.R. 2988) Whistleblower Protection Improvement Act; providing for consideration of the bill (H.R. 8326) Ensuring a Fair and Accurate Census Act,On Agreeing to the Resolution,,Congress
117,House,873,9/14/22,2,426,397,29,0.488,-0.873,1.013,-2.345,-60.07,,Passed,,On Motion to Suspend the Rules and Pass Certain Bills,,
117,House,874,9/14/22,2,427,293,133,0.334,-0.923,0.25,-0.123,-103.609,HR884,Passed,National Aviation Preparedness Plan Act,"On Motion to Suspend the Rules and Pass, as Amended",,Transportation and Public Works
117,House,875,9/14/22,2,428,406,20,0.531,-0.847,0.155,-0.471,-56.934,HR5774,Passed,Expediting Disaster Recovery Act,"On Motion to Suspend the Rules and Pass, as Amended",,Emergency Management
117,House,876,9/14/22,2,429,387,38,0.449,-0.894,0.942,-1.628,-56.87,S2293,Passed,CREW Act,On Motion to Suspend the Rules and Pass,,Government Operations and Politics
117,House,877,9/14/22,2,430,347,78,0.318,-0.948,0.277,-0.416,-91.616,S442,Passed,BRIGHT Act,On Motion to Suspend the Rules and Pass,,Government Operations and Politics
117,House,878,9/15/22,2,431,204,226,0.135,-0.704,-0.69,0.263,-15.024,HR302,Failed,,On Agreeing to the Amendment,,Government Operations and Politics
117,House,879,9/15/22,2,432,225,204,0.199,0.693,0.716,-0.012,-11.885,HR302,Passed,Preventing a Patronage System Act,On Passage,,Government Operations and Politics
117,House,880,9/15/22,2,433,223,211,0.027,0.026,0.716,-0.097,-0.265,HR8326,Agreed to,,On Agreeing to the Amendment,,Government Operations and Politics
117,House,881,9/15/22,2,434,210,222,0.103,-0.298,-0.638,-0.784,-5.236,HR8326,Failed,,On Agreeing to the Amendment,,Government Operations and Politics
117,House,882,9/15/22,2,435,220,208,0.028,0.008,0.716,-0.114,-0.248,HR8326,Passed,Ensuring a Fair and Accurate Census Act,On Passage,,Government Operations and Politics
117,House,883,9/15/22,2,436,224,206,0.094,0.058,0.688,0.485,-1.637,HR2988,Agreed to,,On Agreeing to the Amendment,,Government Operations and Politics
117,House,884,9/15/22,2,437,221,203,-0.034,0.675,0.65,0.83,-5.028,HR2988,Passed,Whistleblower Protection Improvement Act,On Passage,,Government Operations and Politics
117,House,885,9/19/22,2,438,402,4,0,0,0,0,0,S3895,Passed,United States Commission on International Religious Freedom Reauthorization Act,On Motion to Suspend the Rules and Pass,,International Affairs
117,House,886,9/19/22,2,439,363,52,0.285,-0.646,0.418,-1.45,-46.966,S3157,Passed,Bridging the Gap for New Americans Act,On Motion to Suspend the Rules and Pass,,Immigration
117,House,887,9/19/22,2,440,290,125,0.294,-0.956,0.242,-0.191,-102.166,HR1456,Passed,Peace Corps Reauthorization Act,"On Motion to Suspend the Rules and Pass, as Amended",,International Affairs
117,House,888,9/20/22,2,441,219,206,0.031,0.01,0.716,-0.115,-0.228,HRES1361,Passed,"Providing for consideration of S. 1098, the Joint Consolidation Loan Separation Act; and for other purposes",On Ordering the Previous Question,,Congress
117,House,889,9/20/22,2,442,220,205,0.031,0.01,0.716,-0.115,-0.228,HRES1361,Passed,"Providing for consideration of S. 1098, the Joint Consolidation Loan Separation Act; and for other purposes",On Agreeing to the Resolution,,Congress
117,House,890,9/20/22,2,443,361,69,0.229,-0.974,0.34,-0.738,-72.956,,Passed,,On Motion to Suspend the Rules and Pass Certain Bills and Agree to a Resolution,,
117,House,891,9/20/22,2,444,414,12,0.409,-0.913,0.472,-2.002,-19.229,S2490,Passed,Blackwell School National Historic Site Act,On Motion to Suspend the Rules and Pass,,Public Lands and Natural Resources
117,House,892,9/21/22,2,445,219,209,-0.083,-0.793,0.674,-0.577,-4.276,HRES1372,Passed,"Providing for consideration of the bill (H.R. 8873) to amend title 3, United States Code, to reform the process for the counting of electoral votes, and for other purposes",On Ordering the Previous Question,,Congress
117,House,893,9/21/22,2,446,219,209,-0.083,-0.793,0.674,-0.58,-4.262,HRES1372,Passed,"Providing for consideration of the bill (H.R. 8873) to amend title 3, United States Code, to reform the process for the counting of electoral votes, and for other purposes",On Agreeing to the Resolution,,Congress
117,House,894,9/21/22,2,447,202,228,-0.259,0.966,-0.53,-1.091,-27.226,S1098,Failed,Joint Consolidation Loan Separation Act,On Motion to Commit,,Education
117,House,895,9/21/22,2,448,232,193,0.078,0.997,0.49,0.496,-31.676,S1098,Passed,Joint Consolidation Loan Separation Act,On Passage,,Education
117,House,896,9/21/22,2,449,229,203,0.158,0.532,0.298,0.07,-27.384,HR8873,Passed,Presidential Election Reform Act,On Passage,,Government Operations and Politics
117,House,897,9/22/22,2,450,216,215,-0.05,-0.08,0.597,-0.947,-5.712,HRES1377,Passed,"Providing for consideration of H.R. 4118, the Break the Cycle of Violence Act; H.R. 5768, the Violent Incident Clearance and Technological Investigative Methods Act of 2022; H.R. 6448, the Invest to Protect Act of 2022; and H.R. 8542, the Mental Health Justice Act of 2022",On Agreeing to the Resolution,,Congress
117,House,898,9/22/22,2,451,360,64,0.435,-0.297,0.17,-0.859,-87.322,HR6448,Passed,Invest to Protect Act,On Passage,,Crime and Law Enforcement
117,House,899,9/22/22,2,452,223,206,0.099,0.367,0.35,0.178,-11.481,HR8542,Passed,Mental Health Justice Act of 2022,On Passage,,Health
117,House,900,9/22/22,2,453,220,207,0.093,0.064,0.687,0.491,-1.636,HR4118,Passed,Break the Cycle of Violence Act,On Passage,,Crime and Law Enforcement
117,House,901,9/22/22,2,454,250,178,0.215,0.977,0.354,0.201,-59.204,HR5768,Passed,Violent Incident Clearance and Technological Investigative Methods Act,On Passage,,Crime and Law Enforcement
117,House,902,9/28/22,2,455,220,208,0.028,0.008,0.716,-0.114,-0.248,HRES1396,Passed,Providing for consideration of the bill (H.R. 3843) Merger Filing Fee Modernization Act; providing for consideration of the bill (H.R. 7780) Mental Health Matters Act; and providing for consideration of the bill (S. 3969) PAVA Program Inclusion Act,On Ordering the Previous Question,,Congress
117,House,903,9/28/22,2,456,217,212,0.021,0.86,0.369,-0.067,-12.872,HRES1396,Passed,Providing for consideration of the bill (H.R. 3843) Merger Filing Fee Modernization Act; providing for consideration of the bill (H.R. 7780) Mental Health Matters Act; and providing for consideration of the bill (S. 3969) PAVA Program Inclusion Act,On Agreeing to the Resolution,,Congress
117,House,904,9/28/22,2,457,369,56,0.367,-0.93,0.299,-0.512,-68.326,HR3482,Passed,National Center for the Advancement of Aviation Act,"On Motion to Suspend the Rules and Pass, as Amended",,Transportation and Public Works
117,House,905,9/29/22,2,458,208,220,0.028,0.008,-0.716,0.114,-0.248,HR7780,Failed,Mental Health Matters Act,On Motion to Recommit,,Education
117,House,906,9/29/22,2,459,220,205,0.093,0.064,0.687,0.492,-1.635,HR7780,Passed,Mental Health Matters Act,On Passage,,Education
117,House,907,9/29/22,2,460,242,184,-0.132,0.991,0.136,0.192,-150.883,HR3843,Passed,Merger Filing Fee Modernization Act,On Passage,,Commerce
117,House,908,9/29/22,2,461,415,9,0,0,0,0,0,S4900,Passed,SBIR and STTR Extension Act,On Motion to Suspend the Rules and Pass,,Commerce
117,House,909,9/29/22,2,462,351,73,0.244,-0.97,0.283,-0.564,-82.802,HR8466,Passed,Chai Suthammanont Healthy Federal Workplaces Act,"On Motion to Suspend the Rules and Pass, as Amended",,Government Operations and Politics
117,House,910,9/29/22,2,463,423,0,0,0,0,0,0,S3470,Passed,End Human Trafficking in Government Contracts Act,On Motion to Suspend the Rules and Pass,,Government Operations and Politics
117,House,911,9/29/22,2,464,393,29,0.508,-0.48,0.371,-1.487,-29.131,S2551,Passed,AI Training Act,On Motion to Suspend the Rules and Pass,,Government Operations and Politics
117,House,912,9/29/22,2,465,414,7,0,0,0,0,0,S958,Passed,Maximizing Outcomes through Better Investments in Lifesaving Equipment for (MOBILE) Health Care Act,On Motion to Suspend the Rules and Pass,,Health
117,House,913,9/29/22,2,466,325,93,0.395,-0.919,0.266,-0.217,-96.079,HR6965,Passed,Visit America Act,"On Motion to Suspend the Rules and Pass, as Amended",,Commerce
117,House,914,9/29/22,2,467,374,52,0.584,-0.812,1.074,-0.455,-62.658,HR7321,Passed,Global Aircraft Maintenance Safety Improvement Act,"On Motion to Suspend the Rules and Pass, as Amended",,Transportation and Public Works
117,House,915,9/29/22,2,468,381,42,0.518,-0.855,0.979,-1.097,-55.594,S3662,Passed,Preventing PFAS Runoff at Airports Act,"On Motion to Suspend the Rules and Pass, as Amended",,Transportation and Public Works
117,House,916,9/29/22,2,469,376,49,0.192,-0.981,0.197,-0.618,-76.582,HR8888,Passed,Food Security for All Veterans Act,"On Motion to Suspend the Rules and Pass, as Amended",,Armed Forces and National Security
117,House,917,9/29/22,2,470,425,0,0,0,0,0,0,S2794,Passed,Supporting Families of the Fallen Act,On Motion to Suspend the Rules and Pass,,Armed Forces and National Security
117,House,918,9/29/22,2,471,331,95,0.302,-0.839,0.366,-0.522,-78.888,HR8446,Passed,Global Food Security Reauthorization Act,"On Motion to Suspend the Rules and Pass, as Amended",,International Affairs
117,House,919,9/29/22,2,472,334,87,0.226,-0.862,0.321,-0.645,-80.566,HR8463,Passed,Millennium Challenge Corporation Eligibility Expansion Act,On Motion to Suspend the Rules and Pass,,International Affairs
117,House,920,9/29/22,2,473,296,127,0.112,-0.994,0.22,-0.358,-111.033,,Passed,,On Motion to Suspend the Rules and Pass Certain Bills and Concur in the Senate Amendments,,
117,House,921,9/30/22,2,474,219,208,0.108,0.254,0.723,0.004,-2.801,HRES1404,Passed,Providing for consideration of the Senate amendment to the bill (H.R. 6833) Affordable Insulin Now Act and providing for consideration of the bill (H.R. 8987) Fairness for 9/11 Families Act,On Ordering the Previous Question,,Congress
117,House,922,9/30/22,2,475,219,209,0.028,0.008,0.716,-0.114,-0.248,HRES1404,Passed,Providing for consideration of the Senate amendment to the bill (H.R. 6833) Affordable Insulin Now Act and providing for consideration of the bill (H.R. 8987) Fairness for 9/11 Families Act,On Agreeing to the Resolution,,Congress
117,House,923,9/30/22,2,476,230,201,0.169,0.394,0.294,0.112,-28.63,HR6833,Passed,Affordable Insulin Now Act,On Motion to Concur in the Senate Amendment,,Economics and Public Finance
117,House,924,9/30/22,2,477,400,31,0.255,-0.967,0.119,-0.508,-73.399,HR8987,Passed,Fairness for 9/11 Families Act,On Passage,,Crime and Law Enforcement
117,House,925,11/14/22,2,478,304,111,0.42,0.458,0.263,0.276,-107.24,HR5441,Passed,PAST Act,"On Motion to Suspend the Rules and Pass, as Amended",,Animals
117,House,926,11/15/22,2,479,215,208,0.028,0.008,0.716,-0.114,-0.248,HRES1464,Passed,"Providing for consideration of the bill S. 4524, the Speak Out Act, and for other purposes",On Agreeing to the Resolution,,Congress
117,House,927,11/16/22,2,480,315,109,0.46,0.888,0.281,0.069,-105.575,S4524,Passed,Speak Out Act,On Passage,,Law
117,House,928,11/17/22,2,481,381,39,0.628,-0.217,0.749,-1.798,-45.815,,Passed,,On Motion to Suspend the Rules and Pass Certain Bills,,
117,House,929,11/17/22,2,482,359,62,0.538,0.843,0.244,0.132,-106.716,S3369,Passed,"To designate the medical center of the Department of Veterans Affairs in metropolitan Atlanta, Georgia, as the “Joseph Maxwell Cleland Atlanta Department of Veterans Affairs Medical Center”",On Motion to Suspend the Rules and Pass,,Armed Forces and National Security
117,House,930,11/17/22,2,483,418,2,0,0,0,0,0,S4359,Passed,Senator Johnny Isakson VA Regional Office Act,On Motion to Suspend the Rules and Pass,,Armed Forces and National Security
117,House,931,11/17/22,2,484,414,2,0,0,0,0,0,HR2250,Passed,Department of Veterans Affairs Information Technology Reform Act,"On Motion to Suspend the Rules and Pass, as Amended",,Armed Forces and National Security
117,House,932,11/17/22,2,485,402,13,0.822,-0.188,0.924,-1.562,-24.166,HR3630,Passed,Lymphedema Treatment Act,"On Motion to Suspend the Rules and Pass, as Amended",,Health
117,House,933,11/29/22,2,486,247,160,0.381,0.925,0.285,-0.106,-71.5,S4003,Failed,Law Enforcement De-Escalation Training Act of 2022,On Motion to Suspend the Rules and Pass,,Crime and Law Enforcement
117,House,934,11/29/22,2,487,389,22,0.413,-0.674,0.331,-1.548,-26.694,S3846,Passed,Justice and Mental Health Collaboration Reauthorization Act of 2022,"On Motion to Suspend the Rules and Pass, as Amended",,Crime and Law Enforcement
117,House,935,11/29/22,2,488,307,101,0.397,0.918,0.244,0.168,-111.097,HR5455,Passed,Terry Technical Correction Act,"On Motion to Suspend the Rules and Pass, as Amended",,Crime and Law Enforcement
117,House,936,11/30/22,2,489,216,202,0.028,0.007,0.715,-0.116,-0.247,HRES1499,Passed,Providing for consideration of the bill (H.R. 3372); providing for consideration of the bill (H.R. 6878); providing for consideration of the bill (H.R. 8876); providing for consideration of the joint resolution (H.J. Res. 100); and for other purposes,On Agreeing to the Resolution,,Congress
117,House,937,11/30/22,2,490,290,137,0.431,0.759,0.169,-0.014,-151.094,HJRES100,Passed,To provide for a resolution with respect to the unresolved disputes between certain railroads represented by the National Carriers’ Conference Committee of the National Railway Labor Conference and certain of their employees,On Passage,,Labor and Employment
117,House,938,11/30/22,2,491,221,207,0.061,0.634,0.682,0.611,-6.746,HCONRES119,Passed,Providing for a correction in the enrollment of H.J. Res. 100,On Agreeing to the Resolution,,Labor and Employment
117,House,939,12/1/22,2,492,259,167,0.343,0.202,0.295,-0.079,-66.893,HR3372,Passed,One Stop Shop Community Reentry Program Act of 2021,On Passage,,Crime and Law Enforcement
117,House,940,12/1/22,2,493,324,90,0.531,0.847,0.29,0.005,-100.132,HR6878,Passed,Pregnant Women in Custody Act,On Passage,,Crime and Law Enforcement
117,House,941,12/1/22,2,494,407,17,0.426,-0.734,0.438,-2.079,-26.051,HR4785,Passed,Uyghur Policy Act,"On Motion to Suspend the Rules and Pass, as Amended",,International Affairs
117,House,942,12/1/22,2,495,401,18,0.653,-0.758,0.3,-0.361,-36.419,,Passed,,On Motion to Suspend the Rules and Pass Certain Bills and Agree to Certain Resolutions,,
117,House,943,12/1/22,2,496,350,66,0.287,-0.793,0.162,-0.397,-100.375,,Passed,,On Motion to Suspend the Rules and Pass Certain Bills,,
117,House,944,12/1/22,2,497,376,44,0.761,0.649,1.247,-0.882,-68.562,HR2521,Passed,DOULA for VA Act of 2022,"On Motion to Suspend the Rules and Pass, as Amended",,Armed Forces and National Security
117,House,945,12/1/22,2,498,400,22,0.455,-0.89,0.72,-1.785,-33.78,S231,Passed,Protecting Firefighters from Adverse Substances Act,On Motion to Suspend the Rules and Pass,,Emergency Management
117,House,946,12/1/22,2,499,406,14,0.487,-0.874,0.237,-0.755,-26.178,S3115,Passed,To remove the 4-year sunset from the Pro bono Work to Empower and Represent Act of 2018,On Motion to Suspend the Rules and Pass,,Crime and Law Enforcement
117,House,947,12/2/22,2,500,390,26,0.53,-0.55,0.491,-1.239,-26.669,HR8876,Passed,Jackie Walorski Maternal and Child Home Visiting Reauthorization Act of 2022,On Passage,,Health
117,House,948,12/6/22,2,501,215,201,0.028,0.008,0.716,-0.115,-0.248,HRES1508,Passed,Providing for consideration of the bill (H.R. 3648) the Eagle Act; providing for consideration of the bill (H.R. 7946) the Veteran Service Recognition Act; and for other purposes; and for other purposes,On Agreeing to the Resolution,,Congress
117,House,949,12/6/22,2,502,213,207,0.028,0.008,0.716,-0.114,-0.248,HR7946,Agreed to,,On Agreeing to the Amendment,,Immigration
117,House,950,12/6/22,2,503,220,208,0.167,0.296,0.718,-0.122,-7.229,HR7946,Passed,Veteran Service Recognition Act,On Passage,,Immigration
117,House,951,12/6/22,2,504,380,46,0.557,-0.279,0.475,-1.314,-38.64,,Passed,,On Motion to Suspend the Rules and Pass Certain Bills,,
117,House,952,12/6/22,2,505,408,17,0.746,-0.291,0.656,-1.486,-22.377,S4052,Passed,Early Hearing Detection and Intervention Act,On Motion to Suspend the Rules and Pass,,Health
117,House,953,12/6/22,2,506,417,0,0,0,0,0,0,HR3462,Passed,SBA Cyber Awareness Act,On the Motion to Suspend the Rules and Concur in the Senate Amendment,,Commerce
117,House,954,12/6/22,2,507,333,92,0.399,-0.742,0.269,-0.275,-94.897,S3875,Passed,Community Disaster Resilience Zones Act,On Motion to Suspend the Rules and Pass,,Emergency Management
117,House,955,12/6/22,2,508,424,1,0,0,0,0,0,S3499,Passed,"To amend the Post-Katrina Emergency Management Reform Act of 2006 to repeal certain obsolete requirements, and for other purposes",On Motion to Suspend the Rules and Pass,,Emergency Management
117,House,956,12/6/22,2,509,408,11,0.848,-0.148,0.812,-1.406,-18.528,S2796,Passed,Rural Opioid Abuse Prevention Act,On Motion to Suspend the Rules and Pass,,Crime and Law Enforcement
117,House,957,12/6/22,2,510,421,1,0,0,0,0,0,S4834,Passed,PROTECT Our Children Act,On Motion to Suspend the Rules and Pass,,Crime and Law Enforcement
117,House,958,12/6/22,2,511,396,24,0.34,-0.94,0.174,-0.636,-45.614,HR5796,Passed,Patents for Humanity Act,On the Motion to Suspend the Rules and Concur in the Senate Amendment,,Commerce
117,House,959,12/7/22,2,512,217,204,0.028,0.008,0.716,-0.115,-0.248,HRES1510,Passed,"Providing for consideration of the Senate amendment to the bill (H.R. 8404) to repeal the Defense of Marriage Act and ensure respect for State regulation of marriage, and for other purposes",On Agreeing to the Resolution,,Congress
117,House,960,12/8/22,2,513,258,169,0.243,0.97,0.422,0.287,-62.942,HR8404,Passed,Respect for Marriage Act,On Motion to Concur in the Senate Amendment,,"Civil Rights and Liberties, Minority Issues"
117,House,961,12/8/22,2,514,224,164,0.25,0.968,0.352,0.12,-51.36,HR8404,Passed,Respect for Marriage Act,Table Motion to Reconsider,,"Civil Rights and Liberties, Minority Issues"
117,House,962,12/8/22,2,515,129,227,0.184,-0.836,-0.221,0.207,-80.768,,Failed,,On Motion to Adjourn,,
117,House,963,12/8/22,2,516,350,80,0.982,0.191,0.251,-1.231,-124.544,HRES1512,Passed,"Providing for the concurrence by the House in the Senate amendment to H.R. 7776, with an amendment",On Motion to Suspend the Rules and Agree,,Armed Forces and National Security
117,House,964,12/8/22,2,517,406,8,0,0,0,0,0,S1617,Passed,Disaster Assistance for Rural Communities Act,On Motion to Suspend the Rules and Pass,,Commerce
117,House,965,12/12/22,2,518,356,56,0.386,-0.838,0.295,-0.521,-65.417,S1466,Passed,Saline Lake Ecosystems in the Great Basin States Program Act,"On Motion to Suspend the Rules and Pass, as Amended",,Environmental Protection
117,House,966,12/13/22,2,519,420,3,0,0,0,0,0,HR7535,Passed,Quantum Computing Cybersecurity Preparedness Act,On Motion to Suspend the Rules and Concur in the Senate Amendment,,Government Operations and Politics
117,House,967,12/14/22,2,520,212,210,0.026,0.035,0.715,-0.119,-0.247,HRES1518,Passed,"Providing for consideration of the bills H.R. 1948, S. 3905, and S. 4003; providing for consideration of the Senate amendment to the bill H.R. 1437; relating to consideration of the Senate amendments to the bill H.R. 2617; and for other purposes; and for other purposes",On Ordering the Previous Question,,Congress
117,House,968,12/14/22,2,521,216,206,0.027,0.022,0.716,-0.098,-0.255,HRES1518,Passed,"Providing for consideration of the bills H.R. 1948, S. 3905, and S. 4003; providing for consideration of the Senate amendment to the bill H.R. 1437; relating to consideration of the Senate amendments to the bill H.R. 2617; and for other purposes; and for other purposes",On Agreeing to the Resolution,,Congress
117,House,969,12/14/22,2,522,349,80,0.22,-0.975,0.376,-0.743,-75.477,,Passed,,On Motion to Suspend the Rules and Pass Certain Bills and Concur in a Senate Amendment,,
117,House,970,12/14/22,2,523,224,201,0.249,-0.968,0.589,0.133,-21.599,HR1437,Passed,PRECIP Act,On Motion to Concur in the Senate Amendment with an Amendment,,Economics and Public Finance
117,House,971,12/14/22,2,524,219,205,0.161,0.082,0.699,0.381,-5.992,S3905,Passed,Preventing Organizational Conflicts of Interest in Federal Acquisition Act,On Passage,,Government Operations and Politics
117,House,972,12/14/22,2,525,264,162,0.414,0.91,0.274,-0.117,-85.861,S4003,Passed,Law Enforcement De-Escalation Training Act of 2022,On Passage,,Crime and Law Enforcement
117,House,973,12/14/22,2,526,422,4,0,0,0,0,0,S5230,Passed,Billy’s Law,On Motion to Suspend the Rules and Pass,,Crime and Law Enforcement
117,House,974,12/15/22,2,527,217,201,0.028,-0.006,0.715,-0.123,-0.242,HRES1519,Passed,Providing for consideration of the bill (H.R. 8393) the Puerto Rico Status Act,On Agreeing to the Resolution,,Congress
117,House,975,12/15/22,2,528,209,217,-0.074,-0.736,-0.675,0.579,-4.347,HR8393,Failed,Puerto Rico Status Act,On Motion to Recommit,,Government Operations and Politics
117,House,976,12/15/22,2,529,233,191,0.216,0.299,0.28,0.11,-39.411,HR8393,Passed,Puerto Rico Status Act,On Passage,,Government Operations and Politics
117,House,977,12/15/22,2,530,219,201,0.163,0.103,0.643,0.733,-6.262,HR1948,Passed,VA Employee Fairness Act,On Passage,,Armed Forces and National Security
117,House,978,12/21/22,2,531,216,193,0.028,0.005,0.716,-0.111,-0.248,HRES1529,Passed,"Providing for consideration of H.R. 9640, to amend the Internal Revenue Code of 1986 to provide for examination and disclosure with respect to Presidential income tax returns; S. 1942, the National Heritage Area Act; and for other purposes",On Agreeing to the Resolution,,Congress
117,House,979,12/21/22,2,532,350,59,0.245,-0.922,0.317,-0.724,-65.206,S2333,Passed,Equal Pay for Team USA Act,On Motion to Suspend the Rules and Pass,,Sports and Recreation
117,House,980,12/21/22,2,533,394,19,0.169,-0.986,0.113,-0.666,-48.991,S5168,Passed,Energy Security and Lightering Independence Act,On Motion to Suspend the Rules and Pass,,Immigration
117,House,981,12/21/22,2,534,385,28,0.335,-0.942,0.21,-0.641,-46.206,S4926,Passed,Respect for Child Survivors Act,On Motion to Suspend the Rules and Pass,,Crime and Law Enforcement
117,House,982,12/21/22,2,535,393,19,0.508,-0.861,0.194,-0.481,-45.654,S2834,Passed,Dr. Joanne Smith Memorial Rehabilitation Innovation Centers Act,On Motion to Suspend the Rules and Pass,,Health
117,House,983,12/21/22,2,536,393,19,0.674,-0.739,1.194,-1.322,-38.243,HR1917,Passed,Hazard Eligibility and Local Projects Act,On Motion to Suspend the Rules and Concur in the Senate Amendment,,Emergency Management
117,House,984,12/21/22,2,537,378,33,0.422,-0.907,0.223,-0.487,-55.003,S3168,Passed,"To amend the White Mountain Apache Tribe Water Rights Quantification Act of 2010 to modify the enforceability date for certain provisions, and for other purposes",On Motion to Suspend the Rules and Pass,,Native Americans
117,House,985,12/21/22,2,538,397,12,0.523,-0.853,0.153,-0.573,-35.187,S3308,Passed,Colorado River Indian Tribes Water Resiliency Act,On Motion to Suspend the Rules and Pass,,Transportation and Public Works
117,House,986,12/22/22,2,539,222,201,0.12,0.382,0.285,0.061,-20.401,HR9640,Passed,Presidential Tax Filings and Audit Transparency Act,On Passage,,Taxation
117,House,987,12/22/22,2,540,326,95,0.301,-0.954,0.279,-0.354,-93.768,S1942,Passed,National Heritage Area Act,On Passage,,Public Lands and Natural Resources
117,House,988,12/22/22,2,541,377,42,0.35,-0.937,0.94,-2.647,-80.123,S3773,Passed,To authorize leases of up to 99 years for land held in trust for the Confederated Tribes of the Chehalis Reservation,On Motion to Suspend the Rules and Pass,,Native Americans
117,House,989,12/22/22,2,542,360,55,0.4,-0.731,0.158,-0.363,-97.268,S4104,Passed,Hualapai Tribe Water Rights Settlement Act,On Motion to Suspend the Rules and Pass,,Native Americans
117,House,990,12/22/22,2,543,374,44,0.213,-0.977,0.234,-0.715,-66.249,S5087,Passed,"To amend the Not Invisible Act of 2019 to extend, and provide additional support for, the activities of the Department of the Interior and the Department of Justice Joint Commission on Reducing Violent Crime Against Indians, and for other purposes.",On Motion to Suspend the Rules and Pass,,Native Americans
117,House,991,12/22/22,2,544,342,71,0.236,-0.972,0.354,-0.706,-75.627,S989,Passed,Native American Langauge Resource Center Act of 2022,On Motion to Suspend the Rules and Pass,,Native Americans
117,House,992,12/22/22,2,545,337,79,0.18,-0.984,0.458,-0.962,-77.117,S1402,Passed,Durbin Feeling Native American Languages Act of 2021,On Motion to Suspend the Rules and Pass,,Native Americans
117,House,993,12/22/22,2,546,380,35,0.29,-0.957,0.159,-0.516,-71.99,HR7939,Passed,Student Veteran Emergency Relief Act,On Motion to Suspend the Rules and Concur in the Senate Amendment,,Armed Forces and National Security
117,House,994,12/23/22,2,547,215,206,0.028,0.007,0.716,-0.112,-0.248,HRES1531,Passed,"Providing for consideration of the Senate amendment to the House amendment to the Senate amendment to H.R. 2617, Agriculture, Rural Development, Food and Drug Administration, and Related Agencies Appropriations Act; and for other purposes",On Agreeing to the Resolution,,Congress
117,House,995,12/23/22,2,548,193,227,0.177,-0.756,-0.369,0.04,-26.425,,Failed,,On Motion to Adjourn,,
117,House,996,12/23/22,2,549,225,201,0.289,0.957,0.431,-0.286,-26.401,HR2617,Passed,"To amend section 1115 of title 31, United States Code, to amend the description of how performance goals are achieved, and for other purposes",On Motion to Concur in the Senate Adt to the House Adt to the Senate Adt,,Economics and Public Finance