congress,chamber,rollnumber,date,session,clerk_rollnumber,yea_count,nay_count,nominate_mid_1,nominate_mid_2,nominate_spread_1,nominate_spread_2,nominate_log_likelihood,bill_number,vote_result,vote_desc,vote_question,dtl_desc,issue_code
118,House,1,1/3/23,1,2,212,222,0.023,-0.045,0.716,-0.133,-0.348,,Jeffries,,Election of the Speaker,,
118,House,2,1/3/23,1,3,212,222,0.023,-0.045,0.716,-0.133,-0.348,,Jeffries,,Election of the Speaker,,
118,House,3,1/3/23,1,4,212,222,0.023,-0.045,0.716,-0.133,-0.348,,Jeffries,,Election of the Speaker,,
118,House,4,1/4/23,1,5,212,221,0.023,-0.045,0.716,-0.133,-0.348,,Jeffries,,Election of the Speaker,,
118,House,5,1/4/23,1,6,212,221,0.023,-0.045,0.716,-0.133,-0.348,,Jeffries,,Election of the Speaker,,
118,House,6,1/4/23,1,7,212,221,0.023,-0.045,0.716,-0.133,-0.348,,Jeffries,,Election of the Speaker,,
118,House,7,1/4/23,1,8,216,214,-0.208,0.978,-0.563,-0.91,-16.26,,Passed,,On Motion to Adjourn,,
118,House,8,1/5/23,1,9,212,221,0.023,-0.045,0.716,-0.133,-0.348,,Jeffries,,Election of the Speaker,,
118,House,9,1/5/23,1,10,212,221,0.023,-0.045,0.716,-0.133,-0.348,,Jeffries,,Election of the Speaker,,
118,House,10,1/5/23,1,11,212,220,0.023,-0.045,0.716,-0.133,-0.348,,Jeffries,,Election of the Speaker,,
118,House,11,1/5/23,1,12,212,220,0.023,-0.045,0.716,-0.133,-0.348,,Jeffries,,Election of the Speaker,,
118,House,12,1/5/23,1,13,212,220,0.023,-0.045,0.716,-0.133,-0.348,,Jeffries,,Election of the Speaker,,
118,House,13,1/5/23,1,14,219,213,-0.145,0.989,-0.489,-0.523,-7.367,,Passed,,On Motion to Adjourn,,
118,House,14,1/6/23,1,15,213,218,-0.246,0.969,-0.539,-1.036,-24.309,,McCarthy,,Election of the Speaker,,
118,House,15,1/6/23,1,16,214,218,-0.236,0.972,-0.545,-0.995,-21.213,,McCarthy,,Election of the Speaker,,
118,House,16,1/6/23,1,17,220,212,0.023,-0.045,-0.716,0.133,-0.348,,Passed,,On Motion to Adjourn,,
118,House,17,1/6/23,1,18,216,216,-0.216,0.976,-0.546,-0.894,-16.078,,McCarthy,,Election of the Speaker,,
118,House,18,1/6/23,1,19,155,279,-0.007,1,-0.218,-0.517,-129.079,,Failed,,On Motion to Adjourn,,
118,House,19,1/7/23,1,20,216,212,0.024,-0.028,-0.716,0.121,-0.344,,McCarthy,,Election of the Speaker,,
118,House,20,1/9/23,1,21,211,205,0.022,-0.057,-0.716,0.141,-0.34,HRES5,Passed,"Adopting the Rules of the House of Representatives for the One Hundred Eighteenth Congress, and for other purposes",On Ordering the Previous Question,,Congress
118,House,21,1/9/23,1,22,210,220,0.023,-0.045,0.716,-0.133,-0.348,HRES5,Failed,"Adopting the Rules of the House of Representatives for the One Hundred Eighteenth Congress, and for other purposes",On Motion to Commit,,Congress
118,House,22,1/9/23,1,23,220,213,0.021,-0.355,-0.679,0.617,-7.89,HRES5,Passed,"Adopting the Rules of the House of Representatives for the One Hundred Eighteenth Congress, and for other purposes",On Agreeing to the Resolution,,Congress
118,House,23,1/9/23,1,24,208,221,0.022,-0.05,0.716,-0.128,-0.344,HR23,Failed,Family and Small Business Taxpayer Protection Act,On Motion to Recommit,,Taxation
118,House,24,1/9/23,1,25,221,210,0.023,-0.045,-0.716,0.133,-0.347,HR23,Passed,Family and Small Business Taxpayer Protection Act,On Passage,,Taxation
118,House,25,1/10/23,1,26,365,65,0.023,-1,-0.217,-0.803,-83.673,HRES11,Passed,Establishing the Select Committee on the Strategic Competition Between the United States and the Chinese Communist Party,On Agreeing to the Resolution,,Congress
118,House,26,1/10/23,1,27,221,211,0.023,-0.045,-0.716,0.133,-0.348,HRES12,Passed,Establishing a Select Subcommittee on the Weaponization of the Federal Government as a select investigative subcommittee of the Committee on the Judiciary,On Agreeing to the Resolution,,Congress
118,House,27,1/11/23,1,28,212,219,0.023,-0.045,0.716,-0.133,-0.348,HR26,Failed,Born-Alive Abortion Survivors Protection Act,On Motion to Recommit,,Crime and Law Enforcement
118,House,28,1/11/23,1,29,220,210,0.029,-0.248,-0.68,-0.579,-4.187,HR26,Passed,Born-Alive Abortion Survivors Protection Act,On Passage,,Crime and Law Enforcement
118,House,29,1/11/23,1,30,222,209,0.188,-0.936,-0.665,-0.706,-10.595,HCONRES3,Passed,"Expressing the sense of Congress condemning the recent attacks on pro-life facilities, groups, and churches",On Agreeing to the Resolution,,Crime and Law Enforcement
118,House,30,1/12/23,1,31,331,97,-0.438,0.167,-0.37,-0.317,-85.304,HR22,Passed,Protecting America’s Strategic Petroleum Reserve from China Act,On Passage,,Energy
118,House,31,1/24/23,1,32,422,2,0,0,0,0,0,HR159,Passed,Chance to Compete Act of 2023,"On Motion to Suspend the Rules and Pass, as Amended",,Government Operations and Politics
118,House,32,1/24/23,1,33,425,0,0,0,0,0,0,HR300,Passed,Settlement Agreement Information Database Act of 2023,"On Motion to Suspend the Rules and Pass, as Amended",,Government Operations and Politics
118,House,33,1/25/23,1,34,424,4,0,0,0,0,0,HR346,Passed,NOTAM Improvement Act,"On Motion to Suspend the Rules and Pass, as Amended",,Government Operations and Politics
118,House,34,1/25/23,1,35,411,13,0.435,-0.9,0.183,-0.769,-24.748,HR400,Passed,Investing in Main Street Act,On Motion to Suspend the Rules and Pass,,Commerce
118,House,35,1/25/23,1,36,420,1,0,0,0,0,0,HCONRES7,Passed,"Commending the bravery, courage, and resolve of the women and men of Iran demonstrating in more than 133 cities and risking their safety to speak out against the Iranian regime’s human rights abuses","On Motion to Suspend the Rules and Agree to the Resolution, as Amended",,International Affairs
118,House,36,1/26/23,1,37,205,220,0.177,-0.41,0.656,1.246,-14.625,HR21,Failed,,On Agreeing to the Amendment,,Energy
118,House,37,1/26/23,1,38,213,218,0.099,0.09,0.682,0.526,-1.708,HR21,Failed,,On Agreeing to the Amendment,,Energy
118,House,38,1/26/23,1,39,214,219,0.065,0.157,0.507,1.229,-13.348,HR21,Failed,,On Agreeing to the Amendment,,Energy
118,House,39,1/26/23,1,40,214,219,0.193,-0.119,0.53,1.166,-9.979,HR21,Failed,,On Agreeing to the Amendment,,Energy
118,House,40,1/26/23,1,41,389,42,0.58,-0.686,0.165,-0.305,-92.056,HR21,Agreed to,,On Agreeing to the Amendment,,Energy
118,House,41,1/26/23,1,42,14,418,-0.952,-0.306,0.389,1.075,-37.597,HR21,Failed,,On Agreeing to the Amendment,,Energy
118,House,42,1/26/23,1,43,213,218,0.103,0.084,0.696,-0.443,-6.47,HR21,Failed,,On Agreeing to the Amendment,,Energy
118,House,43,1/26/23,1,44,220,212,0.341,-0.94,-0.371,-0.471,-35.475,HR21,Agreed to,,On Agreeing to the Amendment,,Energy
118,House,44,1/26/23,1,45,213,218,0.262,-0.314,0.582,1.248,-16.672,HR21,Failed,,On Agreeing to the Amendment,,Energy
118,House,45,1/26/23,1,46,212,218,0.137,-0.035,0.533,1.164,-10.426,HR21,Failed,,On Agreeing to the Amendment,,Energy
118,House,46,1/26/23,1,47,205,225,0.188,-0.304,0.495,1.253,-19.367,HR21,Failed,,On Agreeing to the Amendment,,Energy
118,House,47,1/26/23,1,48,213,218,0.137,-0.035,0.533,1.164,-10.426,HR21,Failed,,On Agreeing to the Amendment,,Energy
118,House,48,1/26/23,1,49,213,218,0.174,-0.091,0.531,1.166,-9.512,HR21,Failed,,On Agreeing to the Amendment,,Energy
118,House,49,1/26/23,1,50,213,219,0.137,-0.035,0.533,1.164,-10.426,HR21,Failed,,On Agreeing to the Amendment,,Energy
118,House,50,1/26/23,1,51,210,222,0.269,-0.885,0.627,0.839,-11.687,HR21,Failed,,On Agreeing to the Amendment,,Energy
118,House,51,1/26/23,1,52,213,219,0.112,-0.096,0.609,0.932,-5.027,HR21,Failed,,On Agreeing to the Amendment,,Energy
118,House,52,1/26/23,1,53,213,219,0.076,0,0.624,0.913,-4.151,HR21,Failed,,On Agreeing to the Amendment,,Energy
118,House,53,1/26/23,1,54,197,235,0.064,-0.114,0.435,1.375,-30.386,HR21,Failed,,On Agreeing to the Amendment,,Energy
118,House,54,1/26/23,1,55,212,220,-0.04,0.196,0.71,0.234,-3.044,HR21,Failed,,On Agreeing to the Amendment,,Energy
118,House,55,1/26/23,1,56,204,228,0.083,-0.275,0.538,1.116,-20.228,HR21,Failed,,On Agreeing to the Amendment,,Energy
118,House,56,1/26/23,1,57,419,13,-0.444,-0.896,-0.16,-0.6,-43.124,HR21,Agreed to,,On Agreeing to the Amendment,,Energy
118,House,57,1/26/23,1,58,418,12,-0.951,0.308,-1.038,-1.795,-37.135,HR21,Agreed to,,On Agreeing to the Amendment,,Energy
118,House,58,1/26/23,1,59,199,232,0.195,-0.393,0.467,1.266,-32.593,HR21,Failed,,On Agreeing to the Amendment,,Energy
118,House,59,1/26/23,1,60,199,230,0.183,-0.328,0.464,1.3,-27.921,HR21,Failed,,On Agreeing to the Amendment,,Energy
118,House,60,1/27/23,1,61,207,223,-0.218,0.951,0.858,0.879,-13.512,HR21,Failed,,On Agreeing to the Amendment,,Energy
118,House,61,1/27/23,1,62,211,217,-0.014,1,0.441,0.115,-7.227,HR21,Failed,,On Agreeing to the Amendment,,Energy
118,House,62,1/27/23,1,63,212,215,0.001,0.289,0.522,1.226,-16.315,HR21,Failed,,On Agreeing to the Amendment,,Energy
118,House,63,1/27/23,1,64,209,215,0.067,0.136,0.333,0.804,-22.059,HR21,Failed,,On Agreeing to the Amendment,,Energy
118,House,64,1/27/23,1,65,204,222,-0.063,-0.998,0.519,-0.002,-12.432,HR21,Failed,,On Agreeing to the Amendment,,Energy
118,House,65,1/27/23,1,66,205,220,0.24,-0.971,0.61,0.759,-14.9,HR21,Failed,,On Agreeing to the Amendment,,Energy
118,House,66,1/27/23,1,67,171,256,-0.301,0.264,0.601,0.962,-54.571,HR21,Failed,,On Agreeing to the Amendment,,Energy
118,House,67,1/27/23,1,68,193,228,-0.067,0.029,0.528,1.413,-31.199,HR21,Failed,,On Agreeing to the Amendment,,Energy
118,House,68,1/27/23,1,69,199,229,0.078,-0.122,0.477,1.287,-22.377,HR21,Failed,,On Agreeing to the Amendment,,Energy
118,House,69,1/27/23,1,70,205,224,-0.192,0.797,0.411,0.34,-19.18,HR21,Failed,,On Agreeing to the Amendment,,Energy
118,House,70,1/27/23,1,71,207,220,-0.071,0.193,0.649,0.719,-7.099,HR21,Failed,,On Agreeing to the Amendment,,Energy
118,House,71,1/27/23,1,72,212,218,0.188,-0.148,0.562,1.085,-9.564,HR21,Failed,,On Agreeing to the Amendment,,Energy
118,House,72,1/27/23,1,73,199,231,0.269,-0.682,0.518,1.155,-30.033,HR21,Failed,,On Agreeing to the Amendment,,Energy
118,House,73,1/27/23,1,74,195,229,0.295,-0.745,0.502,1.125,-32.869,HR21,Failed,,On Agreeing to the Amendment,,Energy
118,House,74,1/27/23,1,75,191,237,0.212,-0.364,0.409,1.342,-41.097,HR21,Failed,,On Agreeing to the Amendment,,Energy
118,House,75,1/27/23,1,76,206,220,0.14,-0.207,0.548,1.126,-12.351,HR21,Failed,,On Agreeing to the Amendment,,Energy
118,House,76,1/27/23,1,77,207,221,-0.062,-0.998,0.52,0,-12.433,HR21,Failed,,On Agreeing to the Amendment,,Energy
118,House,77,1/27/23,1,78,207,221,0.282,-0.701,0.575,0.985,-14.342,HR21,Failed,,On Agreeing to the Amendment,,Energy
118,House,78,1/27/23,1,79,173,256,-0.263,0.182,0.577,1.216,-45.15,HR21,Failed,,On Agreeing to the Amendment,,Energy
118,House,79,1/27/23,1,80,204,224,-0.016,0.1,0.544,1.133,-12.95,HR21,Failed,,On Agreeing to the Amendment,,Energy
118,House,80,1/27/23,1,81,187,240,-0.027,0.726,0.24,-0.174,-71.644,HR21,Failed,,On Agreeing to the Amendment,,Energy
118,House,81,1/27/23,1,82,211,217,0.187,-0.147,0.562,1.085,-9.565,HR21,Failed,,On Agreeing to the Amendment,,Energy
118,House,82,1/27/23,1,83,208,221,-0.051,0.281,0.594,1.011,-9.151,HR21,Failed,,On Agreeing to the Amendment,,Energy
118,House,83,1/27/23,1,84,197,230,0.272,-0.509,0.481,1.314,-32.689,HR21,Failed,,On Agreeing to the Amendment,,Energy
118,House,84,1/27/23,1,85,209,219,0.183,-0.82,0.66,0.592,-6.294,HR21,Failed,,On Agreeing to the Amendment,,Energy
118,House,85,1/27/23,1,86,209,221,-0.04,0.196,0.71,0.234,-3.044,HR21,Failed,,On Agreeing to the Amendment,,Energy
118,House,86,1/27/23,1,87,210,219,0.233,-0.528,0.618,0.858,-6.864,HR21,Failed,,On Agreeing to the Amendment,,Energy
118,House,87,1/27/23,1,88,201,229,0.262,-0.669,0.535,1.091,-22.835,HR21,Failed,,On Agreeing to the Amendment,,Energy
118,House,88,1/27/23,1,89,210,218,0.099,0.09,0.682,0.526,-1.708,HR21,Failed,,On Agreeing to the Amendment,,Energy
118,House,89,1/27/23,1,90,210,220,0.031,0.019,0.715,-0.134,-0.356,HR21,Failed,,On Agreeing to the Amendment,,Energy
118,House,90,1/27/23,1,91,198,229,-0.187,0.326,0.689,0.464,-19.038,HR21,Failed,,On Agreeing to the Amendment,,Energy
118,House,91,1/27/23,1,92,207,222,-0.102,0.34,0.732,0.106,-10.081,HR21,Failed,,On Agreeing to the Amendment,,Energy
118,House,92,1/27/23,1,93,221,205,-0.056,0.26,-0.701,-0.369,-2.177,HR21,Passed,Strategic Production Response Act,On Passage,,Energy
118,House,93,1/30/23,1,94,419,0,0,0,0,0,0,HR500,Passed,Financial Exploitation Prevention Act,On Motion to Suspend the Rules and Pass,,
118,House,94,1/31/23,1,95,218,209,0.03,0.006,-0.715,0.119,-0.346,HRES75,Passed,"Providing for consideration of the bill (H.J. Res. 7) relating to a national emergency declared by the President on March 13, 2020; consideration of (H.R. 139) the SHOW UP Act; consideration of (H.R. 382) the Pandemic is Over Act; and consideration of (H.R. 497) the Freedom for Health Care Workers Act",On Ordering the Previous Question,,Congress
118,House,95,1/31/23,1,96,216,208,0.03,0.01,-0.715,0.122,-0.342,HRES75,Passed,"Providing for consideration of the bill (H.J. Res. 7) relating to a national emergency declared by the President on March 13, 2020; consideration of (H.R. 139) the SHOW UP Act; consideration of (H.R. 382) the Pandemic is Over Act; and consideration of (H.R. 497) the Freedom for Health Care Workers Act",On Agreeing to the Resolution,,Congress
118,House,96,1/31/23,1,97,210,219,0.032,0.011,0.715,-0.123,-0.359,HR497,Failed,Freedom for Health Care Workers Act,On Motion to Recommit,,Health
118,House,97,1/31/23,1,98,227,203,-0.106,-0.589,-0.727,-0.146,-16.813,HR497,Passed,Freedom for Health Care Workers Act,On Passage,,Health
118,House,98,1/31/23,1,99,210,220,0.032,0.011,0.715,-0.123,-0.359,HR382,Failed,Pandemic is Over Act,On Motion to Recommit,,Health
118,House,99,1/31/23,1,100,220,210,0.032,0.011,-0.715,0.123,-0.359,HR382,Passed,Pandemic is Over Act,On Passage,,Health
118,House,100,2/1/23,1,101,219,207,0.032,0.011,-0.715,0.123,-0.359,HRES83,Passed,Providing for consideration of the concurrent resolution (H. Con. Res. 9) denouncing the horrors of Socialism; and providing for consideration of the resolution (H. Res. 76) removing a certain member from a certain standing committee of the House,On Ordering the Previous Question,,Congress
118,House,101,2/1/23,1,102,218,209,0.032,0.01,-0.715,0.122,-0.357,HRES83,Passed,Providing for consideration of the concurrent resolution (H. Con. Res. 9) denouncing the horrors of Socialism; and providing for consideration of the resolution (H. Res. 76) removing a certain member from a certain standing committee of the House,On Agreeing to the Resolution,,Congress
118,House,102,2/1/23,1,103,221,206,0.309,-0.86,-0.626,-0.934,-14.419,HR139,Passed,SHOW UP Act,On Passage,,Government Operations and Politics
118,House,103,2/1/23,1,104,229,197,0.169,-0.794,-0.494,-0.783,-24.288,HJRES7,Passed,"Relating to a national emergency declared by the President on March 13, 2020",On Passage,,Emergency Management
118,House,104,2/2/23,1,105,218,211,0.032,0.005,-0.715,0.128,-0.358,HRES76,Passed,Removing a certain Member from a certain standing committee of the House,On Agreeing to the Resolution,,Congress
118,House,105,2/2/23,1,106,328,86,-0.02,-1,-0.357,-0.878,-75.026,HCONRES9,Passed,Denouncing the horrors of socialism,On Agreeing to the Resolution,,Government Operations and Politics
118,House,106,2/6/23,1,107,357,56,0.202,-0.86,0.359,-1.119,-59.424,HR302,Passed,Energy Cybersecurity University Leadership Act,"On Motion to Suspend the Rules and Pass, as Amended",,Energy
118,House,107,2/7/23,1,108,217,208,0.171,-0.985,-0.482,-0.339,-9.381,HRES97,Passed,"Providing for consideration of H.R. 185, To terminate the requirement imposed by the Dir. of the CDC for proof of COVID-19 vaccination for foreign travelers; H.J. Res. 24, Disapproving the action of the DC Council in approving the Local Voting Rights Amendment; H.J. Res. 26, Disapproving the action of the DC Council",On Ordering the Previous Question,,Congress
118,House,108,2/7/23,1,109,217,208,-0.04,0.212,-0.703,-0.358,-2.284,HRES97,Passed,"Providing for consideration of H.R. 185, To terminate the requirement imposed by the Dir. of the CDC for proof of COVID-19 vaccination for foreign travelers; H.J. Res. 24, Disapproving the action of the DC Council in approving the Local Voting Rights Amendment; H.J. Res. 26, Disapproving the action of the DC Council",On Agreeing to the Resolution,,Congress
118,House,109,2/8/23,1,110,210,222,0.03,0.014,0.716,-0.118,-0.363,HR185,Failed,,On Agreeing to the Amendment,,Health
118,House,110,2/8/23,1,111,253,168,-0.249,0.229,-0.246,-0.264,-77.625,HR185,Agreed to,,On Agreeing to the Amendment,,Health
118,House,111,2/8/23,1,112,207,220,0.012,0.537,0.388,-0.073,-7.334,HR185,Failed,,On Agreeing to the Amendment,,Health
118,House,112,2/8/23,1,113,426,8,0,0,0,0,0,HR185,Agreed to,,On Agreeing to the Amendment,,Health
118,House,113,2/8/23,1,114,209,224,-0.042,0.231,0.702,0.362,-2.285,HR185,Failed,,On Agreeing to the Amendment,,Health
118,House,114,2/8/23,1,115,208,220,0.03,0.008,0.715,-0.123,-0.353,HR185,Failed,"To terminate the requirement imposed by the Director of the Centers for Disease Control and Prevention for proof of COVID-19 vaccination for foreign travelers, and for other purposes",On Motion to Recommit,,Health
118,House,115,2/8/23,1,116,227,201,0.047,-0.698,-0.303,-0.207,-26.62,HR185,Passed,"To terminate the requirement imposed by the Director of the Centers for Disease Control and Prevention for proof of COVID-19 vaccination for foreign travelers, and for other purposes",On Passage,,Health
118,House,116,2/9/23,1,117,419,0,0,0,0,0,0,HRES104,Passed,Condemning the Chinese Communist Party’s use of a high-altitude surveillance balloon over United States territory as a brazen violation of United States sovereignty,On Motion to Suspend the Rules and Agree,,X
118,House,117,2/9/23,1,118,260,162,-0.28,0.19,-0.335,-0.519,-56.189,HJRES24,Passed,Disapproving the action of the District of Columbia Council in approving the Local Resident Voting Rights Amendment Act of 2022,On Passage,,Government Operations and Politics
118,House,118,2/9/23,1,119,250,173,-0.261,0.26,-0.414,-0.63,-42.371,HJRES26,Passed,Disapproving the action of the District of Columbia Council in approving the Revised Criminal Code Act,On Passage,,Government Operations and Politics
118,House,119,2/27/23,1,120,414,2,0,0,0,0,0,HRES132,Passed,"Responding to the earthquakes in Turkiye and Syria on February 6, 2023",On Motion to Suspend the Rules and Agree,,International Affairs
118,House,120,2/27/23,1,121,406,12,-0.974,-0.228,-0.464,-1.131,-28.297,HR538,Passed,Informing Consumers about Smart Devices Act,On Motion to Suspend the Rules and Pass,,Commerce
118,House,121,2/28/23,1,122,213,201,0.029,0.027,-0.715,0.138,-0.34,HRES166,Passed,"Providing for consideration of (H.R. 347) Reduce Exacerbated Inflation Negatively Impacting the Nation Act; (H.J.Res. 30) congressional disapproval under chapter 8 of tile 5, U.S.C., of the rule submitted by the Dept. of Labor relating to Prudence & Loyalty in Selecting Plan Investments & Exercising Shareholder Rights",On Ordering the Previous Question,,Congress
118,House,122,2/28/23,1,123,216,205,0.029,0.015,-0.716,0.12,-0.344,HRES166,Passed,"Providing for consideration of (H.R. 347) Reduce Exacerbated Inflation Negatively Impacting the Nation Act; (H.J.Res. 30) congressional disapproval under chapter 8 of tile 5, U.S.C., of the rule submitted by the Dept. of Labor relating to Prudence & Loyalty in Selecting Plan Investments & Exercising Shareholder Rights",On Agreeing to the Resolution,,Congress
118,House,123,2/28/23,1,124,216,204,-0.043,0.236,-0.702,-0.361,-2.284,HJRES30,Passed,"Providing for congressional disapproval under chapter 8 of title 5, United States Code, of the rule submitted by the Department of Labor relating to “Prudence and Loyalty in Selecting Plan Investments and Exercising Shareholder Rights”",On Passage,,Labor and Employment
118,House,124,3/1/23,1,125,324,83,-0.176,-0.984,-0.239,-0.395,-104.453,HR347,Agreed to,,On Agreeing to the Amendment,,Economics and Public Finance
118,House,125,3/1/23,1,126,386,31,0.127,-0.992,-0.084,-0.714,-68.545,HR347,Agreed to,,On Agreeing to the Amendment,,Economics and Public Finance
118,House,126,3/1/23,1,127,181,236,0.117,-0.993,0.316,0.398,-56.337,HR347,Failed,,On Agreeing to the Amendment,,Economics and Public Finance
118,House,127,3/1/23,1,128,187,232,0.102,-0.995,0.335,0.355,-41.542,HR347,Failed,,On Agreeing to the Amendment,,Economics and Public Finance
118,House,128,3/1/23,1,129,364,56,0.221,-0.893,0.204,-0.625,-79.797,HR347,Agreed to,,On Agreeing to the Amendment,,Economics and Public Finance
118,House,129,3/1/23,1,130,199,226,0.248,0.338,-0.646,-0.695,-34.808,HR347,Failed,,On Agreeing to the Amendment,,Economics and Public Finance
118,House,130,3/1/23,1,131,272,148,-0.491,0.871,-0.438,-0.603,-76.772,HR347,Passed,Reduce Exacerbated Inflation Negatively Impacting the Nation Act,On Passage,,Economics and Public Finance
118,House,131,3/7/23,1,132,422,0,0,0,0,0,0,HR1226,Passed,Wounded Warrior Access Act,"On Motion to Suspend the Rules and Pass, as Amended",,
118,House,132,3/7/23,1,133,393,22,0.603,-0.547,0.421,-1.412,-21.891,HR1123,Passed,Understanding Cybersecurity of Mobile Networks Act,"On Motion to Suspend the Rules and Pass, as Amended",,"Science, Technology, Communications"
118,House,133,3/8/23,1,134,217,205,0.029,0.018,-0.716,0.117,-0.347,HRES199,Passed,Providing for consideration of the bill (H.R. 140) the Protecting Speech from Government Interference Act; consideration of the resolution (H.J. Res. 27) relating to Revised Definition of Waters of the United States; consideration of the bill (S.619) the COVID-19 Origin Act; and for other purposes,On Ordering the Previous Question,,Congress
118,House,134,3/8/23,1,135,216,206,0.029,0.019,-0.716,0.117,-0.341,HRES199,Passed,Providing for consideration of the bill (H.R. 140) the Protecting Speech from Government Interference Act; consideration of the resolution (H.J. Res. 27) relating to Revised Definition of Waters of the United States; consideration of the bill (S.619) the COVID-19 Origin Act; and for other purposes,"On Agreeing to the Resolution, as Amended",,Congress
118,House,135,3/8/23,1,136,103,321,0.505,-0.202,-0.059,1.691,-125.898,HCONRES21,Failed,"Directing the President, pursuant to section 5(c) of the War Powers Resolution, to remove the United States Armed Forces from Syria",On Agreeing to the Resolution,,International Affairs
118,House,136,3/8/23,1,137,426,0,0,0,0,0,0,HR753,Passed,VA COST SAVINGS Enhancements Act,"On Motion to Suspend the Rules and Pass, as Amended",,
118,House,137,3/8/23,1,138,207,223,0.39,-0.497,-0.316,-0.499,-41.178,HR140,Failed,,On Agreeing to the Amendment,,Government Operations and Politics
118,House,138,3/8/23,1,139,209,221,0.118,-0.508,0.666,0.649,-5.098,HR140,Failed,,On Agreeing to the Amendment,,Government Operations and Politics
118,House,139,3/9/23,1,140,204,218,0.029,0.02,0.716,-0.116,-0.346,HR140,Failed,Protecting Speech from Government Interference Act,On Motion to Recommit,,Government Operations and Politics
118,House,140,3/9/23,1,141,219,206,0.029,0.02,-0.716,0.116,-0.346,HR140,Passed,Protecting Speech from Government Interference Act,On Passage,,Government Operations and Politics
118,House,141,3/9/23,1,142,227,198,0.138,-0.276,-0.521,-1.263,-21.607,HJRES27,Passed,"Providing for congressional disapproval under chapter 8 of title 5, United States Code, of the rule submitted by the Department of the Army, Corps of Engineers, Department of Defense and the Environmental Protection Agency relating to “Revised Definition of ’Waters of the United States’ ”",On Passage,,Environmental Protection
118,House,142,3/10/23,1,143,419,0,0,0,0,0,0,S619,Passed,COVID-19 Origin Act,On Passage,,X
118,House,143,3/22/23,1,144,393,4,0,0,0,0,0,HR1093,Passed,"To direct the Secretary of State to submit to Congress a report on implementation of the advanced capabilities pillar of the trilateral security partnership between Australia, the United Kingdom, and the United States",On Motion to Suspend the Rules and Pass,,International Affairs
118,House,144,3/22/23,1,145,404,7,0,0,0,0,0,HR1159,Passed,To amend the Taiwan Assurance Act of 2020 to require periodic reviews and updated reports relating to the Department of State’s Taiwan Guidelines,On Motion to Suspend the Rules and Pass,,International Affairs
118,House,145,3/23/23,1,146,219,204,0.028,0.017,-0.716,0.114,-0.342,HRES241,Passed,Providing for consideration of the bill (H.R. 5) Parents Bill of Rights Act,On Ordering the Previous Question,,Congress
118,House,146,3/23/23,1,147,218,205,0.028,0.016,-0.716,0.115,-0.341,HRES241,Passed,Providing for consideration of the bill (H.R. 5) Parents Bill of Rights Act,On Agreeing to the Resolution,,Congress
118,House,147,3/23/23,1,148,388,33,0.737,0.001,0.646,-0.78,-30.409,HR406,Passed,PARTNER with ASEAN Act,On Motion to Suspend the Rules and Pass,,International Affairs
118,House,148,3/23/23,1,149,219,200,-0.048,0.237,-0.698,-0.401,-2.228,HJRES30,Failed,"Providing for congressional disapproval under chapter 8 of title 5, United States Code, of the rule submitted by the Department of Labor relating to “Prudence and Loyalty in Selecting Plan Investments and Exercising Shareholder Rights”","Passage, Objections of the President To The Contrary Notwithstanding",,Labor and Employment
118,House,149,3/23/23,1,150,203,223,-0.002,-0.773,0.52,0.075,-6.31,HR5,Failed,,On Agreeing to the Amendment,,Education
118,House,150,3/23/23,1,151,61,365,0.262,-0.81,-0.152,0.488,-95.521,HR5,Failed,,On Agreeing to the Amendment,,Education
118,House,151,3/23/23,1,152,89,338,-0.059,-0.998,-0.343,1.192,-94.644,HR5,Failed,,On Agreeing to the Amendment,,Education
118,House,152,3/23/23,1,153,386,39,0.735,-0.227,0.204,-0.983,-77.454,HR5,Agreed to,,On Agreeing to the Amendment,,Education
118,House,153,3/24/23,1,154,420,5,0,0,0,0,0,HR5,Agreed to,,On Agreeing to the Amendment,,Education
118,House,154,3/24/23,1,155,203,217,0.094,0.09,0.678,0.56,-1.692,HR5,Failed,,On Agreeing to the Amendment,,Education
118,House,155,3/24/23,1,156,161,265,0.354,-0.578,-0.466,0.146,-70.436,HR5,Failed,,On Agreeing to the Amendment,,Education
118,House,156,3/24/23,1,157,107,317,0.357,-0.59,-0.164,0.239,-125.019,HR5,Failed,,On Agreeing to the Amendment,,Education
118,House,157,3/24/23,1,158,113,311,0.121,-0.993,-0.342,0.664,-91.665,HR5,Failed,,On Agreeing to the Amendment,,Education
118,House,158,3/24/23,1,159,83,331,0.181,-0.927,-0.81,1.884,-83.295,HR5,Failed,,On Agreeing to the Amendment,,Education
118,House,159,3/24/23,1,160,203,218,0.027,0.021,0.716,-0.107,-0.338,HR5,Failed,Parents Bill of Rights Act,On Motion to Recommit,,Education
118,House,160,3/24/23,1,161,213,208,-0.198,0.98,-0.547,-0.936,-18.964,HR5,Passed,Parents Bill of Rights Act,On Passage,,Education
118,House,161,3/24/23,1,162,405,0,0,0,0,0,0,HCONRES25,Passed,Authorizing the use of Emancipation Hall in the Capitol Visitor Center for a ceremony as part of the commemoration of the days of remembrance of victims of the Holocaust,On Motion to Suspend the Rules and Agree,,X
118,House,162,3/27/23,1,163,413,2,0,0,0,0,0,HR1154,Passed,Stop Forced Organ Harvesting Act,On Motion to Suspend the Rules and Pass,,International Affairs
118,House,163,3/27/23,1,164,415,0,0,0,0,0,0,HR1107,Passed,PRC Is Not a Developing Country Act,"On Motion to Suspend the Rules and Pass, as Amended",,International Affairs
118,House,164,3/28/23,1,165,218,203,0.028,0.025,-0.716,0.113,-0.342,HRES260,Passed,Providing for consideration of the bill (H.R. 1) the Lower Energy Costs Act,On Ordering the Previous Question,,Congress
118,House,165,3/28/23,1,166,218,203,0.028,0.025,-0.716,0.113,-0.342,HRES260,Passed,Providing for consideration of the bill (H.R. 1) the Lower Energy Costs Act,On Agreeing to the Resolution,,Congress
118,House,166,3/29/23,1,167,221,208,-0.056,0.664,-0.603,-0.978,-9.428,HR1,Agreed to,,On Agreeing to the Amendment,,Energy
118,House,167,3/29/23,1,168,228,206,0.035,0.076,-0.318,-0.91,-31.876,HR1,Agreed to,,On Agreeing to the Amendment,,Energy
118,House,168,3/29/23,1,169,245,189,-0.083,-0.034,-0.523,-1.21,-29.56,HR1,Agreed to,,On Agreeing to the Amendment,,Energy
118,House,169,3/29/23,1,170,268,163,-0.16,-0.046,-0.252,-0.778,-63.404,HR1,Agreed to,,On Agreeing to the Amendment,,Energy
118,House,170,3/29/23,1,171,251,181,-0.026,-0.269,-0.348,-0.811,-43.595,HR1,Agreed to,,On Agreeing to the Amendment,,Energy
118,House,171,3/29/23,1,172,210,223,0.412,-0.406,-0.552,-1.088,-27.226,HR1,Failed,,On Agreeing to the Amendment,,Energy
118,House,172,3/29/23,1,173,96,336,0.415,-0.561,-0.19,0.256,-102.931,HR1,Failed,,On Agreeing to the Amendment,,Energy
118,House,173,3/30/23,1,174,407,26,0.205,-0.979,-0.065,-0.801,-57.94,HR1,Agreed to,,On Agreeing to the Amendment,,Energy
118,House,174,3/30/23,1,175,323,109,0.4,-0.917,0.273,-0.188,-102.729,HR1,Agreed to,,On Agreeing to the Amendment,,Energy
118,House,175,3/30/23,1,176,205,228,0.235,-0.598,0.574,0.991,-15.06,HR1,Failed,,On Agreeing to the Amendment,,Energy
118,House,176,3/30/23,1,177,405,24,0.151,-0.989,-0.073,-0.799,-52.02,HR1,Agreed to,,On Agreeing to the Amendment,,Energy
118,House,177,3/30/23,1,178,201,230,0.246,0.133,-0.258,-0.035,-53.558,HR1,Failed,,On Agreeing to the Amendment,,Energy
118,House,178,3/30/23,1,179,244,189,-0.343,0.7,-0.231,-0.386,-88.879,HR1,Agreed to,,On Agreeing to the Amendment,,Energy
118,House,179,3/30/23,1,180,220,213,-0.32,0.899,-0.665,-1.51,-45.596,HR1,Agreed to,,On Agreeing to the Amendment,,Energy
118,House,180,3/30/23,1,181,207,222,0.027,0.035,0.716,-0.113,-0.338,HR1,Failed,Lower Energy Costs Act,On Motion to Recommit,,Energy
118,House,181,3/30/23,1,182,225,204,0.064,-0.046,-0.555,-1.102,-9.532,HR1,Passed,Lower Energy Costs Act,On Passage,,Energy
118,House,182,4/17/23,1,183,405,6,0,0,0,0,0,HR1151,Passed,Upholding Sovereignty of Airspace Act,"On Motion to Suspend the Rules and Pass, as Amended",,International Affairs
118,House,183,4/17/23,1,184,410,0,0,0,0,0,0,HRES240,Passed,Condemning recent actons taken by the Russian military to down a United States Air Force drone,"On Motion to Suspend the Rules and Agree, as Amended",,
118,House,184,4/18/23,1,185,218,203,0.027,0.042,-0.716,0.123,-0.334,HRES298,Passed,Providing for consideration of the bill (H.R. 734) Protection of Women and Girls in Sports Act and providing for consideration of the joint resolution (H.J.Res 42) disapproving the action of the District of Columbia Council in approving the Comprehensive Policing and Justice Reform Amendment Act of 2022,On Ordering the Previous Question,,Congress
118,House,185,4/18/23,1,186,217,202,0.027,0.042,-0.716,0.123,-0.334,HRES298,Passed,Providing for consideration of the bill (H.R. 734) Protection of Women and Girls in Sports Act and providing for consideration of the joint resolution (H.J.Res 42) disapproving the action of the District of Columbia Council in approving the Comprehensive Policing and Justice Reform Amendment Act of 2022,On Agreeing to the Resolution,,Congress
118,House,186,4/18/23,1,187,227,196,0.123,-0.256,-0.527,-1.295,-23.349,HJRES27,Failed,"Providing for congressional disapproval under chapter 8 of title 5, United States Code, of the rule submitted by the Department of the Army, Corps of Engineers, Department of Defense and the Environmental Protection Agency relating to “Revised Definition of ’Waters of the United States’ ”","Passage, Objections of the President To The Contrary Notwithstanding",,Environmental Protection
118,House,187,4/19/23,1,188,229,189,-0.206,0.346,-0.638,-0.924,-23.96,HJRES42,Passed,Disapproving the action of the District of Columbia Council in approving the Comprehensive Policing and Justice Reform Amendment Act,On Passage,,Government Operations and Politics
118,House,188,4/19/23,1,189,410,8,0,0,0,0,0,HR1149,Passed,Countering Untrusted Telecommunications Abroad Act,"On Motion to Suspend the Rules and Pass, as Amended",,International Affairs
118,House,189,4/20/23,1,190,216,205,-0.201,0.98,-0.56,-0.881,-13.538,HR734,Agreed to,,On Agreeing to the Amendment,,"Civil Rights and Liberties, Minority Issues"
118,House,190,4/20/23,1,191,204,218,0.027,0.042,0.716,-0.122,-0.333,HR734,Failed,Protection of Women and Girls in Sports Act,On Motion to Recommit,,"Civil Rights and Liberties, Minority Issues"
118,House,191,4/20/23,1,192,219,203,0.027,0.041,-0.716,0.122,-0.334,HR734,Passed,Protection of Women and Girls in Sports Act,On Passage,,"Civil Rights and Liberties, Minority Issues"
118,House,192,4/25/23,1,193,418,0,0,0,0,0,0,HRES90,Passed,Demanding that the Government of the People’s Republic of China and the Communist Party of China immediately release Mark Swidan,"On Motion to Suspend the Rules and Agree, as Amended",,
118,House,193,4/25/23,1,194,401,19,0.313,-0.872,-0.058,-1.692,-33.933,HRES311,Passed,Encouraging the expansion and strengthening of the Abraham Accords to urge other nations to normalize relations with Israel and ensure that existing agreements reap tangible security and economic benefits for the citizens of those countries and all peoples in the region,On Motion to Suspend the Rules and Agree,,International Affairs
118,House,194,4/26/23,1,195,218,210,0.027,0.029,-0.716,0.108,-0.336,HRES327,Passed,"Providing for consideration of the bill (H.R. 2811) Limit, Save, Grow Act, and providing for consideration of (H.J.Res.39) disapproving the rule submitted by the Dept. of Commerce relating to “Procedures Covering Suspension of Liquidation, Duties and Estimated Duties in Accord With Presidential Proclamation 10414”",On Ordering the Previous Question,,Congress
118,House,195,4/26/23,1,196,219,210,0.027,0.03,-0.716,0.108,-0.337,HRES327,Passed,"Providing for consideration of the bill (H.R. 2811) Limit, Save, Grow Act, and providing for consideration of (H.J.Res.39) disapproving the rule submitted by the Dept. of Commerce relating to “Procedures Covering Suspension of Liquidation, Duties and Estimated Duties in Accord With Presidential Proclamation 10414”",On Agreeing to the Resolution,,Congress
118,House,196,4/26/23,1,197,422,1,0,0,0,0,0,HR1353,Passed,ALERT Parity Act,"On Motion to Suspend the Rules and Pass, as Amended",,
118,House,197,4/26/23,1,198,211,221,0.027,0.03,0.716,-0.108,-0.337,HR2811,Failed,"Limit, Save, Grow Act",On Motion to Recommit,,Economics and Public Finance
118,House,198,4/26/23,1,199,217,215,-0.205,0.979,-0.538,-0.897,-17.165,HR2811,Passed,"Limit, Save, Grow Act",On Passage,,Economics and Public Finance
118,House,199,4/26/23,1,200,409,11,-0.924,0.382,-0.451,-0.589,-33.575,HR1339,Passed,Precision Agriculture Satellite Connectivity Act,On Motion to Suspend the Rules and Pass,,"Science, Technology, Communications"
118,House,200,4/27/23,1,201,102,321,0.489,-0.187,-0.077,1.657,-116.516,HCONRES30,Failed,"Directing the President, pursuant to section 5(c) of the War Powers Resolution, to remove all United States Armed Forces, other than United States Armed Forces assigned to protect the United States Embassy, from Somalia",On Agreeing to the Resolution,,International Affairs
118,House,201,4/28/23,1,202,221,202,0.317,-0.598,-0.211,-0.384,-67.357,HJRES39,Passed,"Disapproving the rule submitted by the Department of Commerce relating to “Procedures Covering Suspension of Liquidation, Duties and Estimated Duties in Accord with Presidential Proclamation 10414”",On Passage,,Foreign Trade and International Finance
118,House,202,5/9/23,1,203,351,58,0.621,-0.005,0.365,-0.428,-54.617,HR676,Passed,Coastal Communities Ocean Acidification Act,On Motion to Suspend the Rules and Pass,,Public Lands and Natural Resources
118,House,203,5/9/23,1,204,356,50,0.693,0.145,1.066,-1.405,-55.265,HR1715,Passed,Advanced Weather Model Computing Development Act,On Motion to Suspend the Rules and Pass,,"Science, Technology, Communications"
118,House,204,5/10/23,1,205,215,211,0.008,-0.424,-0.687,0.56,-7.417,HRES383,Passed,Providing for consideration of the bill (H.R. 2) Secure the Border Act and providing for consideration of the bill (H.R. 1163) Protecting Taxpayers and Victims of Unemployment Fraud Act,On Ordering the Previous Question,,Congress
118,House,205,5/10/23,1,206,236,190,-0.111,0.087,-0.227,-0.467,-54.237,HRES383,Agreed to,,On Agreeing to the Amendment,,Congress
118,House,206,5/10/23,1,207,215,209,0.028,0.02,-0.716,0.113,-0.319,HRES383,Passed,Providing for consideration of the bill (H.R. 2) Secure the Border Act and providing for consideration of the bill (H.R. 1163) Protecting Taxpayers and Victims of Unemployment Fraud Act,On Agreeing to the Resolution,,Congress
118,House,207,5/11/23,1,208,211,221,0.028,0.026,0.716,-0.111,-0.342,HR2,Failed,Secure the Border Act,On Motion to Recommit,,Immigration
118,House,208,5/11/23,1,209,219,213,-0.111,0.994,-0.455,-0.503,-9.91,HR2,Passed,Secure the Border Act,On Passage,,Immigration
118,House,209,5/11/23,1,210,210,221,0.028,0.026,0.716,-0.111,-0.342,HR1163,Failed,Protecting Taxpayers and Victims of Unemployment Fraud Act,On Motion to Recommit,,Labor and Employment
118,House,210,5/11/23,1,211,230,200,-0.007,-0.835,-0.808,-0.594,-23.61,HR1163,Passed,Protecting Taxpayers and Victims of Unemployment Fraud Act,On Passage,,Labor and Employment
118,House,211,5/11/23,1,212,425,0,0,0,0,0,0,HR1734,Passed,TRANQ Research Act,"On Motion to Suspend the Rules and Pass, as Amended",,X
118,House,212,5/15/23,1,213,412,0,0,0,0,0,0,HR3089,Passed,NDO Fairness Act,On Motion to Suspend the Rules and Pass,,X
118,House,213,5/15/23,1,214,413,2,0,0,0,0,0,HRES363,Passed,Expressing support for recognizing “National Police Week”,"On Motion to Suspend the Rules and Agree, as Amended",,Crime and Law Enforcement
118,House,214,5/16/23,1,215,220,209,0.025,0.016,-0.717,0.099,-0.323,HRES398,Passed,Providing for consideration of (H.R. 2494) the POLICE Act; (H.R. 3091) the Federal Law Enforcement Officer Service Weapon Purchase Act; and (H. Con. Res. 40) Expressing support for local law enforcement officers and condemning efforts to defund or dismantle local law enforcement agencies,On Ordering the Previous Question,,Congress
118,House,215,5/16/23,1,216,222,203,-0.082,0.144,-0.648,-0.744,-10.867,HRES398,Passed,Providing for consideration of (H.R. 2494) the POLICE Act; (H.R. 3091) the Federal Law Enforcement Officer Service Weapon Purchase Act; and (H. Con. Res. 40) Expressing support for local law enforcement officers and condemning efforts to defund or dismantle local law enforcement agencies,On Agreeing to the Resolution,,Congress
118,House,216,5/17/23,1,217,221,204,0.023,0.017,-0.717,0.081,-0.259,HRES114,Passed,In the matter of George Santos,On Motion to Refer,,Congress
118,House,217,5/17/23,1,218,216,219,0.055,0.412,0.657,0.776,-7.228,HR3091,Failed,,On Agreeing to the Amendment,,Crime and Law Enforcement
118,House,218,5/17/23,1,219,248,184,0.083,-0.432,-0.186,-0.404,-77.783,HR3091,Agreed to,,On Agreeing to the Amendment,,Crime and Law Enforcement
118,House,219,5/17/23,1,220,232,202,0.107,-0.231,-0.491,-1.32,-30.588,HR3091,Agreed to,,On Agreeing to the Amendment,,Crime and Law Enforcement
118,House,220,5/17/23,1,221,218,217,0.161,0.207,-0.71,0.222,-5.097,HR3091,Agreed to,,On Agreeing to the Amendment,,Crime and Law Enforcement
118,House,221,5/17/23,1,222,232,198,0.141,-0.56,-0.409,-0.794,-29.793,HR3091,Passed,Federal Law Enforcement Officer Service Weapon Purchase Act,On Passage,,Crime and Law Enforcement
118,House,222,5/17/23,1,223,303,126,-0.214,-0.634,-0.368,-0.459,-81.839,HR2494,Agreed to,,On Agreeing to the Amendment,,Immigration
118,House,223,5/17/23,1,224,209,225,0.095,0.996,0.291,-0.137,-32.234,HR2494,Failed,,On Agreeing to the Amendment,,Immigration
118,House,224,5/17/23,1,225,255,175,-0.133,-0.342,-0.832,-1.136,-49.484,HR2494,Passed,POLICE Act,On Passage,,Immigration
118,House,225,5/18/23,1,226,268,156,-0.601,0.799,-0.627,-1.494,-84.859,HCONRES40,Agreed to,,On Agreeing to the Amendment,,Crime and Law Enforcement
118,House,226,5/18/23,1,227,301,119,-0.512,0.472,-0.384,-0.742,-73.804,HCONRES40,Passed,Expressing support for local law enforcement officers and condemning efforts to defund or dismantle local law enforcement agencies,On Agreeing to the Resolution,,Crime and Law Enforcement
118,House,227,5/22/23,1,228,402,2,0,0,0,0,0,HR1076,Passed,Preventing the Financing of Illegal Synthetic Drugs Act,"On Motion to Suspend the Rules and Pass, as Amended",,Government Operations and Politics
118,House,228,5/22/23,1,229,400,5,0,0,0,0,0,HR1156,Passed,China Financial Threat Mitigation Act,"On Motion to Suspend the Rules and Pass, as Amended",,Finance and Financial Sector
118,House,229,5/23/23,1,230,219,208,0.026,0.031,-0.716,0.105,-0.33,HRES429,Passed,"Providing for consideration of the bill (H.R. 467) HALT Fentanyl Act; S.J.Res. 11, Congressional Disapproval “Control of Air Pollution From New Motor Vehicles: Heavy-Duty Engine and Vehicle Standards”; and H.J.Res. 45, Congressional Disapproval “Waivers and Modifications of Federal Student Loans”",On Ordering the Previous Question,,Congress
118,House,230,5/23/23,1,231,217,204,-0.048,0.25,-0.702,-0.356,-2.239,HRES429,Passed,"Providing for consideration of the bill (H.R. 467) HALT Fentanyl Act; S.J.Res. 11, Congressional Disapproval “Control of Air Pollution From New Motor Vehicles: Heavy-Duty Engine and Vehicle Standards”; and H.J.Res. 45, Congressional Disapproval “Waivers and Modifications of Federal Student Loans”",On Agreeing to the Resolution,,Congress
118,House,231,5/23/23,1,232,221,203,0.046,-0.024,-0.562,-1.092,-9.933,SJRES11,Passed,"Providing for congressional disapproval under chapter 8 of title 5, United States Code, of the rule submitted by the Environmental Protection Agency relating to “Control of Air Pollution From New Motor Vehicles: Heavy-Duty Engine and Vehicle Standards”",On Passage,,Environmental Protection
118,House,232,5/24/23,1,233,214,205,0.267,-0.461,-0.215,-0.353,-57.184,HJRES39,Failed,"Disapproving the rule submitted by the Department of Commerce relating to “Procedures Covering Suspension of Liquidation, Duties and Estimated Duties in Accord with Presidential Proclamation 10414”","Passage, Objections of the President To The Contrary Notwithstanding",,Foreign Trade and International Finance
118,House,233,5/24/23,1,234,218,203,-0.078,0.308,-0.69,-0.46,-2.964,HJRES45,Passed,"Providing for congressional disapproval under chapter 8 of title 5, United States Code, of the rule submitted by the Department of Education relating to “Waivers and Modifications of Federal Student Loans”",On Passage,,Education
118,House,234,5/24/23,1,235,409,9,0,0,0,0,0,HR1669,Passed,VET-TEC Authorization Act,"On Motion to Suspend the Rules and Pass, as Amended",,Armed Forces and National Security
118,House,235,5/25/23,1,236,190,233,-0.211,0.977,0.579,0.126,-39.814,HR467,Failed,,On Agreeing to the Amendment,,Crime and Law Enforcement
118,House,236,5/25/23,1,237,289,133,-0.445,0.515,-0.418,-0.584,-66.64,HR467,Passed,HALT Fentanyl Act,On Passage,,Crime and Law Enforcement
118,House,237,5/30/23,1,238,367,8,0,0,0,0,0,HR2792,Passed,Small Entity Update Act,"On Motion to Suspend the Rules and Pass, as Amended",,Finance and Financial Sector
118,House,238,5/30/23,1,239,347,30,0.104,-0.995,0.344,-1.688,-43.723,HR2795,Passed,Enhancing Multi-Class Share Disclosures Act,"On Motion to Suspend the Rules and Pass, as Amended",,Finance and Financial Sector
118,House,239,5/30/23,1,240,309,67,0.091,-0.853,0.394,-1.409,-63.617,HR2796,Passed,Promoting Opportunities for Non-Traditional Capital Formation Act,"On Motion to Suspend the Rules and Pass, as Amended",,Commerce
118,House,240,5/31/23,1,241,241,187,-0.56,0.828,-0.238,-0.569,-135.275,HRES456,Passed,"Providing for consideration of H.R. 3746, the Fiscal Responsibility Act of 2023",On Agreeing to the Resolution,,Congress
118,House,241,5/31/23,1,242,429,0,0,0,0,0,0,HRES382,Passed,Condemning the rise of antisemitism and calling on elected officials to identify and educate others on the contributions of the Jewish American community,"On Motion to Suspend the Rules and Agree, as Amended",,
118,House,242,5/31/23,1,243,314,117,0.277,-0.228,0.054,-0.718,-173.125,HR3746,Passed,Fiscal Responsibility Act,On Passage,,Economics and Public Finance
118,House,243,5/31/23,1,244,383,18,-0.036,-0.82,-0.14,-1.695,-23.565,HR2797,Passed,Equal Opportunity for All Investors Act of 2023,"On Motion to Suspend the Rules and Pass, as Amended",,Finance and Financial Sector
118,House,244,6/5/23,1,245,384,13,0.009,-0.882,-0.108,-1.697,-18.501,HR2793,Passed,Encouraging Public Offerings Act,"On Motion to Suspend the Rules and Pass, as Amended",,Finance and Financial Sector
118,House,245,6/5/23,1,246,390,10,-0.983,0.185,-0.46,-0.638,-27.663,HR2812,Passed,Middle Market IPO Cost Act,"On Motion to Suspend the Rules and Pass, as Amended",,Finance and Financial Sector
118,House,246,6/6/23,1,247,215,203,0.027,0.04,-0.716,0.105,-0.336,HRES463,Passed,Providing for consideration of the bill (H.R. 277) REINS Act; providing for consideration of the bill (H.R. 288) Separation of Powers Restoration Act; providing for consideration of the bill (H.R. 1615) Gas Stove Protection and Freedom Act; and providing for consideration of the bill (H.R. 1640) Save Our Stoves Act,On Ordering the Previous Question,,Congress
118,House,247,6/6/23,1,248,206,220,-0.271,0.963,-0.479,-1.071,-38.716,HRES463,Failed,Providing for consideration of the bill (H.R. 277) REINS Act; providing for consideration of the bill (H.R. 288) Separation of Powers Restoration Act; providing for consideration of the bill (H.R. 1615) Gas Stove Protection and Freedom Act; and providing for consideration of the bill (H.R. 1640) Save Our Stoves Act,On Agreeing to the Resolution,,Congress
118,House,248,6/13/23,1,249,216,209,0.026,0.033,-0.716,0.108,-0.326,HRES495,Passed,Providing for consideration of the joint resolution (H.J.Res. 44); providing for consideration of the bill (H.R. 277); providing for consideration of the bill (H.R. 288); providing for consideration of the bill (H.R. 1615); and providing for consideration of the bill (H.R. 1640),On Ordering the Previous Question,,Congress
118,House,249,6/13/23,1,250,218,209,0.026,0.034,-0.716,0.108,-0.325,HRES495,Passed,Providing for consideration of the joint resolution (H.J.Res. 44); providing for consideration of the bill (H.R. 277); providing for consideration of the bill (H.R. 288); providing for consideration of the bill (H.R. 1615); and providing for consideration of the bill (H.R. 1640),On Agreeing to the Resolution,,Congress
118,House,250,6/13/23,1,251,413,13,-0.875,0.484,-0.559,-0.907,-34.013,HR3099,Passed,Special Envoy for the Abraham Accords Act,"On Motion to Suspend the Rules and Pass, as Amended",,International Affairs
118,House,251,6/13/23,1,252,219,210,0.094,-0.097,-0.347,-0.376,-10.266,HJRES44,Passed,"Providing for congressional disapproval under chapter 8 of title 5, United States Code, of the rule submitted by the Bureau of Alcohol, Tobacco, Firearms, and Explosives relating to “Factoring Criteria for Firearms with Attached ’Stabilizing Braces’”",On Passage,,Crime and Law Enforcement
118,House,252,6/13/23,1,253,233,197,-0.191,0.317,-0.621,-0.902,-23.68,HJRES42,Failed,Disapproving the action of the District of Columbia Council in approving the Comprehensive Policing and Justice Reform Amendment Act,"Passage, Objections of the President To The Contrary Notwithstanding",,Government Operations and Politics
118,House,253,6/13/23,1,254,222,210,0.071,0.036,-0.274,-0.625,-29.223,HR1615,Agreed to,,On Agreeing to the Amendment,,Commerce
118,House,254,6/13/23,1,255,248,180,0.265,-0.749,-0.331,-0.87,-54.884,HR1615,Passed,Gas Stove Protection and Freedom Act,On Passage,,Commerce
118,House,255,6/13/23,1,256,422,0,0,0,0,0,0,HRES377,Passed,"Calling for the immediate release of Evan Gershkovich, a United States citizen and journalist, who was wrongfully detained by the Government of the Russian Federation in March 2023","On Motion to Suspend the Rules and Agree, as Amended",,
118,House,256,6/14/23,1,257,211,223,0.07,0.998,-0.614,-0.589,-27.046,HR277,Failed,,On Agreeing to the Amendment,,Government Operations and Politics
118,House,257,6/14/23,1,258,211,223,0.175,0.359,-0.662,-0.736,-18.443,HR277,Failed,,On Agreeing to the Amendment,,Government Operations and Politics
118,House,258,6/14/23,1,259,207,225,0.069,-0.823,0.682,0.409,-7.174,HR277,Failed,,On Agreeing to the Amendment,,Government Operations and Politics
118,House,259,6/14/23,1,260,213,221,0.084,0.122,0.677,0.558,-1.704,HR277,Failed,,On Agreeing to the Amendment,,Government Operations and Politics
118,House,260,6/14/23,1,261,151,285,0.31,0.951,0.186,-0.53,-131.406,HR277,Failed,,On Agreeing to the Amendment,,Government Operations and Politics
118,House,261,6/14/23,1,262,217,219,0.144,0.483,-0.378,-0.143,-18.656,HR277,Failed,,On Agreeing to the Amendment,,Government Operations and Politics
118,House,262,6/14/23,1,263,219,217,0.134,-0.008,-0.292,-0.218,-20.022,HR277,Agreed to,,On Agreeing to the Amendment,,Government Operations and Politics
118,House,263,6/14/23,1,264,210,220,0.025,0.048,0.716,-0.107,-0.333,HR277,Failed,REINS Act,On Motion to Recommit,,Government Operations and Politics
118,House,264,6/14/23,1,265,221,210,-0.043,0.241,-0.703,-0.343,-2.279,HR277,Passed,REINS Act,On Passage,,Government Operations and Politics
118,House,265,6/14/23,1,266,207,224,-0.094,0.237,0.711,0.209,-6.326,HR1640,Failed,,On Agreeing to the Amendment,,Energy
118,House,266,6/14/23,1,267,209,225,-0.083,-0.11,0.722,0.172,-9.448,HR1640,Failed,,On Agreeing to the Amendment,,Energy
118,House,267,6/14/23,1,268,249,181,-0.045,-0.183,-0.408,-1.043,-40.534,HR1640,Passed,Save Our Gas Stoves Act,On Passage,,Energy
118,House,268,6/14/23,1,269,225,196,0.186,0.983,0.304,0.1,-49.357,HRES489,Passed,"Censuring and condemning Adam Schiff, Representative of California’s 30th Congressional District",On Motion to Table,,Congress
118,House,269,6/15/23,1,270,210,220,0.025,0.048,0.716,-0.106,-0.333,HR288,Failed,Separation of Powers Restoration Act,On Motion to Recommit,,Government Operations and Politics
118,House,270,6/15/23,1,271,220,211,-0.157,0.763,-0.614,-0.926,-8.47,HR288,Passed,Separation of Powers Restoration Act,On Passage,,Government Operations and Politics
118,House,271,6/20/23,1,272,407,0,0,0,0,0,0,HR1606,Passed,Veteran Entrepreneurship Training Act,"On Motion to Suspend the Rules and Pass, as Amended",,
118,House,272,6/20/23,1,273,409,0,0,0,0,0,0,HR3672,Passed,"To designate the clinic of the Department of Veterans Affairs in Indian River, Michigan, as the “Pfc. Justin T. Paton Department of Veterans Affairs Clinic”",On Motion to Suspend the Rules and Pass,,X
118,House,273,6/21/23,1,274,215,207,0.026,0.049,-0.716,0.111,-0.335,HRES524,Passed,Providing for consideration of the bill (H.R. 3564) the Middle Class Borrower Protection Act; consideration of (H.R. 3799) the CHOICE Arrangement Act; consideration of (H. Res. 461) Condemning the use of elementary and secondary school facilities to provide shelter for aliens who are not admitted to the United States,On Ordering the Previous Question,,Congress
118,House,274,6/21/23,1,275,215,211,-0.205,0.979,-0.551,-0.908,-16.337,HRES524,Passed,Providing for consideration of the bill (H.R. 3564) the Middle Class Borrower Protection Act; consideration of (H.R. 3799) the CHOICE Arrangement Act; consideration of (H. Res. 461) Condemning the use of elementary and secondary school facilities to provide shelter for aliens who are not admitted to the United States,On Agreeing to the Resolution,,Congress
118,House,275,6/21/23,1,276,208,218,0.026,0.049,0.716,-0.111,-0.335,HRES521,Failed,"Censuring Adam Schiff, Representative of the 30th Congressional District of California",On Motion to Table,,Congress
118,House,276,6/21/23,1,277,221,206,-0.077,0.303,-0.694,-0.416,-2.93,HJRES45,Failed,"Providing for congressional disapproval under chapter 8 of title 5, United States Code, of the rule submitted by the Department of Education relating to “Waivers and Modifications of Federal Student Loans”","Passage, Objections of the President To The Contrary Notwithstanding",,Education
118,House,277,6/21/23,1,278,211,220,0.026,0.052,0.716,-0.109,-0.345,HR3799,Failed,,On Agreeing to the Amendment,,Taxation
118,House,278,6/21/23,1,279,281,151,-0.26,0,-0.248,-0.531,-80.675,HR3799,Agreed to,,On Agreeing to the Amendment,,Taxation
118,House,279,6/21/23,1,280,228,206,-0.063,0.036,-0.632,-0.852,-12.974,HR3799,Agreed to,,On Agreeing to the Amendment,,Taxation
118,House,280,6/21/23,1,281,209,220,0.026,0.049,0.716,-0.111,-0.335,HR3799,Failed,CHOICE Arrangement Act,On Motion to Recommit,,Taxation
118,House,281,6/21/23,1,282,220,209,0.026,0.049,-0.716,0.111,-0.335,HR3799,Passed,CHOICE Arrangement Act,On Passage,,Taxation
118,House,282,6/21/23,1,283,213,209,0.026,0.046,-0.716,0.113,-0.329,HRES521,Passed,"Censuring Adam Schiff, Representative of the 30th Congressional District of California",On Agreeing to the Resolution,,Congress
118,House,283,6/22/23,1,284,214,206,0.027,0.053,-0.715,0.138,-0.324,HRES529,Passed,"Relating to the resolution (H. Res. 503) impeaching Joseph R. Biden, Jr., President of the United States, for high crimes and misdemeanors",On Ordering the Previous Question,,Congress
118,House,284,6/22/23,1,285,219,208,0.026,0.059,-0.715,0.134,-0.328,HRES529,Passed,"Relating to the resolution (H. Res. 503) impeaching Joseph R. Biden, Jr., President of the United States, for high crimes and misdemeanors",On Agreeing to the Resolution,,Congress
118,House,285,6/22/23,1,286,223,201,-0.151,0.341,-0.661,-0.66,-12.584,HRES461,Passed,Condemning the use of elementary and secondary school facilities to provide shelter for aliens who are not admitted to the United States,On Agreeing to the Resolution,,Immigration
118,House,286,6/23/23,1,287,204,216,0.025,0.064,0.715,-0.131,-0.337,HR3564,Failed,,On Agreeing to the Amendment,,Finance and Financial Sector
118,House,287,6/23/23,1,288,197,214,-0.025,-0.055,0.724,0.31,-4.699,HR3564,Failed,Middle Class Borrower Protection Act,On Motion to Recommit,,Finance and Financial Sector
118,House,288,6/23/23,1,289,230,189,0.049,-0.285,-0.523,-1.121,-27.059,HR3564,Passed,Middle Class Borrower Protection Act,On Passage,,Finance and Financial Sector
118,House,289,7/11/23,1,290,398,11,-0.971,-0.239,-0.531,-1.531,-27.28,HR1548,Passed,Improving Access to Small Business Information Act,"On Motion to Suspend the Rules and Pass, as Amended",,Finance and Financial Sector
118,House,290,7/11/23,1,291,409,1,0,0,0,0,0,HR1096,Passed,250th Anniversary of the United States Marine Corps Commemorative Coin Act,On Motion to Suspend the Rules and Pass,,Finance and Financial Sector
118,House,291,7/12/23,1,292,215,201,0.026,0.046,-0.716,0.111,-0.335,HRES582,Passed,Providing for consideration of the bill (H.R. 2670) National Defense Authorization Act for FY 2024,On Ordering the Previous Question,,Congress
118,House,292,7/12/23,1,293,218,207,0.026,0.046,-0.716,0.111,-0.335,HRES582,Agreed to,,On Agreeing to the Amendment,,Congress
118,House,293,7/12/23,1,294,217,207,0.026,0.046,-0.716,0.111,-0.335,HRES582,Passed,Providing for consideration of the bill (H.R. 2670) National Defense Authorization Act for FY 2024,"On Agreeing to the Resolution, as Amended",,Congress
118,House,294,7/13/23,1,295,214,207,-0.097,-0.995,-0.57,0.42,-8.105,HRES583,Passed,Providing for further consideration of the bill (H.R. 2670) the National Defense Authorization Act for FY 2024,On Ordering the Previous Question,,Congress
118,House,295,7/13/23,1,296,220,208,0.024,0.049,-0.716,0.097,-0.317,HRES583,Passed,Providing for further consideration of the bill (H.R. 2670) the National Defense Authorization Act for FY 2024,On Agreeing to the Resolution,,Congress
118,House,296,7/13/23,1,297,399,31,-0.887,0.462,-0.54,-1.241,-73.097,HR2670,Agreed to,,On Agreeing to the Amendment,,Armed Forces and National Security
118,House,297,7/13/23,1,298,198,217,-0.271,0.963,0.331,0.358,-43.894,HR2670,Failed,,On Agreeing to the Amendment,,Armed Forces and National Security
118,House,298,7/13/23,1,299,160,266,-0.022,-0.391,0.311,0.831,-60.768,HR2670,Failed,,On Agreeing to the Amendment,,Armed Forces and National Security
118,House,299,7/13/23,1,300,221,213,0.055,0.183,-0.713,-1.273,-9.61,HR2670,Agreed to,,On Agreeing to the Amendment,,Armed Forces and National Security
118,House,300,7/13/23,1,301,222,211,-0.045,0.449,-0.404,-0.575,-9.491,HR2670,Agreed to,,On Agreeing to the Amendment,,Armed Forces and National Security
118,House,301,7/13/23,1,302,222,210,-0.201,0.962,-0.587,-0.796,-9.713,HR2670,Agreed to,,On Agreeing to the Amendment,,Armed Forces and National Security
118,House,302,7/13/23,1,303,89,341,0.197,-0.98,-0.23,0.488,-93.868,HR2670,Failed,,On Agreeing to the Amendment,,Armed Forces and National Security
118,House,303,7/13/23,1,304,70,358,0.264,-0.964,-0.231,0.504,-79.465,HR2670,Failed,,On Agreeing to the Amendment,,Armed Forces and National Security
118,House,304,7/13/23,1,305,95,332,-0.065,-0.998,-0.373,1.223,-84.911,HR2670,Failed,,On Agreeing to the Amendment,,Armed Forces and National Security
118,House,305,7/13/23,1,306,129,301,-0.046,-0.919,-0.482,1.309,-89.17,HR2670,Failed,,On Agreeing to the Amendment,,Armed Forces and National Security
118,House,306,7/13/23,1,307,71,360,0.114,-0.953,-0.214,0.675,-80.291,HR2670,Failed,,On Agreeing to the Amendment,,Armed Forces and National Security
118,House,307,7/13/23,1,308,217,212,0.132,0.183,-0.711,0.198,-3.777,HR2670,Agreed to,,On Agreeing to the Amendment,,Armed Forces and National Security
118,House,308,7/13/23,1,309,227,201,-0.256,0.967,-0.781,-0.66,-21.867,HR2670,Agreed to,,On Agreeing to the Amendment,,Armed Forces and National Security
118,House,309,7/13/23,1,310,214,210,-0.013,0.31,-0.637,-0.848,-4.043,HR2670,Agreed to,,On Agreeing to the Amendment,,Armed Forces and National Security
118,House,310,7/13/23,1,311,216,216,0.168,0.929,-0.757,0.024,-10.009,HR2670,Failed,,On Agreeing to the Amendment,,Armed Forces and National Security
118,House,311,7/13/23,1,312,214,213,0.175,0.912,-0.753,0.047,-9.77,HR2670,Agreed to,,On Agreeing to the Amendment,,Armed Forces and National Security
118,House,312,7/13/23,1,313,218,213,0.309,-0.588,-0.621,-1.007,-12.447,HR2670,Agreed to,,On Agreeing to the Amendment,,Armed Forces and National Security
118,House,313,7/13/23,1,314,222,209,-0.01,0.137,-0.6,-0.937,-4.9,HR2670,Agreed to,,On Agreeing to the Amendment,,Armed Forces and National Security
118,House,314,7/13/23,1,315,234,198,-0.364,0.931,-0.402,-0.624,-45.519,HR2670,Agreed to,,On Agreeing to the Amendment,,Armed Forces and National Security
118,House,315,7/13/23,1,316,177,253,0.331,0.072,-0.256,-0.098,-75.615,HR2670,Failed,,On Agreeing to the Amendment,,Armed Forces and National Security
118,House,316,7/13/23,1,317,147,276,0.128,-0.152,-0.059,0.746,-182.358,HR2670,Failed,,On Agreeing to the Amendment,,Armed Forces and National Security
118,House,317,7/13/23,1,318,218,213,-0.087,-0.996,-0.562,0.382,-8.405,HR2670,Agreed to,,On Agreeing to the Amendment,,Armed Forces and National Security
118,House,318,7/13/23,1,319,79,353,-0.122,-0.753,-0.264,1.525,-90.581,HR2670,Failed,,On Agreeing to the Amendment,,Armed Forces and National Security
118,House,319,7/13/23,1,320,212,218,-0.135,-0.966,-0.328,0.344,-34.968,HR2670,Failed,,On Agreeing to the Amendment,,Armed Forces and National Security
118,House,320,7/13/23,1,321,210,221,0.23,0.452,-0.71,0.165,-16.201,HR2670,Failed,,On Agreeing to the Amendment,,Armed Forces and National Security
118,House,321,7/13/23,1,322,193,237,0.156,0.608,-0.561,-0.875,-42.384,HR2670,Failed,,On Agreeing to the Amendment,,Armed Forces and National Security
118,House,322,7/13/23,1,323,247,185,-0.205,0.141,-0.322,-0.351,-50.183,HR2670,Agreed to,,On Agreeing to the Amendment,,Armed Forces and National Security
118,House,323,7/13/23,1,324,218,213,0.132,0.184,-0.712,0.189,-3.767,HR2670,Agreed to,,On Agreeing to the Amendment,,Armed Forces and National Security
118,House,324,7/14/23,1,325,218,210,0.03,-1,-0.421,-0.031,-10.936,HR2670,Agreed to,,On Agreeing to the Amendment,,Armed Forces and National Security
118,House,325,7/14/23,1,326,217,216,0.159,0.255,-0.711,0.19,-7.536,HR2670,Agreed to,,On Agreeing to the Amendment,,Armed Forces and National Security
118,House,326,7/14/23,1,327,210,217,0.026,0.059,0.716,-0.102,-0.333,HR2670,Failed,National Defense Authorization Act,On Motion to Recommit,,Armed Forces and National Security
118,House,327,7/14/23,1,328,219,210,-0.29,0.957,-0.564,-1.011,-21.648,HR2670,Passed,National Defense Authorization Act,On Passage,,Armed Forces and National Security
118,House,328,7/17/23,1,329,400,0,0,0,0,0,0,S111,Passed,Providing Accountability Through Transparency Act,On Motion to Suspend the Rules and Pass,,
118,House,329,7/17/23,1,330,386,22,0.413,-0.779,0.246,-1.034,-31.5,HR813,Passed,Global Investment in American Jobs Act,"On Motion to Suspend the Rules and Pass, as Amended",,Foreign Trade and International Finance
118,House,330,7/18/23,1,331,213,207,0.026,0.057,-0.716,0.105,-0.33,HRES597,Passed,Providing for consideration of the bill (H.R. 3935) the Securing Growth and Robust Leadership in American Aviation Act; and providing for consideration of the bill (H.R. 3941) the Schools Not Shelters Act,On Ordering the Previous Question,,Congress
118,House,331,7/18/23,1,332,213,206,-0.085,0.996,-0.498,-0.457,-6.844,HRES597,Passed,Providing for consideration of the bill (H.R. 3935) the Securing Growth and Robust Leadership in American Aviation Act; and providing for consideration of the bill (H.R. 3941) the Schools Not Shelters Act,On Agreeing to the Resolution,,Congress
118,House,332,7/18/23,1,333,27,381,0.234,-0.67,-0.193,1.675,-36.432,HJRES68,Failed,"Relating to a national emergency declared by the President on October 27, 2006",On Passage,,Emergency Management
118,House,333,7/18/23,1,334,30,388,0.063,-0.746,-0.179,1.675,-46.611,HJRES70,Failed,"Relating to a national emergency declared by the President on February 25, 2011",On Passage,,Emergency Management
118,House,334,7/18/23,1,335,27,393,0.204,-0.683,-0.177,1.675,-37.056,HJRES74,Failed,"Relating to a national emergency declared by the President on May 16, 2012",On Passage,,Emergency Management
118,House,335,7/18/23,1,336,26,394,0.202,-0.693,-0.176,1.674,-35.66,HJRES71,Failed,"Relating to a national emergency declared by the President on May 22, 2003",On Passage,,Emergency Management
118,House,336,7/18/23,1,337,24,394,0.219,-0.697,-0.168,1.678,-32.62,HJRES79,Failed,"Relating to a national emergency declared by the President on May 11, 2004",On Passage,,Emergency Management
118,House,337,7/18/23,1,338,412,9,0,0,0,0,0,HCONRES57,Passed,Expressing the sense of Congress supporting the State of Israel,On Motion to Suspend the Rules and Agree,,International Affairs
118,House,338,7/19/23,1,339,200,212,0.024,0.059,0.715,-0.108,-0.325,HR3941,Failed,Schools Not Shelters Act,On Motion to Recommit,,Immigration
118,House,339,7/19/23,1,340,222,201,-0.1,0.234,-0.715,-0.778,-11.346,HR3941,Passed,Schools Not Shelters Act,On Passage,,Immigration
118,House,340,7/19/23,1,341,243,191,0.288,-0.06,0.114,0.195,-170.288,HR3935,Agreed to,,On Agreeing to the Amendment,,Transportation and Public Works
118,House,341,7/19/23,1,342,203,231,0.035,0.554,-0.189,-0.283,-78.604,HR3935,Failed,,On Agreeing to the Amendment,,Transportation and Public Works
118,House,342,7/19/23,1,343,392,41,0.575,-0.394,0.188,-0.668,-66.19,HR3935,Agreed to,,On Agreeing to the Amendment,,Transportation and Public Works
118,House,343,7/19/23,1,344,193,236,0.253,0.43,-0.323,-0.179,-51.193,HR3935,Failed,,On Agreeing to the Amendment,,Transportation and Public Works
118,House,344,7/19/23,1,345,177,258,0.098,-0.995,-0.247,0.245,-91.899,HR3935,Failed,,On Agreeing to the Amendment,,Transportation and Public Works
118,House,345,7/19/23,1,346,141,294,-0.064,-0.998,-0.172,0.39,-133.51,HR3935,Failed,,On Agreeing to the Amendment,,Transportation and Public Works
118,House,346,7/19/23,1,347,220,215,-0.246,0.734,-0.208,-0.415,-86.179,HR3935,Agreed to,,On Agreeing to the Amendment,,Transportation and Public Works
118,House,347,7/19/23,1,348,214,219,0.187,-0.982,-0.28,-0.072,-43.946,HR3935,Failed,,On Agreeing to the Amendment,,Transportation and Public Works
118,House,348,7/19/23,1,349,211,224,0.084,0.189,-0.199,-0.589,-77.384,HR3935,Failed,,On Agreeing to the Amendment,,Transportation and Public Works
118,House,349,7/19/23,1,350,240,195,-0.098,0.129,-0.156,-0.2,-101.235,HR3935,Agreed to,,On Agreeing to the Amendment,,Transportation and Public Works
118,House,350,7/19/23,1,351,49,386,0.178,-0.984,-0.18,0.64,-75.322,HR3935,Failed,,On Agreeing to the Amendment,,Transportation and Public Works
118,House,351,7/19/23,1,352,216,219,0.109,-0.121,-0.212,0.015,-48.278,HR3935,Failed,,On Agreeing to the Amendment,,Transportation and Public Works
118,House,352,7/19/23,1,353,181,254,0.076,-0.997,-0.686,0.836,-69.793,HR3935,Failed,,On Agreeing to the Amendment,,Transportation and Public Works
118,House,353,7/19/23,1,354,229,205,-0.005,0.071,-0.187,-0.331,-63.953,HR3935,Agreed to,,On Agreeing to the Amendment,,Transportation and Public Works
118,House,354,7/19/23,1,355,191,244,0.153,-0.988,-0.365,0.235,-62.211,HR3935,Failed,,On Agreeing to the Amendment,,Transportation and Public Works
118,House,355,7/19/23,1,356,206,227,0.249,0.473,-0.371,0.067,-34.565,HR3935,Failed,,On Agreeing to the Amendment,,Transportation and Public Works
118,House,356,7/19/23,1,357,205,229,-0.085,0.996,-0.088,-0.082,-225.05,HR3935,Failed,,On Agreeing to the Amendment,,Transportation and Public Works
118,House,357,7/19/23,1,358,127,308,0.463,-0.806,-0.379,0.028,-88.32,HR3935,Failed,,On Agreeing to the Amendment,,Transportation and Public Works
118,House,358,7/19/23,1,359,52,381,0.106,-0.852,-0.412,1.784,-59.443,HR3935,Failed,,On Agreeing to the Amendment,,Transportation and Public Works
118,House,359,7/19/23,1,360,45,387,0.452,-0.522,-0.183,0.672,-60.932,HR3935,Failed,,On Agreeing to the Amendment,,Transportation and Public Works
118,House,360,7/20/23,1,361,348,57,0.3,-0.495,0.009,-0.853,-109.005,HR3935,Agreed to,,On Agreeing to the Amendment,,Transportation and Public Works
118,House,361,7/20/23,1,362,64,329,0.176,-0.905,-0.287,0.786,-67.126,HR3935,Failed,,On Agreeing to the Amendment,,Transportation and Public Works
118,House,362,7/20/23,1,363,195,226,0.244,0.051,-0.278,0.078,-48.87,HR3935,Failed,,On Agreeing to the Amendment,,Transportation and Public Works
118,House,363,7/20/23,1,364,351,69,-0.81,0.586,-0.21,-0.338,-150.764,HR3935,Passed,Securing Growth and Robust Leadership in American Aviation Act,On Passage,,Transportation and Public Works
118,House,364,7/25/23,1,365,250,163,0.155,-0.238,-0.035,-0.341,-235.934,HR1338,Failed,Satellite And Telecommunications Streamlining Act,"On Motion to Suspend the Rules and Pass, as Amended",,"Science, Technology, Communications"
118,House,365,7/25/23,1,366,409,1,0,0,0,0,0,HR4470,Passed,Protecting and Securing Chemical Facilities from Terrorist Attacks Act,"On Motion to Suspend the Rules and Pass, as Amended",,Emergency Management
118,House,366,7/26/23,1,367,208,191,0.02,0.056,-0.716,0.085,-0.261,HRES614,Passed,Providing for consideration of the bill (H.R. 4366); providing for consideration of the joint resolution (S.J. Res. 9); and providing for consideration of the joint resolution (S.J. Res. 24),On Ordering the Previous Question,,Congress
118,House,367,7/26/23,1,368,217,206,-0.116,0.993,-0.388,-0.409,-14.978,HRES614,Passed,Providing for consideration of the bill (H.R. 4366); providing for consideration of the joint resolution (S.J. Res. 9); and providing for consideration of the joint resolution (S.J. Res. 24),"On Agreeing to the Resolution, as Amended",,Congress
118,House,368,7/26/23,1,369,394,19,0.086,-0.996,0.308,-1.92,-36.242,HR4366,Agreed to,,On Agreeing to the Amendment,,Economics and Public Finance
118,House,369,7/26/23,1,370,99,327,0.301,-0.542,-0.189,0.426,-97.262,HR4366,Failed,,On Agreeing to the Amendment,,Economics and Public Finance
118,House,370,7/26/23,1,371,83,347,0.04,-0.825,-0.357,1.286,-72.371,HR4366,Failed,,On Agreeing to the Amendment,,Economics and Public Finance
118,House,371,7/26/23,1,372,204,227,0.203,0.494,-0.273,-0.045,-42.36,HR4366,Failed,,On Agreeing to the Amendment,,Economics and Public Finance
118,House,372,7/26/23,1,373,228,206,0.048,-0.066,-0.55,-1.13,-12.82,HR4366,Agreed to,,On Agreeing to the Amendment,,Economics and Public Finance
118,House,373,7/26/23,1,374,223,211,0.024,0.069,-0.716,0.099,-0.33,HR4366,Agreed to,,On Agreeing to the Amendment,,Economics and Public Finance
118,House,374,7/26/23,1,375,224,210,0.045,-0.02,-0.633,-0.802,-3.317,HR4366,Agreed to,,On Agreeing to the Amendment,,Economics and Public Finance
118,House,375,7/26/23,1,376,221,212,0.002,0.319,-0.601,-1.06,-7.816,HR4366,Agreed to,,On Agreeing to the Amendment,,Economics and Public Finance
118,House,376,7/26/23,1,377,220,214,0.153,0.328,-0.717,0.027,-7.385,HR4366,Agreed to,,On Agreeing to the Amendment,,Economics and Public Finance
118,House,377,7/26/23,1,378,222,212,-0.102,0.651,-0.614,-0.978,-8.304,HR4366,Agreed to,,On Agreeing to the Amendment,,Economics and Public Finance
118,House,378,7/27/23,1,379,206,219,0.023,0.06,0.716,-0.099,-0.321,HR4366,Failed,"Making appropriations for military construction, the Department of Veterans Affairs, and related agencies for the fiscal year ending September 30, 2024, and for other purposes",On Motion to Recommit,,Economics and Public Finance
118,House,379,7/27/23,1,380,219,211,-0.172,0.985,-0.529,-0.733,-11.587,HR4366,Passed,"Making appropriations for military construction, the Department of Veterans Affairs, and related agencies for the fiscal year ending September 30, 2024, and for other purposes",On Passage,,Economics and Public Finance
118,House,380,7/27/23,1,381,221,206,0.239,-0.572,-0.604,-1.08,-14.64,SJRES9,Passed,"Providing for congressional disapproval under chapter 8 of title 5, U.S. Code, relating to “Endangered and Threatened Wildlife and Plants; Lesser Prairie-Chicken; Threatened Status With Sec. 4(d) Rule for the Northern Distinct Population Segment and Endangered Status for the Southern Distinct Population Segment”",On Passage,,Public Lands and Natural Resources
118,House,381,7/27/23,1,382,220,209,0.006,0.168,-0.599,-0.972,-6.399,SJRES24,Passed,"Providing for congressional disapproval under chapter 8 of title 5, United States Code, of the rule submitted by the United States Fish and Wildlife Service relating to “Endangered and Threatened Wildlife and Plants; Endangered Species Status for Northern Long-Eared Bat”.",On Passage,,Animals
118,House,382,9/12/23,1,383,403,8,0,0,0,0,0,HR3152,Passed,Fight CRIME Act,"On Motion to Suspend the Rules and Pass, as Amended",,International Affairs
118,House,383,9/12/23,1,384,410,3,0,0,0,0,0,HR589,Passed,MAHSA Act,"On Motion to Suspend the Rules and Pass, as Amended",,International Affairs
118,House,384,9/12/23,1,385,413,2,0,0,0,0,0,HRES492,Passed,Condemning the Government of Iran’s state-sponsored persecution of the Baha’i minority and its continued violation of the International Covenants on Human Rights,On Motion to Suspend the Rules and Agree,,International Affairs
118,House,385,9/13/23,1,386,406,4,0,0,0,0,0,HR1567,Passed,ACRES Act,"On Motion to Suspend the Rules and Pass, as Amended",,Public Lands and Natural Resources
118,House,386,9/13/23,1,387,415,0,0,0,0,0,0,HR3324,Passed,To extend the authority to collect Shasta-Trinity Marina fees through fiscal year 2029,On Motion to Suspend the Rules and Pass,,Public Lands and Natural Resources
118,House,387,9/14/23,1,388,214,198,0.023,0.059,-0.716,0.095,-0.311,HRES681,Passed,Providing for consideration of the bill (H.R. 1435) to amend the Clean Air Act to prevent the elimination of the sale of internal combustion engines.,On Ordering the Previous Question,,Congress
118,House,388,9/14/23,1,389,215,200,-0.174,0.985,-0.669,-0.834,-8.255,HRES681,Passed,Providing for consideration of the bill (H.R. 1435) to amend the Clean Air Act to prevent the elimination of the sale of internal combustion engines.,On Agreeing to the Resolution,,Congress
118,House,389,9/14/23,1,390,193,212,-0.046,0.206,0.71,0.275,-1.906,HR1435,Failed,Preserving Choice in Vehicle Purchases Act,On Motion to Recommit,,Environmental Protection
118,House,390,9/14/23,1,391,222,190,-0.135,0.261,-0.452,-0.68,-16.775,HR1435,Passed,Preserving Choice in Vehicle Purchases Act,On Passage,,Environmental Protection
118,House,391,9/18/23,1,392,410,0,0,0,0,0,0,HR3981,Passed,Isakson-Roe Education Oversight Expansion Act,"On Motion to Suspend the Rules and Pass, as Amended",,Armed Forces and National Security
118,House,392,9/18/23,1,393,409,0,0,0,0,0,0,S475,Passed,"To designate the clinic of the Department of Veterans Affairs in Gallup, New Mexico, as the Hiroshi “Hershey” Miyamura VA Clinic",On Motion to Suspend the Rules and Pass,,X
118,House,393,9/18/23,1,394,378,32,0.314,-0.95,0.177,-0.615,-53.716,HR663,Passed,Native American Child Protection Act,"On Motion to Suspend the Rules and Pass, as Amended",,Native Americans
118,House,394,9/19/23,1,395,393,27,-0.272,-0.821,-0.4,-1.364,-32.662,HR2670,Passed,National Defense Authorization Act,On Motion to go to Conference,,Armed Forces and National Security
118,House,395,9/19/23,1,396,401,19,-0.142,-0.99,-0.243,-1.194,-27.945,HR2670,Passed,National Defense Authorization Act,On Closing Portions of the Conference,,Armed Forces and National Security
118,House,396,9/19/23,1,397,217,209,0.022,0.063,-0.716,0.092,-0.313,HRES680,Passed,"Providing for consideration of the bill (H.R. 1435) Preserving Choice in Vehicle Purchases Act, and providing for consideration of the bill (H.R. 4365) Department of Defense Appropriations Act, 2024, and for other purposes",On Ordering the Previous Question,,Congress
118,House,397,9/19/23,1,398,212,214,-0.226,0.974,-0.496,-0.867,-21.004,HRES680,Failed,"Providing for consideration of the bill (H.R. 1435) Preserving Choice in Vehicle Purchases Act, and providing for consideration of the bill (H.R. 4365) Department of Defense Appropriations Act, 2024, and for other purposes",On Agreeing to the Resolution,,Congress
118,House,398,9/19/23,1,399,422,0,0,0,0,0,0,S112,Passed,"To amend title 38, United States Code, to strengthen benefits for children of Vietnam veterans born with spina bifida, and for other purposes",On Motion to Suspend the Rules and Pass,,X
118,House,399,9/20/23,1,400,205,214,0.022,0.062,0.716,-0.092,-0.313,HR2670,Failed,National Defense Authorization Act,On Motion to Instruct Conferees,,Armed Forces and National Security
118,House,400,9/20/23,1,401,423,0,0,0,0,0,0,HR1530,Passed,Veterans Benefits Improvement Act,"On Motion to Suspend the Rules and Pass, as Amended",,X
118,House,401,9/21/23,1,402,216,202,0.022,0.069,-0.716,0.099,-0.313,HRES712,Passed,"Providing for consideration of the bill (H.R. 4365) Department of Defense Appropriations Act, 2024; providing for consideration of the bill (H.R. 1130) Unlocking our Domestic LNG Potential Act; and providing for consideration of the resolution (H.Res. 684)",On Ordering the Previous Question,,Congress
118,House,402,9/21/23,1,403,212,216,-0.191,0.981,-0.42,-0.685,-25.367,HRES712,Failed,"Providing for consideration of the bill (H.R. 4365) Department of Defense Appropriations Act, 2024; providing for consideration of the bill (H.R. 1130) Unlocking our Domestic LNG Potential Act; and providing for consideration of the resolution (H.Res. 684)",On Agreeing to the Resolution,,Congress
118,House,403,9/26/23,1,404,209,198,0.022,0.08,-0.715,0.11,-0.306,HRES723,Passed,"Providing for consideration of (H.R. 4365) Dept. of Defense Appropriations Act; (H.R. 4367) Dept. of Homeland Security Appropriations Bill; (H.R. 4368) Agriculture, Rural Development, FDA, and Related Agencies Appropriations Act; (H.R. 4665) Dept. of State, Foreign Operations, and Related Programs Appropriations Act",On Consideration of the Resolution,,Congress
118,House,404,9/26/23,1,405,215,209,0.021,0.077,-0.715,0.106,-0.303,HRES723,Passed,"Providing for consideration of (H.R. 4365) Dept. of Defense Appropriations Act; (H.R. 4367) Dept. of Homeland Security Appropriations Bill; (H.R. 4368) Agriculture, Rural Development, FDA, and Related Agencies Appropriations Act; (H.R. 4665) Dept. of State, Foreign Operations, and Related Programs Appropriations Act",On Ordering the Previous Question,,Congress
118,House,405,9/26/23,1,406,216,212,-0.146,0.989,-0.567,-0.635,-6.366,HRES723,Passed,"Providing for consideration of (H.R. 4365) Dept. of Defense Appropriations Act; (H.R. 4367) Dept. of Homeland Security Appropriations Bill; (H.R. 4368) Agriculture, Rural Development, FDA, and Related Agencies Appropriations Act; (H.R. 4665) Dept. of State, Foreign Operations, and Related Programs Appropriations Act",On Agreeing to the Resolution,,Congress
118,House,406,9/26/23,1,407,424,1,0,0,0,0,0,HR5110,Passed,Protecting Hunting Heritage and Education Act,"On Motion to Suspend the Rules and Pass, as Amended",,Education
118,House,407,9/27/23,1,408,175,254,0.229,-0.973,-1.032,0.55,-61.484,HR4368,Failed,,On Agreeing to the Amendment,,Economics and Public Finance
118,House,408,9/27/23,1,409,119,307,-0.051,-0.826,-0.428,1.367,-98.071,HR4368,Failed,,On Agreeing to the Amendment,,Economics and Public Finance
118,House,409,9/27/23,1,410,106,323,0.041,-0.885,-0.245,0.687,-106.473,HR4368,Failed,,On Agreeing to the Amendment,,Economics and Public Finance
118,House,410,9/27/23,1,411,86,343,0.226,-0.819,-0.27,0.607,-89.957,HR4368,Failed,,On Agreeing to the Amendment,,Economics and Public Finance
118,House,411,9/27/23,1,412,89,341,0.33,-0.944,-0.409,0.534,-73.824,HR4368,Failed,,On Agreeing to the Amendment,,Economics and Public Finance
118,House,412,9/27/23,1,413,68,362,0.032,-0.999,-0.161,0.603,-100.989,HR4368,Failed,,On Agreeing to the Amendment,,Economics and Public Finance
118,House,413,9/27/23,1,414,83,348,0.215,-0.59,-0.473,1.551,-69.106,HR4368,Failed,,On Agreeing to the Amendment,,Economics and Public Finance
118,House,414,9/27/23,1,415,81,350,0.002,-0.931,-0.393,1.372,-81.151,HR4368,Failed,,On Agreeing to the Amendment,,Economics and Public Finance
118,House,415,9/27/23,1,416,105,325,-0.048,-0.966,-0.405,1.25,-95.159,HR4368,Failed,,On Agreeing to the Amendment,,Economics and Public Finance
118,House,416,9/27/23,1,417,49,377,0.305,-0.462,-0.056,1.05,-89.167,HR4368,Failed,,On Agreeing to the Amendment,,Economics and Public Finance
118,House,417,9/27/23,1,418,210,216,0.029,0.848,-0.326,-0.25,-23.231,HR4368,Failed,,On Agreeing to the Amendment,,Economics and Public Finance
118,House,418,9/27/23,1,419,97,336,-0.116,-0.911,-0.133,0.541,-134.382,HR4368,Failed,,On Agreeing to the Amendment,,Economics and Public Finance
118,House,419,9/27/23,1,420,152,278,-0.036,-0.976,-0.378,0.793,-86.143,HR4368,Failed,,On Agreeing to the Amendment,,Economics and Public Finance
118,House,420,9/27/23,1,421,217,214,0.076,0.145,-0.675,-0.574,-1.694,HR4368,Agreed to,,On Agreeing to the Amendment,,Economics and Public Finance
118,House,421,9/27/23,1,422,158,272,0.148,-0.488,-0.343,0.668,-73.443,HR4368,Failed,,On Agreeing to the Amendment,,Economics and Public Finance
118,House,422,9/27/23,1,423,159,272,0.135,-0.538,-0.292,0.55,-78.518,HR4368,Failed,,On Agreeing to the Amendment,,Economics and Public Finance
118,House,423,9/27/23,1,424,156,273,0.064,-0.726,-0.306,0.601,-82.172,HR4368,Failed,,On Agreeing to the Amendment,,Economics and Public Finance
118,House,424,9/27/23,1,425,161,270,0.21,-0.372,-0.293,0.485,-76.159,HR4368,Failed,,On Agreeing to the Amendment,,Economics and Public Finance
118,House,425,9/27/23,1,426,160,271,0.111,-0.602,-0.292,0.547,-81.666,HR4368,Failed,,On Agreeing to the Amendment,,Economics and Public Finance
118,House,426,9/27/23,1,427,163,267,0.189,-0.332,-0.34,0.664,-68.675,HR4368,Failed,,On Agreeing to the Amendment,,Economics and Public Finance
118,House,427,9/27/23,1,428,217,216,0.092,0.277,-0.633,-0.843,-6.818,HR4368,Agreed to,,On Agreeing to the Amendment,,Economics and Public Finance
118,House,428,9/27/23,1,429,217,216,0.145,0.264,-0.707,0.257,-5.125,HR4368,Agreed to,,On Agreeing to the Amendment,,Economics and Public Finance
118,House,429,9/27/23,1,430,71,362,-0.008,-1,-0.349,1.265,-77.737,HR4368,Failed,,On Agreeing to the Amendment,,Economics and Public Finance
118,House,430,9/27/23,1,431,240,191,-0.244,-0.738,0.138,-0.32,-161.302,HR4365,Agreed to,,On Agreeing to the Amendment,,Armed Forces and National Security
118,House,431,9/27/23,1,432,104,330,-0.011,-1,-0.255,0.724,-102.383,HR4365,Failed,,On Agreeing to the Amendment,,Armed Forces and National Security
118,House,432,9/27/23,1,433,203,231,-0.172,-0.221,0.61,-0.917,-17.83,HR4365,Failed,,On Agreeing to the Amendment,,Armed Forces and National Security
118,House,433,9/27/23,1,434,150,282,0.121,-0.709,-0.449,0.834,-71.365,HR4365,Failed,,On Agreeing to the Amendment,,Armed Forces and National Security
118,House,434,9/27/23,1,435,184,248,0.254,-0.109,-0.379,0.405,-46.001,HR4365,Failed,,On Agreeing to the Amendment,,Armed Forces and National Security
118,House,435,9/27/23,1,436,172,261,0.303,0.93,-0.27,-0.062,-87.437,HR4365,Failed,,On Agreeing to the Amendment,,Armed Forces and National Security
118,House,436,9/27/23,1,437,215,218,0.083,0.321,0.676,0.664,-5.804,HR4365,Failed,,On Agreeing to the Amendment,,Armed Forces and National Security
118,House,437,9/27/23,1,438,93,339,0.044,-0.999,-0.216,0.605,-100.795,HR4365,Failed,,On Agreeing to the Amendment,,Armed Forces and National Security
118,House,438,9/27/23,1,439,160,269,-0.993,0.117,0.108,1.207,-226.912,HR4365,Failed,,On Agreeing to the Amendment,,Armed Forces and National Security
118,House,439,9/27/23,1,440,176,258,0.125,-0.125,0.093,0.891,-154.928,HR4365,Failed,,On Agreeing to the Amendment,,Armed Forces and National Security
118,House,440,9/27/23,1,441,202,231,0.192,0.981,-0.417,-0.152,-37.646,HR4365,Failed,,On Agreeing to the Amendment,,Armed Forces and National Security
118,House,441,9/27/23,1,442,206,223,0.105,0.994,0.244,-0.09,-51.073,HR4367,Failed,,On Agreeing to the Amendment,,Emergency Management
118,House,442,9/27/23,1,443,209,220,-0.024,-0.131,0.364,0.098,-9.306,HR4367,Failed,,On Agreeing to the Amendment,,Emergency Management
118,House,443,9/27/23,1,444,210,220,-0.048,0.259,0.703,0.35,-2.132,HR4367,Failed,,On Agreeing to the Amendment,,Emergency Management
118,House,444,9/27/23,1,445,108,320,-0.017,-1,-0.401,1.101,-87.333,HR4367,Failed,,On Agreeing to the Amendment,,Emergency Management
118,House,445,9/27/23,1,446,147,282,-0.003,-0.975,-0.506,1.039,-77.235,HR4367,Failed,,On Agreeing to the Amendment,,Emergency Management
118,House,446,9/27/23,1,447,160,270,0.103,-0.531,-0.514,1.133,-62.159,HR4367,Failed,,On Agreeing to the Amendment,,Emergency Management
118,House,447,9/27/23,1,448,168,261,0.241,-0.137,-0.536,1.108,-45.078,HR4367,Failed,,On Agreeing to the Amendment,,Emergency Management
118,House,448,9/27/23,1,449,164,265,0.154,-0.376,-0.49,1.059,-53.756,HR4367,Failed,,On Agreeing to the Amendment,,Emergency Management
118,House,449,9/27/23,1,450,162,264,0.172,-0.298,-0.507,1.162,-53.582,HR4367,Failed,,On Agreeing to the Amendment,,Emergency Management
118,House,450,9/27/23,1,451,159,269,0.09,-0.535,-0.458,1.04,-62.851,HR4367,Failed,,On Agreeing to the Amendment,,Emergency Management
118,House,451,9/27/23,1,452,161,267,0.245,-0.136,-0.515,1.183,-55.607,HR4367,Failed,,On Agreeing to the Amendment,,Emergency Management
118,House,452,9/27/23,1,453,161,268,0.356,0.104,-0.512,0.916,-49.41,HR4367,Failed,,On Agreeing to the Amendment,,Emergency Management
118,House,453,9/27/23,1,454,211,220,-0.204,0.979,0.628,0.746,-7.342,HR4367,Failed,,On Agreeing to the Amendment,,Emergency Management
118,House,454,9/27/23,1,455,182,247,0.418,0.909,-0.629,0.474,-43.808,HR4367,Failed,,On Agreeing to the Amendment,,Emergency Management
118,House,455,9/28/23,1,456,214,210,0.02,0.121,-0.715,0.08,-0.305,HRES730,Passed,"Providing for consideration of the bills (H.R. 5692) Making supplemental appropriations for the fiscal year ending September 30, 2024; (H.R. 4365) Department of Defense Appropriations Act, 2024; and (H.R. 4367) Department of Homeland Security Appropriations Act, 2024",On Ordering the Previous Question,,Congress
118,House,456,9/28/23,1,457,217,211,-0.135,0.991,-0.497,-0.551,-8.093,HRES730,Passed,"Providing for consideration of the bills (H.R. 5692) Making supplemental appropriations for the fiscal year ending September 30, 2024; (H.R. 4365) Department of Defense Appropriations Act, 2024; and (H.R. 4367) Department of Homeland Security Appropriations Act, 2024",On Agreeing to the Resolution,,Congress
118,House,457,9/28/23,1,458,169,261,0.318,0.05,-0.581,0.984,-41.305,HR4367,Failed,,On Agreeing to the Amendment,,Emergency Management
118,House,458,9/28/23,1,459,165,263,0.218,-0.25,-0.442,0.849,-51.86,HR4367,Failed,,On Agreeing to the Amendment,,Emergency Management
118,House,459,9/28/23,1,460,170,260,0.317,0.072,-0.565,1.04,-41.095,HR4367,Failed,,On Agreeing to the Amendment,,Emergency Management
118,House,460,9/28/23,1,461,75,347,0.031,-0.522,-0.223,1.632,-72.572,HR4367,Failed,,On Agreeing to the Amendment,,Emergency Management
118,House,461,9/28/23,1,462,134,298,0.25,-0.968,-0.472,0.495,-76.808,HR4665,Failed,,On Agreeing to the Amendment,,International Affairs
118,House,462,9/28/23,1,463,78,353,0.264,-0.585,-0.299,0.926,-65.532,HR4665,Failed,,On Agreeing to the Amendment,,International Affairs
118,House,463,9/28/23,1,464,102,326,0.271,-0.51,-0.5,1.204,-60.034,HR4665,Failed,,On Agreeing to the Amendment,,International Affairs
118,House,464,9/28/23,1,465,111,315,0.376,-0.287,-0.299,0.558,-76.881,HR4665,Failed,,On Agreeing to the Amendment,,International Affairs
118,House,465,9/28/23,1,466,115,312,0.169,-0.5,-0.258,0.782,-85.02,HR4665,Failed,,On Agreeing to the Amendment,,International Affairs
118,House,466,9/28/23,1,467,86,346,0.279,-0.744,-0.319,0.669,-75.308,HR4665,Failed,,On Agreeing to the Amendment,,International Affairs
118,House,467,9/28/23,1,468,133,297,-0.033,-0.882,-0.438,1.173,-84.764,HR4665,Failed,,On Agreeing to the Amendment,,International Affairs
118,House,468,9/28/23,1,469,121,311,0.255,-0.495,-0.232,0.487,-94.531,HR4665,Failed,,On Agreeing to the Amendment,,International Affairs
118,House,469,9/28/23,1,470,135,295,0.358,-0.539,-0.259,0.188,-93.797,HR4665,Failed,,On Agreeing to the Amendment,,International Affairs
118,House,470,9/28/23,1,471,199,231,0.272,0.499,-0.715,0.065,-26.178,HR4665,Failed,,On Agreeing to the Amendment,,International Affairs
118,House,471,9/28/23,1,472,195,236,0.037,0.999,0.266,-0.182,-57.289,HR4665,Failed,,On Agreeing to the Amendment,,International Affairs
118,House,472,9/28/23,1,473,90,342,-0.043,-0.887,-0.337,1.261,-87.1,HR4665,Failed,,On Agreeing to the Amendment,,International Affairs
118,House,473,9/28/23,1,474,92,340,-0.041,-0.849,-0.224,0.859,-99.551,HR4665,Failed,,On Agreeing to the Amendment,,International Affairs
118,House,474,9/28/23,1,475,120,309,0.264,-0.965,-0.265,0.302,-100.721,HR4665,Failed,,On Agreeing to the Amendment,,International Affairs
118,House,475,9/28/23,1,476,104,327,0.041,-0.999,-0.218,0.563,-107.756,HR4665,Failed,,On Agreeing to the Amendment,,International Affairs
118,House,476,9/28/23,1,477,219,213,0.078,0.14,-0.677,-0.558,-1.692,HR4665,Agreed to,,On Agreeing to the Amendment,,International Affairs
118,House,477,9/28/23,1,478,151,278,0.249,-0.319,-0.387,0.697,-66.176,HR4665,Failed,,On Agreeing to the Amendment,,International Affairs
118,House,478,9/28/23,1,479,166,265,0.288,-0.02,-0.53,1.137,-44.643,HR4665,Failed,,On Agreeing to the Amendment,,International Affairs
118,House,479,9/28/23,1,480,187,241,0.295,0.166,-0.617,0.852,-30.035,HR4665,Failed,,On Agreeing to the Amendment,,International Affairs
118,House,480,9/28/23,1,481,191,238,-0.061,-0.76,-0.62,1.143,-49.601,HR4665,Failed,,On Agreeing to the Amendment,,International Affairs
118,House,481,9/28/23,1,482,132,298,0.067,-0.998,-0.253,0.482,-102.74,HR4665,Failed,,On Agreeing to the Amendment,,International Affairs
118,House,482,9/28/23,1,483,198,232,-0.042,-0.999,-0.481,0.606,-42.744,HR4665,Failed,,On Agreeing to the Amendment,,International Affairs
118,House,483,9/28/23,1,484,188,242,0.176,-0.302,-0.325,0.405,-55.489,HR4665,Failed,,On Agreeing to the Amendment,,International Affairs
118,House,484,9/28/23,1,485,213,219,0.201,0.317,-0.693,0.44,-13.32,HR4665,Failed,,On Agreeing to the Amendment,,International Affairs
118,House,485,9/28/23,1,486,218,215,-0.129,-0.992,-0.597,0.586,-13.747,HR4665,Agreed to,,On Agreeing to the Amendment,,International Affairs
118,House,486,9/28/23,1,487,170,260,0.294,0.057,-0.506,1.204,-51.971,HR4665,Failed,,On Agreeing to the Amendment,,International Affairs
118,House,487,9/28/23,1,488,171,258,0.432,0.375,-0.481,1.198,-54.042,HR4665,Failed,,On Agreeing to the Amendment,,International Affairs
118,House,488,9/28/23,1,489,173,255,0.3,0.088,-0.529,1.149,-42.969,HR4665,Failed,,On Agreeing to the Amendment,,International Affairs
118,House,489,9/28/23,1,490,217,212,0.124,-0.444,-0.72,-0.043,-5.684,HR4665,Agreed to,,On Agreeing to the Amendment,,International Affairs
118,House,490,9/28/23,1,491,360,67,0.089,-0.996,-0.182,-0.736,-92.049,HR4665,Agreed to,,On Agreeing to the Amendment,,International Affairs
118,House,491,9/28/23,1,492,216,213,0.07,0.657,-0.704,-0.515,-7.091,HR4665,Agreed to,,On Agreeing to the Amendment,,International Affairs
118,House,492,9/28/23,1,493,161,268,0.135,-0.442,-0.501,1.112,-59.298,HR4665,Failed,,On Agreeing to the Amendment,,International Affairs
118,House,493,9/28/23,1,494,198,232,0.231,-0.572,-0.247,-0.022,-57.704,HR4665,Failed,,On Agreeing to the Amendment,,International Affairs
118,House,494,9/28/23,1,495,213,218,0.131,-0.857,-0.286,-0.036,-33.494,HR4665,Failed,,On Agreeing to the Amendment,,International Affairs
118,House,495,9/28/23,1,496,351,81,0.282,-0.959,-0.131,-0.696,-113.458,HR4665,Agreed to,,On Agreeing to the Amendment,,International Affairs
118,House,496,9/28/23,1,497,178,253,0.242,-0.078,-0.013,0.554,-237.085,HR4665,Failed,,On Agreeing to the Amendment,,International Affairs
118,House,497,9/28/23,1,498,187,244,0.371,0.657,-0.315,0.284,-56.993,HR4665,Failed,,On Agreeing to the Amendment,,International Affairs
118,House,498,9/28/23,1,499,210,217,0.02,0.121,0.715,-0.08,-0.305,HR4665,Failed,"Making appropriations for the Department of State, foreign operations, and related programs for the fiscal year ending September 30, 2024, and for other purposes",On Motion to Recommit,,International Affairs
118,House,499,9/28/23,1,500,216,212,-0.134,0.991,-0.595,-0.723,-7.147,HR4665,Passed,"Making appropriations for the Department of State, foreign operations, and related programs for the fiscal year ending September 30, 2024, and for other purposes",On Passage,,International Affairs
118,House,500,9/28/23,1,501,210,218,0.02,0.121,0.715,-0.08,-0.305,HR4365,Failed,"Making appropriations for the Department of Defense for the fiscal year ending September 30, 2024, and for other purposes",On Motion to Recommit,,International Affairs
118,House,501,9/28/23,1,502,218,210,-0.229,0.973,-0.532,-0.778,-13.243,HR4365,Passed,"Making appropriations for the Department of Defense for the fiscal year ending September 30, 2024, and for other purposes",On Passage,,International Affairs
118,House,502,9/28/23,1,503,311,117,0.018,-1,0.231,-0.563,-110.896,HR5692,Passed,"Making supplemental appropriations for the fiscal year ending September 30, 2024, and for other purposes",On Passage,,Armed Forces and National Security
118,House,503,9/28/23,1,504,210,218,0.02,0.121,0.715,-0.08,-0.305,HR4367,Failed,"Making appropriations for the Department of Homeland Security for the fiscal year ending September 30, 2024, and for other purposes",On Motion to Recommit,,Emergency Management
118,House,504,9/28/23,1,505,220,208,-0.079,0.287,-0.702,-0.332,-2.627,HR4367,Passed,"Making appropriations for the Department of Homeland Security for the fiscal year ending September 30, 2024, and for other purposes",On Passage,,Emergency Management
118,House,505,9/28/23,1,506,211,217,-0.076,0.854,0.684,0.723,-4.735,HR4368,Failed,"Agriculture, Rural Development, Food and Drug Administration, and Related Agencies Appropriations Act, 2024",On Motion to Recommit,,Economics and Public Finance
118,House,506,9/28/23,1,507,191,237,0.254,-0.151,-0.264,0.063,-57.247,HR4368,Failed,"Agriculture, Rural Development, Food and Drug Administration, and Related Agencies Appropriations Act, 2024",On Passage,,Economics and Public Finance
118,House,507,9/29/23,1,508,217,207,0.093,0.996,-0.518,0.273,-7.581,HRES741,Passed,"Providing for consideration of H.R. 5525, the Spending Reduction and Border Security Act",On Ordering the Previous Question,,Congress
118,House,508,9/29/23,1,509,218,210,0.02,0.107,-0.716,0.06,-0.311,HRES741,Passed,"Providing for consideration of H.R. 5525, the Spending Reduction and Border Security Act",On Agreeing to the Resolution,,Congress
118,House,509,9/29/23,1,510,210,216,0.02,0.122,0.716,-0.079,-0.305,HR5525,Failed,Spending Reduction and Border Security Act,On Motion to Recommit,,Economics and Public Finance
118,House,510,9/29/23,1,511,198,232,-0.3,0.954,-0.473,-1.245,-54.728,HR5525,Failed,Spending Reduction and Border Security Act,On Passage,,Economics and Public Finance
118,House,511,9/30/23,1,512,0,427,0,0,0,0,0,,Failed,,On Motion to Adjourn,,X
118,House,512,9/30/23,1,513,335,91,0.499,-0.114,0.237,-0.435,-84.397,HR5860,Passed,"Continuing Appropriations Act, 2024 and Other Extensions Act","On Motion to Suspend the Rules and Pass, as Amended",,Economics and Public Finance
118,House,513,10/2/23,1,514,390,0,0,0,0,0,0,HR2379,Passed,"To designate the facility of the United States Postal Service located at 616 East Main Street in St. Charles, Illinois, as the “Veterans of the Vietnam War Memorial Post Office”.",On Motion to Suspend the Rules and Pass,,X
118,House,514,10/2/23,1,515,394,1,0,0,0,0,0,HR4502,Passed,Modernizing the Acquisition of Cybersecurity Experts Act,"On Motion to Suspend the Rules and Pass, as Amended",,Government Operations and Politics
118,House,515,10/3/23,1,516,218,207,0.02,0.121,-0.716,0.079,-0.305,HRES756,Passed,"Providing for consideration of the bill (H.R. 4394) Energy and Water Development and Related Agencies Appropriations Act, 2024; providing for consideration of the bill (H.R. 4364) Legislative Branch Appropriations Act, 2024; and for other purposes",On Ordering the Previous Question,,Congress
118,House,516,10/3/23,1,517,218,208,-0.099,-0.944,-0.662,0.483,-6.646,HRES756,Passed,"Providing for consideration of the bill (H.R. 4394) Energy and Water Development and Related Agencies Appropriations Act, 2024; providing for consideration of the bill (H.R. 4364) Legislative Branch Appropriations Act, 2024; and for other purposes",On Agreeing to the Resolution,,Congress
118,House,517,10/3/23,1,518,208,218,-0.242,0.97,-0.54,-1.149,-32.884,HRES757,Failed,Declaring the office of Speaker of the House of Representatives to be vacant.,On Motion to Table,,Congress
118,House,518,10/3/23,1,519,216,210,-0.23,0.973,0.551,1.069,-25.274,HRES757,Passed,Declaring the office of Speaker of the House of Representatives to be vacant.,On Agreeing to the Resolution,,Congress
118,House,519,10/17/23,1,521,212,220,0.022,0.113,0.716,-0.068,-0.328,,Jeffries,,Election of the Speaker,,
118,House,520,10/18/23,1,523,212,221,0.022,0.113,0.716,-0.068,-0.328,,Jeffries,,Election of the Speaker,,
118,House,521,10/20/23,1,525,210,219,0.022,0.113,0.716,-0.068,-0.328,,Jeffries,,Election of the Speaker,,
118,House,522,10/25/23,1,527,220,209,0.022,0.113,-0.716,0.068,-0.328,,Johnson (LA),,Election of the Speaker,,
118,House,523,10/25/23,1,528,412,10,0,0,0,0,0,HRES771,Passed,Standing with Israel as it defends itself against the barbaric war launched by Hamas and other terrorists,On Motion to Suspend the Rules and Agree,,International Affairs
118,House,524,10/26/23,1,529,156,265,0.286,-0.855,-0.65,0.408,-60.666,HR4394,Failed,,On Agreeing to the Amendment,,Economics and Public Finance
118,House,525,10/26/23,1,530,277,142,0.238,0.971,0.185,0.173,-129.268,HR4394,Agreed to,,On Agreeing to the Amendment,,Economics and Public Finance
118,House,526,10/26/23,1,531,212,213,0.156,0.294,-0.714,-0.149,-8.445,HR4394,Failed,,On Agreeing to the Amendment,,Economics and Public Finance
118,House,527,10/26/23,1,532,161,257,0.146,-0.989,-0.384,0.394,-70.599,HR4394,Failed,,On Agreeing to the Amendment,,Economics and Public Finance
118,House,528,10/26/23,1,533,137,287,0.492,0.798,-0.351,0.165,-82.437,HR4394,Failed,,On Agreeing to the Amendment,,Economics and Public Finance
118,House,529,10/26/23,1,534,135,284,0.333,-0.206,-0.298,0.512,-76.783,HR4394,Failed,,On Agreeing to the Amendment,,Economics and Public Finance
118,House,530,10/26/23,1,535,105,319,0.094,-0.886,-0.51,1.258,-74.55,HR4394,Failed,,On Agreeing to the Amendment,,Economics and Public Finance
118,House,531,10/26/23,1,536,115,306,0.272,-0.579,-0.251,0.452,-89.292,HR4394,Failed,,On Agreeing to the Amendment,,Economics and Public Finance
118,House,532,10/26/23,1,537,123,300,0.342,-0.244,-0.289,0.564,-80.903,HR4394,Failed,,On Agreeing to the Amendment,,Economics and Public Finance
118,House,533,10/26/23,1,538,137,283,0.423,0.11,-0.351,0.485,-69.991,HR4394,Failed,,On Agreeing to the Amendment,,Economics and Public Finance
118,House,534,10/26/23,1,539,105,316,0.197,-0.98,-0.654,1.103,-72.355,HR4394,Failed,,On Agreeing to the Amendment,,Economics and Public Finance
118,House,535,10/26/23,1,540,134,283,0.463,0.255,-0.338,0.345,-73.183,HR4394,Failed,,On Agreeing to the Amendment,,Economics and Public Finance
118,House,536,10/26/23,1,541,122,299,0.485,0.188,-0.3,0.253,-82.626,HR4394,Failed,,On Agreeing to the Amendment,,Economics and Public Finance
118,House,537,10/26/23,1,542,130,287,0.493,0.408,-0.344,0.302,-74.344,HR4394,Failed,,On Agreeing to the Amendment,,Economics and Public Finance
118,House,538,10/26/23,1,543,122,295,0.526,0.85,-0.424,0.189,-74.822,HR4394,Failed,,On Agreeing to the Amendment,,Economics and Public Finance
118,House,539,10/26/23,1,544,116,303,-0.058,-0.449,0.147,0.571,-111.591,HR4394,Failed,,On Agreeing to the Amendment,,Economics and Public Finance
118,House,540,10/26/23,1,545,121,299,-0.289,-0.133,0.166,0.461,-118.55,HR4394,Failed,,On Agreeing to the Amendment,,Economics and Public Finance
118,House,541,10/26/23,1,546,176,241,0.004,-1,-0.279,0.341,-72.573,HR4394,Failed,,On Agreeing to the Amendment,,Economics and Public Finance
118,House,542,10/26/23,1,547,120,291,0.087,-0.839,-0.303,0.674,-84.533,HR4394,Failed,,On Agreeing to the Amendment,,Economics and Public Finance
118,House,543,10/26/23,1,548,207,204,0.159,0.227,-0.698,0.379,-7.55,HR4394,Agreed to,,On Agreeing to the Amendment,,Economics and Public Finance
118,House,544,10/26/23,1,549,208,209,0.159,0.241,-0.701,0.346,-7.686,HR4394,Failed,,On Agreeing to the Amendment,,Economics and Public Finance
118,House,545,10/26/23,1,550,207,204,0.146,0.231,-0.708,0.231,-6.155,HR4394,Agreed to,,On Agreeing to the Amendment,,Economics and Public Finance
118,House,546,10/26/23,1,551,166,247,0.305,0.048,-0.308,0.402,-53.955,HR4394,Failed,,On Agreeing to the Amendment,,Economics and Public Finance
118,House,547,10/26/23,1,552,160,250,0.383,0.299,-0.359,0.483,-51.398,HR4394,Failed,,On Agreeing to the Amendment,,Economics and Public Finance
118,House,548,10/26/23,1,553,164,249,0.342,0.16,-0.334,0.487,-53.616,HR4394,Failed,,On Agreeing to the Amendment,,Economics and Public Finance
118,House,549,10/26/23,1,554,100,314,0.165,-0.731,-0.343,0.866,-77.909,HR4394,Failed,,On Agreeing to the Amendment,,Economics and Public Finance
118,House,550,10/26/23,1,555,76,335,0.219,-0.92,-0.337,0.738,-71.257,HR4394,Failed,,On Agreeing to the Amendment,,Economics and Public Finance
118,House,551,10/26/23,1,556,192,222,0.207,-0.764,-0.278,0.031,-54.837,HR4394,Failed,,On Agreeing to the Amendment,,Economics and Public Finance
118,House,552,10/26/23,1,557,199,210,0.016,0.104,0.717,-0.031,-0.281,HR4394,Failed,"Making appropriations for energy and water development and related agencies for the fiscal year ending September 30, 2024, and for other purposes",On Motion to Recommit,,Economics and Public Finance
118,House,553,10/26/23,1,558,210,199,-0.153,0.988,-0.562,-0.666,-6.949,HR4394,Passed,"Making appropriations for energy and water development and related agencies for the fiscal year ending September 30, 2024, and for other purposes",On Passage,,Economics and Public Finance
118,House,554,11/1/23,1,559,222,186,-0.1,0.995,0.22,0.341,-75.735,HRES829,Passed,"Censuring Representative Rashida Tlaib for antisemitic activity, sympathizing with terrorist organizations, and leading an insurrection at the United States Capitol Complex",On Motion to Table,,Congress
118,House,555,11/1/23,1,560,354,53,0.054,-0.637,-0.087,-0.833,-84.526,HRES559,Passed,Declaring it is the policy of the United States that a nuclear Islamic Republic of Iran is not acceptable,On Motion to Suspend the Rules and Agree,,International Affairs
118,House,556,11/1/23,1,561,363,46,-0.407,-0.437,-0.269,-0.773,-55.104,HR340,Passed,Hamas and Other Palestinian Terrorist Groups International Financing Prevention Act,"On Motion to Suspend the Rules and Pass, as Amended",,International Affairs
118,House,557,11/1/23,1,562,201,209,0.02,0.113,0.716,-0.061,-0.313,HR4364,Failed,"Making appropriations for the Legislative Branch for the fiscal year ending September 30, 2024, and for other purposes",On Motion to Recommit,,Economics and Public Finance
118,House,558,11/1/23,1,563,214,197,-0.117,0.342,-0.638,-0.767,-4.738,HR4364,Passed,"Making appropriations for the Legislative Branch for the fiscal year ending September 30, 2024, and for other purposes",On Passage,,Economics and Public Finance
118,House,559,11/1/23,1,564,179,213,0.162,-0.987,0.131,0.084,-141.51,HRES773,Failed,Providing for the expulsion of Representative George Santos from the House of Representatives,On Agreeing to the Resolution,,Congress
118,House,560,11/2/23,1,565,213,200,0.022,0.13,-0.715,0.063,-0.322,HRES838,Passed,"Providing for consideration of the bills (H.R. 4821) Dept. of Interior, Environment, and Related Agencies Appropriations Act, 2024; (H.R. 4820) Dept. of Transportation, Housing and Urban Development, and Related Agencies Appropriations Act, 2024; and (H.R. 6126) Israel Security Supplemental Appropriations Act, 2024",On Ordering the Previous Question,,Congress
118,House,561,11/2/23,1,566,213,203,0.022,0.13,-0.715,0.063,-0.322,HRES838,Passed,"Providing for consideration of the bills (H.R. 4821) Dept. of Interior, Environment, and Related Agencies Appropriations Act, 2024; (H.R. 4820) Dept. of Transportation, Housing and Urban Development, and Related Agencies Appropriations Act, 2024; and (H.R. 6126) Israel Security Supplemental Appropriations Act, 2024",On Agreeing to the Resolution,,Congress
118,House,562,11/2/23,1,567,144,280,0.154,-0.716,-0.331,0.578,-79.516,HR4821,Failed,,On Agreeing to the Amendment,,Economics and Public Finance
118,House,563,11/2/23,1,568,184,239,0.102,-0.448,-0.6,1.048,-44.723,HR4821,Failed,,On Agreeing to the Amendment,,Economics and Public Finance
118,House,564,11/2/23,1,569,166,253,0.092,-0.942,-0.585,0.764,-56.899,HR4821,Failed,,On Agreeing to the Amendment,,Economics and Public Finance
118,House,565,11/2/23,1,570,129,292,0.449,0.078,-0.291,0.284,-83.165,HR4821,Failed,,On Agreeing to the Amendment,,Economics and Public Finance
118,House,566,11/2/23,1,571,132,292,0.482,0.3,-0.349,0.351,-75.048,HR4821,Failed,,On Agreeing to the Amendment,,Economics and Public Finance
118,House,567,11/2/23,1,572,177,246,0.244,-0.172,-0.317,0.402,-58.188,HR4821,Failed,,On Agreeing to the Amendment,,Economics and Public Finance
118,House,568,11/2/23,1,573,180,243,0.111,-0.994,-0.237,0.17,-81.648,HR4821,Failed,,On Agreeing to the Amendment,,Economics and Public Finance
118,House,569,11/2/23,1,574,163,261,0.304,-0.001,-0.265,0.479,-72.113,HR4821,Failed,,On Agreeing to the Amendment,,Economics and Public Finance
118,House,570,11/2/23,1,575,213,212,0.211,-0.239,-0.256,-0.382,-33.194,HR4821,Agreed to,,On Agreeing to the Amendment,,Economics and Public Finance
118,House,571,11/2/23,1,576,188,237,0.119,-0.993,-0.249,0.139,-71.672,HR4821,Failed,,On Agreeing to the Amendment,,Economics and Public Finance
118,House,572,11/2/23,1,577,226,196,-0.041,0.045,-0.21,-0.307,-50.213,HR6126,Passed,,On Passage,,Economics and Public Finance
118,House,573,11/2/23,1,578,396,23,0.343,-0.874,-0.071,-1.597,-41.129,HRES798,Passed,"Condemning the support of Hamas, Hezbollah, and other terrorist organizations at institutions of higher education, which may lead to the creation of a hostile environment for Jewish students, faculty, and staff","On Motion to Suspend the Rules and Agree, as Amended",,Education
118,House,574,11/2/23,1,579,161,251,0.357,0.155,-0.343,0.498,-55.378,HR4821,Failed,,On Agreeing to the Amendment,,Economics and Public Finance
118,House,575,11/2/23,1,580,191,219,0.235,-0.972,-0.306,-0.029,-48.504,HR4821,Failed,,On Agreeing to the Amendment,,Economics and Public Finance
118,House,576,11/2/23,1,581,212,202,-0.053,0.416,-0.343,-0.608,-17.2,HR4821,Agreed to,,On Agreeing to the Amendment,,Economics and Public Finance
118,House,577,11/2/23,1,582,212,206,0.168,-0.195,-0.282,-0.376,-22.044,HR4821,Agreed to,,On Agreeing to the Amendment,,Economics and Public Finance
118,House,578,11/2/23,1,583,191,227,0.117,-0.993,-0.32,0.181,-52.477,HR4821,Failed,,On Agreeing to the Amendment,,Economics and Public Finance
118,House,579,11/2/23,1,584,166,251,0.233,-0.169,-0.31,0.568,-60.477,HR4821,Failed,,On Agreeing to the Amendment,,Economics and Public Finance
118,House,580,11/2/23,1,585,217,202,-0.24,0.942,-0.494,-0.739,-17.667,HR4821,Agreed to,,On Agreeing to the Amendment,,Economics and Public Finance
118,House,581,11/2/23,1,586,151,263,0.212,-0.413,-0.284,0.487,-71.951,HR4821,Failed,,On Agreeing to the Amendment,,Economics and Public Finance
118,House,582,11/2/23,1,587,196,222,0.206,-0.041,-0.436,0.465,-34.149,HR4821,Failed,,On Agreeing to the Amendment,,Economics and Public Finance
118,House,583,11/2/23,1,588,207,213,0.007,-1,-0.381,0.249,-27.471,HR4821,Failed,,On Agreeing to the Amendment,,Economics and Public Finance
118,House,584,11/2/23,1,589,159,259,0.187,-0.444,-0.282,0.467,-70.707,HR4821,Failed,,On Agreeing to the Amendment,,Economics and Public Finance
118,House,585,11/2/23,1,590,150,265,0.195,-0.471,-0.279,0.477,-73.4,HR4821,Failed,,On Agreeing to the Amendment,,Economics and Public Finance
118,House,586,11/2/23,1,591,156,263,0.122,-0.548,-0.275,0.551,-77.269,HR4821,Failed,,On Agreeing to the Amendment,,Economics and Public Finance
118,House,587,11/2/23,1,592,175,244,0.278,-0.093,-0.321,0.347,-57.3,HR4821,Failed,,On Agreeing to the Amendment,,Economics and Public Finance
118,House,588,11/3/23,1,593,214,204,-0.005,0.815,-0.395,-0.291,-9.476,HR4821,Agreed to,,On Agreeing to the Amendment,,Economics and Public Finance
118,House,589,11/3/23,1,594,212,204,0.121,0.222,-0.714,0.076,-3.434,HR4821,Agreed to,,On Agreeing to the Amendment,,Economics and Public Finance
118,House,590,11/3/23,1,595,208,207,0.134,0.71,-0.387,-0.113,-17.722,HR4821,Agreed to,,On Agreeing to the Amendment,,Economics and Public Finance
118,House,591,11/3/23,1,596,201,215,0.022,0.13,0.716,-0.058,-0.324,HR4821,Failed,"Making appropriations for the Department of the Interior, environment, and related agencies for the fiscal year ending September 30, 2024, and for other purposes",On Motion to Recommit,,Economics and Public Finance
118,House,592,11/3/23,1,597,213,203,0.322,-0.848,-0.638,-0.757,-10.493,HR4821,Passed,"Making appropriations for the Department of the Interior, environment, and related agencies for the fiscal year ending September 30, 2024, and for other purposes",On Passage,,Economics and Public Finance
118,House,593,11/3/23,1,598,342,69,-0.115,-0.701,-0.159,-0.596,-87.186,HR3774,Passed,SHIP Act,"On Motion to Suspend the Rules and Pass, as Amended",,International Affairs
118,House,594,11/6/23,1,599,384,1,0,0,0,0,0,HR1607,Passed,"To clarify jurisdiction with respect to certain Bureau of Reclamation pumped storage development, and for other purposes","On Motion to Suspend the Rules and Pass, as Amended",,Water Resources Development
118,House,595,11/6/23,1,600,359,24,0.806,0.002,0.827,-1.458,-29.599,HR359,Passed,Fort San Geronimo Preservation Act,On Motion to Suspend the Rules and Pass,,Public Lands and Natural Resources
118,House,596,11/7/23,1,601,217,204,0.022,0.135,-0.715,0.051,-0.326,HRES847,Passed,"Providing for consideration of the bill (H.R. 4664) making appropriations for financial services and general government for the fiscal year ending September 30, 2024, and for other purposes",On Ordering the Previous Question,,Congress
118,House,597,11/7/23,1,602,217,204,0.022,0.135,-0.715,0.051,-0.326,HRES847,Passed,"Providing for consideration of the bill (H.R. 4664) making appropriations for financial services and general government for the fiscal year ending September 30, 2024, and for other purposes",On Agreeing to the Resolution,,Congress
118,House,598,11/7/23,1,603,212,214,0.335,-0.942,0.479,0.47,-20.551,HR4820,Failed,,On Agreeing to the Amendment,,Economics and Public Finance
118,House,599,11/7/23,1,604,125,297,0.441,-0.296,-0.358,0.142,-78.914,HR4820,Failed,,On Agreeing to the Amendment,,Economics and Public Finance
118,House,600,11/7/23,1,605,148,277,0.311,-0.218,-0.35,0.533,-70.391,HR4820,Failed,,On Agreeing to the Amendment,,Economics and Public Finance
118,House,601,11/7/23,1,606,213,210,0.059,0.998,-0.472,-0.232,-12.233,HR4820,Agreed to,,On Agreeing to the Amendment,,Economics and Public Finance
118,House,602,11/7/23,1,607,174,252,0.261,-0.601,-0.685,0.478,-53.223,HR4820,Failed,,On Agreeing to the Amendment,,Economics and Public Finance
118,House,603,11/7/23,1,608,208,213,-0.141,0.99,0.331,0.41,-29.82,HRES845,Failed,"Censuring Representative Rashida Tlaib for promoting false narratives regarding the October 7, 2023, Hamas attack on Israel and for calling for the destruction of the State of Israel",On Motion to Table,,Congress
118,House,604,11/7/23,1,609,144,282,0.428,0.181,-0.364,0.26,-71.347,HR4820,Failed,,On Agreeing to the Amendment,,Economics and Public Finance
118,House,605,11/7/23,1,610,238,185,0.305,-0.255,0.266,0.103,-60.463,HR4820,Agreed to,,On Agreeing to the Amendment,,Economics and Public Finance
118,House,606,11/7/23,1,611,106,324,0.478,-0.098,-0.309,0.396,-76.747,HR4820,Failed,,On Agreeing to the Amendment,,Economics and Public Finance
118,House,607,11/7/23,1,612,133,295,0.272,-0.68,-0.458,0.583,-70.445,HR4820,Failed,,On Agreeing to the Amendment,,Economics and Public Finance
118,House,608,11/7/23,1,613,104,325,0.259,-0.649,-0.528,1.077,-65.892,HR4820,Failed,,On Agreeing to the Amendment,,Economics and Public Finance
118,House,609,11/7/23,1,614,191,238,0.073,-0.47,-0.291,0.426,-53.255,HR4820,Failed,,On Agreeing to the Amendment,,Economics and Public Finance
118,House,610,11/7/23,1,615,211,220,0.057,0.548,-0.189,-0.095,-65.922,HR4820,Failed,,On Agreeing to the Amendment,,Economics and Public Finance
118,House,611,11/7/23,1,616,201,229,0.189,0.672,-0.239,-0.037,-56.298,HR4820,Failed,,On Agreeing to the Amendment,,Economics and Public Finance
118,House,612,11/7/23,1,617,164,264,0.386,0.291,-0.303,0.251,-68.66,HR4820,Failed,,On Agreeing to the Amendment,,Economics and Public Finance
118,House,613,11/7/23,1,618,155,272,0.372,0.082,-0.319,0.399,-65.022,HR4820,Failed,,On Agreeing to the Amendment,,Economics and Public Finance
118,House,614,11/7/23,1,619,212,217,0.101,-0.995,-0.543,0.104,-14.883,HR4820,Failed,,On Agreeing to the Amendment,,Economics and Public Finance
118,House,615,11/7/23,1,620,112,318,0.192,-0.756,-0.258,0.537,-93.413,HR4820,Failed,,On Agreeing to the Amendment,,Economics and Public Finance
118,House,616,11/7/23,1,621,211,219,0.182,0.662,-0.72,-0.128,-14.415,HR4820,Failed,,On Agreeing to the Amendment,,Economics and Public Finance
118,House,617,11/7/23,1,622,234,188,-0.299,0.954,-0.276,-0.27,-69.091,HRES845,Passed,"Censuring Representative Rashida Tlaib for promoting false narratives regarding the October 7, 2023, Hamas attack on Israel and for calling for the destruction of the State of Israel",On Agreeing to the Resolution,,Congress
118,House,618,11/8/23,1,623,336,86,-0.381,-0.267,-0.238,-0.353,-100.501,HR4664,Agreed to,,On Agreeing to the Amendment,,Economics and Public Finance
118,House,619,11/8/23,1,624,115,306,0.392,-0.245,-0.331,0.511,-74.032,HR4664,Failed,,On Agreeing to the Amendment,,Economics and Public Finance
118,House,620,11/8/23,1,625,187,238,0.157,-0.412,-0.239,0.211,-62.873,HR4664,Failed,,On Agreeing to the Amendment,,Economics and Public Finance
118,House,621,11/8/23,1,626,140,286,0.493,0.87,-0.346,0.169,-86.155,HR4664,Failed,,On Agreeing to the Amendment,,Economics and Public Finance
118,House,622,11/8/23,1,627,183,246,0.318,0.165,-0.469,0.482,-45.511,HR4664,Failed,,On Agreeing to the Amendment,,Economics and Public Finance
118,House,623,11/8/23,1,628,172,257,0.368,0.93,-0.995,0.048,-61.078,HR4664,Failed,,On Agreeing to the Amendment,,Economics and Public Finance
118,House,624,11/8/23,1,629,250,174,-0.269,0.356,-0.239,-0.341,-74.52,HR4664,Agreed to,,On Agreeing to the Amendment,,Economics and Public Finance
118,House,625,11/8/23,1,630,219,210,0.1,-0.459,-1.062,-0.408,-6.93,HR4664,Agreed to,,On Agreeing to the Amendment,,Economics and Public Finance
118,House,626,11/8/23,1,631,205,220,0.198,0.386,-0.337,-0.006,-27.559,HR4664,Failed,,On Agreeing to the Amendment,,Economics and Public Finance
118,House,627,11/8/23,1,632,175,252,0.209,-0.203,-0.324,0.567,-58.051,HR4664,Failed,,On Agreeing to the Amendment,,Economics and Public Finance
118,House,628,11/8/23,1,633,106,322,0.552,0.834,-0.284,0.084,-107.164,HR4664,Failed,,On Agreeing to the Amendment,,Economics and Public Finance
118,House,629,11/8/23,1,634,145,273,0.005,-1,-0.352,0.693,-86.402,HR4664,Failed,,On Agreeing to the Amendment,,Economics and Public Finance
118,House,630,11/8/23,1,635,205,211,0.158,0.841,-0.691,-0.062,-10.99,HR4664,Failed,,On Agreeing to the Amendment,,Economics and Public Finance
118,House,631,11/8/23,1,636,198,221,0.253,0.123,-0.677,-0.525,-18.476,HR4664,Failed,,On Agreeing to the Amendment,,Economics and Public Finance
118,House,632,11/8/23,1,637,196,223,0.195,0.513,-0.622,-0.71,-33.503,HR4664,Failed,,On Agreeing to the Amendment,,Economics and Public Finance
118,House,633,11/8/23,1,638,142,277,0.233,-0.973,-0.41,0.391,-76.872,HR4664,Failed,,On Agreeing to the Amendment,,Economics and Public Finance
118,House,634,11/8/23,1,639,208,212,0.39,-0.768,-0.741,-1.082,-20.733,HR4664,Failed,,On Agreeing to the Amendment,,Economics and Public Finance
118,House,635,11/8/23,1,640,222,198,0.071,-0.511,-0.457,-0.595,-16.251,HR4664,Agreed to,,On Agreeing to the Amendment,,Economics and Public Finance
118,House,636,11/9/23,1,641,165,257,0.048,-0.702,-0.293,0.574,-77.556,HR4664,Failed,,On Agreeing to the Amendment,,Economics and Public Finance
118,House,637,11/9/23,1,642,220,202,-0.036,0.269,-0.62,-1.37,-15.92,HR4664,Agreed to,,On Agreeing to the Amendment,,Economics and Public Finance
118,House,638,11/13/23,1,643,405,0,0,0,0,0,0,HR1105,Passed,Debbie Smith Act,"On Motion to Suspend the Rules and Pass, as Amended",,X
118,House,639,11/13/23,1,644,409,0,0,0,0,0,0,HR593,Passed,"To rename the Department of Veterans Affairs community-based outpatient clinic in Hinesville, Georgia, as the “John Gibson, Dan James, William Sapp, and Frankie Smiley VA Clinic”",On Motion to Suspend the Rules and Pass,,X
118,House,640,11/13/23,1,645,209,201,-0.091,0.996,0.287,0.339,-38.52,HRES863,Passed,"Impeaching Alejandro Nicholas Mayorkas, Secretary of Homeland Security, for high crimes and misdemeanors",On Motion to Refer,,Government Operations and Politics
118,House,641,11/14/23,1,646,217,208,0.021,0.132,-0.715,0.059,-0.328,HRES864,Passed,"Providing for consideration of the bill (H.R. 5894) making appropriations for the Departments of Labor, Health and Human Services, and Education, and related agencies for the fiscal year ending September 30, 2024, and for other purposes",On Ordering the Previous Question,,Congress
118,House,642,11/14/23,1,647,217,209,0.021,0.132,-0.715,0.059,-0.328,HRES864,Passed,"Providing for consideration of the bill (H.R. 5894) making appropriations for the Departments of Labor, Health and Human Services, and Education, and related agencies for the fiscal year ending September 30, 2024, and for other purposes",On Agreeing to the Resolution,,Congress
118,House,643,11/14/23,1,648,131,300,0.397,-0.214,-0.293,0.282,-83.761,HR5894,Failed,,On Agreeing to the Amendment,,Economics and Public Finance
118,House,644,11/14/23,1,649,190,241,0.297,0.955,-0.39,0.039,-49.001,HR5894,Failed,,On Agreeing to the Amendment,,Economics and Public Finance
118,House,645,11/14/23,1,650,140,294,0.491,0.871,-0.479,0.199,-72.58,HR5894,Failed,,On Agreeing to the Amendment,,Economics and Public Finance
118,House,646,11/14/23,1,651,183,251,0.184,-0.846,-0.307,0.199,-68.199,HR5894,Failed,,On Agreeing to the Amendment,,Economics and Public Finance
118,House,647,11/14/23,1,652,186,247,0.31,0.166,-0.64,0.732,-33.864,HR5894,Failed,,On Agreeing to the Amendment,,Economics and Public Finance
118,House,648,11/14/23,1,653,109,324,0.497,-0.395,-0.316,0.051,-90.391,HR5894,Failed,,On Agreeing to the Amendment,,Economics and Public Finance
118,House,649,11/14/23,1,654,85,350,0.666,0.746,-0.962,0.804,-69.588,HR5894,Failed,,On Agreeing to the Amendment,,Economics and Public Finance
118,House,650,11/14/23,1,655,81,353,0.659,0.752,-0.488,0.34,-66.974,HR5894,Failed,,On Agreeing to the Amendment,,Economics and Public Finance
118,House,651,11/14/23,1,656,81,354,0.548,-0.1,-0.315,0.395,-72.812,HR5894,Failed,,On Agreeing to the Amendment,,Economics and Public Finance
118,House,652,11/14/23,1,657,118,316,0.231,-0.782,-0.475,0.785,-73.567,HR5894,Failed,,On Agreeing to the Amendment,,Economics and Public Finance
118,House,653,11/14/23,1,658,336,95,0.344,-0.359,0.181,-0.545,-97.94,HR6363,Passed,"Further Continuing Appropriations and Other Extensions Act, 2024","On Motion to Suspend the Rules and Pass, as Amended",,Economics and Public Finance
118,House,654,11/15/23,1,659,218,206,0.019,0.13,-0.715,0.054,-0.322,HRES869,Passed,"Providing for consideration of the bill (H.R. 5893) Commerce, Justice, Science, and Related Agencies Appropriations Act, 2024 and providing for consideration of the bill (H.R. 5961) No Funds for Iranian Terrorism Act",On Ordering the Previous Question,,Congress
118,House,655,11/15/23,1,660,198,225,-0.246,0.969,-0.509,-1.211,-49.551,HRES869,Failed,"Providing for consideration of the bill (H.R. 5893) Commerce, Justice, Science, and Related Agencies Appropriations Act, 2024 and providing for consideration of the bill (H.R. 5961) No Funds for Iranian Terrorism Act",On Agreeing to the Resolution,,Congress
118,House,656,11/15/23,1,661,169,257,0.366,0.108,-0.434,0.011,-58.493,HR5894,Failed,,On Agreeing to the Amendment,,Economics and Public Finance
118,House,657,11/15/23,1,662,173,254,0.269,-0.363,-0.657,0.587,-47.453,HR5894,Failed,,On Agreeing to the Amendment,,Economics and Public Finance
118,House,658,11/15/23,1,663,151,273,0.247,-0.969,-0.396,0.298,-78.02,HR5894,Failed,,On Agreeing to the Amendment,,Economics and Public Finance
118,House,659,11/15/23,1,664,170,254,0.422,0.907,-0.468,0.244,-55.26,HR5894,Failed,,On Agreeing to the Amendment,,Economics and Public Finance
118,House,660,11/15/23,1,665,165,260,0.449,0.742,-0.39,0.33,-63.598,HR5894,Failed,,On Agreeing to the Amendment,,Economics and Public Finance
118,House,661,11/15/23,1,666,411,14,-0.56,0.828,-0.259,0.188,-59.214,HR5894,Agreed to,,On Agreeing to the Amendment,,Economics and Public Finance
118,House,662,11/15/23,1,667,148,280,0.466,0.405,-0.368,0.424,-70.621,HR5894,Failed,,On Agreeing to the Amendment,,Economics and Public Finance
118,House,663,11/15/23,1,668,144,279,0.443,0.272,-0.344,0.465,-69.976,HR5894,Failed,,On Agreeing to the Amendment,,Economics and Public Finance
118,House,664,11/15/23,1,669,373,54,0.434,-0.799,-0.138,-1.656,-84.41,HR5894,Agreed to,,On Agreeing to the Amendment,,Economics and Public Finance
118,House,665,11/15/23,1,670,162,262,0.175,-0.434,-0.304,0.53,-70.231,HR5894,Failed,,On Agreeing to the Amendment,,Economics and Public Finance
118,House,666,11/15/23,1,671,157,268,0.461,0.505,-0.392,0.468,-63.831,HR5894,Failed,,On Agreeing to the Amendment,,Economics and Public Finance
118,House,667,11/15/23,1,672,155,270,0.489,0.645,-0.969,1.064,-68.221,HR5894,Failed,,On Agreeing to the Amendment,,Economics and Public Finance
118,House,668,11/15/23,1,673,204,224,0.247,0.264,-0.486,0.265,-27.731,HR5894,Failed,,On Agreeing to the Amendment,,Economics and Public Finance
118,House,669,11/15/23,1,674,216,211,0.114,0.234,-0.621,-0.903,-9.625,HR5894,Agreed to,,On Agreeing to the Amendment,,Economics and Public Finance
118,House,670,11/15/23,1,675,155,268,0.444,0.391,-0.923,1.031,-62.314,HR5894,Failed,,On Agreeing to the Amendment,,Economics and Public Finance
118,House,671,11/28/23,1,676,414,0,0,0,0,0,0,HRES793,Passed,Calling on Hamas to immediately release hostages taken during October 2023 attack on Israel,On Motion to Suspend the Rules and Agree,,X
118,House,672,11/28/23,1,677,412,1,0,0,0,0,0,HRES888,Passed,Reaffirming the State of Israel’s right to exist,On Motion to Suspend the Rules and Agree,,International Affairs
118,House,673,11/29/23,1,678,213,205,0.021,0.133,-0.715,0.056,-0.328,HRES891,Passed,"Providing for consideration of (H.R. 5283) Protecting our Communities from Failure to Secure the Border Act; (H.R. 5961) No Funds for Iranian Terrorism Act; (S.J. Res. 32) providing for congressional disapproval, relating to “Small Business Lending Under the Equal Credit Opportunity Act (Regulation B)”",On Ordering the Previous Question,,Congress
118,House,674,11/29/23,1,679,212,205,0.021,0.133,-0.715,0.056,-0.328,HRES891,Passed,"Providing for consideration of (H.R. 5283) Protecting our Communities from Failure to Secure the Border Act; (H.R. 5961) No Funds for Iranian Terrorism Act; (S.J. Res. 32) providing for congressional disapproval, relating to “Small Business Lending Under the Equal Credit Opportunity Act (Regulation B)”",On Agreeing to the Resolution,,Congress
118,House,675,11/30/23,1,680,412,11,0.175,-0.908,-0.035,-1.45,-18.83,HR5961,Agreed to,,On Agreeing to the Amendment,,International Affairs
118,House,676,11/30/23,1,681,422,1,0,0,0,0,0,HR5961,Agreed to,,On Agreeing to the Amendment,,International Affairs
118,House,677,11/30/23,1,682,241,181,0.058,-0.785,-0.274,-0.362,-57.267,HR5961,Agreed to,,On Agreeing to the Amendment,,International Affairs
118,House,678,11/30/23,1,683,226,199,-0.28,0.808,-0.607,-0.95,-18.838,HR5961,Agreed to,,On Agreeing to the Amendment,,International Affairs
118,House,679,11/30/23,1,684,231,198,-0.193,0.63,-0.29,-0.261,-38.933,HR5961,Agreed to,,On Agreeing to the Amendment,,International Affairs
118,House,680,11/30/23,1,685,399,28,0.551,-0.834,0.15,-0.352,-81.873,HR5961,Agreed to,,On Agreeing to the Amendment,,International Affairs
118,House,681,11/30/23,1,686,194,236,-0.314,0.949,0.267,0.301,-77.392,HR5961,Failed,,On Agreeing to the Amendment,,International Affairs
118,House,682,11/30/23,1,687,307,119,-0.276,-0.214,-0.235,-0.509,-88.017,HR5961,Passed,No Funds for Iranian Terrorism Act,On Passage,,International Affairs
118,House,683,11/30/23,1,688,206,223,-0.059,0.044,0.309,0.102,-16.739,HR5283,Failed,,On Agreeing to the Amendment,,Immigration
118,House,684,11/30/23,1,689,224,203,-0.076,0.19,-0.578,-1.008,-8.201,HR5283,Passed,Protecting our Communities from Failure to Secure the Border Act,On Passage,,Immigration
118,House,685,12/1/23,1,690,221,202,-0.14,0.31,-0.692,-0.426,-11.814,SJRES32,Passed,"Providing for congressional disapproval under chapter 8 of title 5, United States Code, of the rule submitted by the Bureau of Consumer Financial Protection relating to “Small Business Lending Under the Equal Credit Opportunity Act (Regulation B)”",On Passage,,Finance and Financial Sector
118,House,686,12/1/23,1,691,311,114,0.367,-0.31,0.177,-0.346,-112.575,HRES878,Passed,Providing for the expulsion of Representative George Santos from the United States House of Representatives,On Agreeing to the Resolution,,Congress
118,House,687,12/5/23,1,692,209,200,0.021,0.142,-0.715,0.056,-0.325,HRES906,Passed,Providing for consideration of (H.R. 4468) Choice in Automobile Retail Sales Act; (H.R. 5933) DETERRENT Act; and (H.J.Res. 88) congressional disapproval relating to “Improving Income Driven Repayment for the William D. Ford Federal Direct Loan Program and the Federal Family Education Loan (FFEL) Program”,On Ordering the Previous Question,,Congress
118,House,688,12/5/23,1,693,213,201,0.021,0.144,-0.715,0.059,-0.327,HRES906,Passed,Providing for consideration of (H.R. 4468) Choice in Automobile Retail Sales Act; (H.R. 5933) DETERRENT Act; and (H.J.Res. 88) congressional disapproval relating to “Improving Income Driven Repayment for the William D. Ford Federal Direct Loan Program and the Federal Family Education Loan (FFEL) Program”,On Agreeing to the Resolution,,Congress
118,House,689,12/5/23,1,694,356,61,0.475,-0.651,0.324,-0.458,-61.365,HR1547,Passed,One Seat Ride Act,"On Motion to Suspend the Rules and Pass, as Amended",,Transportation and Public Works
118,House,690,12/5/23,1,695,408,10,0,0,0,0,0,HR3848,Passed,Housing our Military Veterans Effectively Act,"On Motion to Suspend the Rules and Pass, as Amended",,Armed Forces and National Security
118,House,691,12/5/23,1,696,414,5,0,0,0,0,0,HR542,Passed,Elizabeth Dole Home- and Community-Based Services for Veterans and Caregivers Act,"On Motion to Suspend the Rules and Pass, as Amended",,Armed Forces and National Security
118,House,692,12/5/23,1,697,311,14,0.212,-0.805,-0.109,-1.7,-14.917,HRES894,Passed,Strongly condemning and denouncing the drastic rise of antisemitism in the United States and around the world,On Motion to Suspend the Rules and Agree,,International Affairs
118,House,693,12/6/23,1,698,372,39,0.009,-0.901,-0.387,-2.042,-52.802,HR5933,Agreed to,,On Agreeing to the Amendment,,Education
118,House,694,12/6/23,1,699,94,320,0.41,-0.496,-0.193,0.271,-104.087,HR5933,Failed,,On Agreeing to the Amendment,,Education
118,House,695,12/6/23,1,700,202,213,-0.043,0.246,0.705,0.325,-2.252,HR5933,Failed,,On Agreeing to the Amendment,,Education
118,House,696,12/6/23,1,701,246,170,-0.168,-0.05,-0.28,-0.413,-54.479,HR5933,Passed,DETERRENT Act,On Passage,,Education
118,House,697,12/6/23,1,702,201,214,0.021,0.145,0.715,-0.057,-0.327,HR4468,Failed,Choice in Automobile Retail Sales Act,On Motion to Recommit,,Environmental Protection
118,House,698,12/6/23,1,703,221,197,-0.033,0.116,-0.56,-1.069,-8.319,HR4468,Passed,Choice in Automobile Retail Sales Act,On Passage,,Environmental Protection
118,House,699,12/6/23,1,704,201,216,0.021,0.143,0.715,-0.059,-0.325,HRES914,Failed,Censuring Representative Jamaal Bowman,On Motion to Table,,Congress
118,House,700,12/7/23,1,705,210,189,-0.074,0.269,-0.701,-0.339,-2.775,HJRES88,Passed,"Providing for congressional disapproval under chapter 8 of title 5, United States Code, of the rule submitted by the Department of Education relating to “Improving Income Driven Repayment for the William D. Ford Federal Direct Loan Program and the Federal Family Education Loan (FFEL) Program",On Passage,,Education
118,House,701,12/7/23,1,706,214,191,-0.06,0.214,-0.351,-0.059,-12.125,HRES914,Passed,Censuring Representative Jamaal Bowman,On Agreeing to the Resolution,,Congress
118,House,702,12/11/23,1,707,394,0,0,0,0,0,0,HR3224,Passed,Countering Weapons of Mass Destruction Extension Act,"On Motion to Suspend the Rules and Pass, as Amended",,X
118,House,703,12/11/23,1,708,320,71,0.949,0.169,0.157,-0.59,-147.221,HR5378,Passed,"Lower Costs, More Transparency Act","On Motion to Suspend the Rules and Pass, as Amended",,Health
118,House,704,12/11/23,1,709,376,15,-0.987,0.161,-0.417,-0.666,-36.913,HR6503,Passed,"Airport and Airway Extension Act of 2023, Part II",On Motion to Suspend the Rules and Pass,,Transportation and Public Works
118,House,705,12/12/23,1,710,216,205,0.075,0.997,-0.471,0.196,-8.336,HRES922,Passed,"Providing for consideration of the bill (H.R. 1147) Whole Milk for Healthy Kids Act and providing for consideration of the bill (H.R. 357) Ensuring Accountability in Agency Rulemaking Act, and for other purposes; and for other purposes.",On Ordering the Previous Question,,Congress
118,House,706,12/12/23,1,711,215,207,0.021,0.144,-0.715,0.065,-0.322,HRES922,Passed,"Providing for consideration of the bill (H.R. 1147) Whole Milk for Healthy Kids Act and providing for consideration of the bill (H.R. 357) Ensuring Accountability in Agency Rulemaking Act, and for other purposes; and for other purposes.",On Agreeing to the Resolution,,Congress
118,House,707,12/12/23,1,712,403,20,0.224,-0.975,0.39,-1.994,-31.321,S788,Passed,Duck Stamp Modernization Act,On Motion to Suspend the Rules and Pass,,Public Lands and Natural Resources
118,House,708,12/12/23,1,713,420,1,0,0,0,0,0,HR5119,Passed,Protect Small Business and Prevent Illicit Financial Activity Act,"On Motion to Suspend the Rules and Pass, as Amended",,Commerce
118,House,709,12/12/23,1,714,396,28,0.26,-0.807,0.318,-1.584,-33.694,HR5524,Passed,Foreign Affiliates Sharing Pilot Program Extension Act,"On Motion to Suspend the Rules and Pass, as Amended",,Finance and Financial Sector
118,House,710,12/12/23,1,715,386,37,0.276,-0.529,0.13,-1.655,-47.353,HR4531,Passed,Support for Patients and Communities Reauthorization Act,"On Motion to Suspend the Rules and Pass, as Amended",,Health
118,House,711,12/12/23,1,716,206,211,0.021,0.144,0.715,-0.064,-0.324,HR357,Failed,Ensuring Accountability in Agency Rulemaking Act,On Motion to Recommit,,Government Operations and Politics
118,House,712,12/12/23,1,717,218,203,-0.096,0.249,-0.703,-0.318,-6.237,HR357,Passed,Ensuring Accountability in Agency Rulemaking Act,On Passage,,Government Operations and Politics
118,House,713,12/13/23,1,718,330,99,-0.291,-0.506,-0.188,-0.276,-122.024,HR1147,Passed,Whole Milk for Healthy Kids Act,On Passage,,Agriculture and Food
118,House,714,12/13/23,1,719,220,212,0.021,0.144,-0.715,0.066,-0.324,HRES918,Passed,"Directing certain committees to continue their ongoing investigations as part of the existing House of Representatives inquiry into whether sufficient grounds exist for the House of Representatives to exercise its Constitutional power to impeach Joseph Biden, President of the United States of America",On Ordering the Previous Question,,Congress
118,House,715,12/13/23,1,720,221,212,0.021,0.144,-0.715,0.066,-0.324,HRES918,Passed,"Directing certain committees to continue their ongoing investigations as part of the existing House of Representatives inquiry into whether sufficient grounds exist for the House of Representatives to exercise its Constitutional power to impeach Joseph Biden, President of the United States of America",On Agreeing to the Resolution,,Congress
118,House,716,12/13/23,1,721,303,126,-0.375,0.127,-0.26,-0.373,-97.291,HRES927,Passed,Condemning antisemitism on University campuses and the testimony of University Presidents in the House Committee on Education and the Workforce,On Motion to Suspend the Rules and Agree,,Education
118,House,717,12/14/23,1,722,23,307,0.896,0.445,-0.96,1.714,-29.925,,Failed,,On Motion to Adjourn,,
118,House,718,12/14/23,1,723,310,118,-0.052,-0.242,0.077,-1.658,-120.703,HR2670,Passed,National Defense Authorization Act,On Motion to Suspend the Rules and Agree to the Conference Report,,Armed Forces and National Security
118,House,719,12/14/23,1,724,407,9,0,0,0,0,0,HR2365,Passed,Dr. Emmanuel Bilirakis and Honorable Jennifer Wexton National Plan to End Parkinson’s Act,"On Motion to Suspend the Rules and Pass, as Amended",,Health
118,House,720,1/10/24,2,2,213,200,0.021,0.146,-0.715,0.063,-0.325,HRES947,Passed,Providing for consideration of (H.R. 788) Stop Settlement Slush Funds Act; (H.J. Res. 98) congressional disapproval of the rule relating to Standard for Determining Joint Employer Status; (S.J. Res. 38) congressional disapproval of the rule relating to Waiver of Buy America Requirements for Electric Vehicle Chargers,On Ordering the Previous Question,,Congress
118,House,721,1/10/24,2,3,203,216,-0.263,0.965,-0.494,-1.107,-40.097,HRES947,Failed,Providing for consideration of (H.R. 788) Stop Settlement Slush Funds Act; (H.J. Res. 98) congressional disapproval of the rule relating to Standard for Determining Joint Employer Status; (S.J. Res. 38) congressional disapproval of the rule relating to Waiver of Buy America Requirements for Electric Vehicle Chargers,On Agreeing to the Resolution,,Congress
118,House,722,1/11/24,2,4,210,201,-0.132,0.991,-0.634,-0.718,-6.224,HRES947,Passed,Providing for consideration of (H.R. 788) Stop Settlement Slush Funds Act; (H.J. Res. 98) congressional disapproval of the rule relating to Standard for Determining Joint Employer Status; (S.J. Res. 38) congressional disapproval of the rule relating to Waiver of Buy America Requirements for Electric Vehicle Chargers,On Motion to Reconsider,,Congress
118,House,723,1/11/24,2,5,211,202,-0.131,0.991,-0.635,-0.713,-6.249,HRES947,Passed,Providing for consideration of (H.R. 788) Stop Settlement Slush Funds Act; (H.J. Res. 98) congressional disapproval of the rule relating to Standard for Determining Joint Employer Status; (S.J. Res. 38) congressional disapproval of the rule relating to Waiver of Buy America Requirements for Electric Vehicle Chargers,On Agreeing to the Resolution,,Congress
118,House,724,1/11/24,2,6,189,205,0.021,0.139,0.715,-0.059,-0.323,HR788,Failed,Stop Settlement Slush Funds Act,On Motion to Recommit,,Law
118,House,725,1/11/24,2,7,211,197,0.021,0.141,-0.715,0.058,-0.327,HR788,Passed,Stop Settlement Slush Funds Act,On Passage,,Law
118,House,726,1/11/24,2,8,209,198,-0.154,0.669,-0.555,-1.03,-11.057,SJRES38,Passed,"Providing for congressional disapproval under chapter 8 of title 5, United States Code, of the rule submitted by the Federal Highway Administration relating to “Waiver of Buy America Requirements for Electric Vehicle Chargers”",On Passage,,Transportation and Public Works
118,House,727,1/12/24,2,9,379,1,0,0,0,0,0,HR839,Passed,China Exchange Rate Transparency Act,"On Motion to Suspend the Rules and Pass, as Amended",,International Affairs
118,House,728,1/12/24,2,10,206,177,-0.074,-0.997,-0.452,-0.085,-24.306,HJRES98,Passed,"Providing for congressional disapproval under chapter 8 of title 5, United States Code, of the rule submitted by the National Labor Relations Board relating to “Standard for Determining Joint Employer Status”",On Passage,,Labor and Employment
118,House,729,1/17/24,2,11,198,194,0.02,0.135,-0.715,0.055,-0.323,HRES969,Passed,Providing for consideration of the bill (H.R. 6914) Pregnant Students’ Rights Act; providing for consideration of the bill (H.R. 6918) Supporting Pregnant and Parenting Women and Families Act; providing for consideration of the resolution (H.Res. 957),On Agreeing to the Resolution,,Labor and Employment
118,House,730,1/17/24,2,12,403,9,0,0,0,0,0,HR5862,Passed,"To amend the Homeland Security Act of 2002 relating to authority of U.S. Customs and Border Protection to consolidate, modify, or reorganize Customs revenue functions","On Motion to Suspend the Rules and Pass, as Amended",,Immigration
118,House,731,1/17/24,2,13,225,187,-0.141,0.177,-0.551,-1.098,-18.178,HRES957,Passed,"Denouncing the Biden administration’s open-borders policies, condemning the national security and public safety crisis along the southwest border, and urging President Biden to end his administration’s open-borders policies",On Agreeing to the Resolution,,Immigration
118,House,732,1/18/24,2,14,413,7,0,0,0,0,0,S3250,Passed,"To provide remote access to court proceedings for victims of the 1988 Bombing of Pan Am Flight 103 over Lockerbie, Scotland",On Motion to Suspend the Rules and Pass,,Law
118,House,733,1/18/24,2,15,314,108,0.434,-0.063,0.228,-0.603,-88.062,HR2872,Passed,"To amend the Permanent Electronic Duck Stamp Act of 2013 to allow the Secretary of the Interior to issue electronic stamps under such Act, and for other purposes",On Motion to Suspend the Rules and Concur in the Senate Amendment,,Public Lands and Natural Resources
118,House,734,1/18/24,2,16,208,214,0.021,0.135,0.715,-0.063,-0.327,HR6918,Failed,Supporting Pregnant and Parenting Women and Families Act,On Motion to Recommit,,Health
118,House,735,1/18/24,2,17,214,208,0.021,0.135,-0.715,0.063,-0.327,HR6918,Passed,Supporting Pregnant and Parenting Women and Families Act,On Passage,,Health
118,House,736,1/18/24,2,18,207,213,0.021,0.135,0.715,-0.063,-0.327,HR6914,Failed,Pregnant Students’ Rights Act,On Motion to Recommit,,Education
118,House,737,1/18/24,2,19,212,207,0.021,0.135,-0.715,0.063,-0.327,HR6914,Passed,Pregnant Students’ Rights Act,On Passage,,Education
118,House,738,1/29/24,2,20,397,0,0,0,0,0,0,HR5528,Passed,Safe and Smart Federal Purchasing Act,"On Motion to Suspend the Rules and Pass, as Amended",,X
118,House,739,1/29/24,2,21,379,20,0.908,0.419,0.656,-0.944,-30.304,S3427,Passed,Overtime Pay for Protective Services Act,On Motion to Suspend the Rules and Pass,,Government Operations and Politics
118,House,740,1/30/24,2,22,216,210,0.021,0.136,-0.715,0.063,-0.328,HRES980,Passed,Providing for consideration of the bills (H.R. 5585) Agent Raul Gonzalez Officer Safety Act; (H.R. 6678) Consequences for Social Security Fraud Act; (H.R. 6679) No Immigration Benefits for Hamas Terrorists Act; and (H.R. 6976) Protect Our Communities from DUIs Act,On Ordering the Previous Question,,Congress
118,House,741,1/30/24,2,23,216,210,0.021,0.136,-0.715,0.063,-0.328,HRES980,Passed,Providing for consideration of the bills (H.R. 5585) Agent Raul Gonzalez Officer Safety Act; (H.R. 6678) Consequences for Social Security Fraud Act; (H.R. 6679) No Immigration Benefits for Hamas Terrorists Act; and (H.R. 6976) Protect Our Communities from DUIs Act,On Agreeing to the Resolution,,Congress
118,House,742,1/30/24,2,24,201,224,-0.189,0.58,0.391,0.294,-26.925,HR5585,Failed,,On Agreeing to the Amendment,,Crime and Law Enforcement
118,House,743,1/30/24,2,25,271,154,-0.324,0.2,-0.464,-0.611,-56.964,HR5585,Passed,Agent Raul Gonzalez Officer Safety Act,On Passage,,Crime and Law Enforcement
118,House,744,1/31/24,2,26,267,158,-0.233,-0.169,-0.437,-0.517,-57.297,HR6678,Agreed to,,On Agreeing to the Amendment,,Immigration
118,House,745,1/31/24,2,27,272,155,-0.289,0.071,-0.364,-0.413,-65.965,HR6678,Passed,Consequences for Social Security Fraud Act,On Passage,,Immigration
118,House,746,1/31/24,2,28,422,2,0,0,0,0,0,HR6679,Passed,No Immigration Benefits for Hamas Terrorists Act,On Passage,,Immigration
118,House,747,1/31/24,2,29,420,0,0,0,0,0,0,HR2754,Passed,"To designate the facility of the United States Postal Service located at 2395 East Del Mar Boulevard in Laredo, Texas, as the “Lance Corporal David Lee Espinoza, Lance Corporal Juan Rodrigo Rodriguez & Sergeant Roberto Arizola Jr. Post Office Building”",On Motion to Suspend the Rules and Pass,,X
118,House,748,1/31/24,2,30,357,70,0.402,-0.477,0.068,-0.494,-143.949,HR7024,Passed,Tax Relief for American Families and Workers Act,"On Motion to Suspend the Rules and Pass, as Amended",,Taxation
118,House,749,2/1/24,2,31,274,150,-0.213,-0.601,-0.688,-0.559,-60.812,HR6976,Passed,Protect Our Communities from DUIs Act,On Passage,,Immigration
118,House,750,2/5/24,2,32,350,58,0.201,-0.815,0.377,-1.228,-53.144,HR2882,Passed,Udall Foundation Reauthorization Act,"On Motion to Suspend the Rules and Pass, as Amended",,Economics and Public Finance
118,House,751,2/5/24,2,33,407,0,0,0,0,0,0,HR443,Passed,Enhancing Detection of Human Trafficking Act,"On Motion to Suspend the Rules and Pass, as Amended",,X
118,House,752,2/6/24,2,34,215,207,0.021,0.129,-0.715,0.064,-0.325,HRES996,Passed,"Providing for consideration of the resolution (H.Res. 863) Impeaching Alejandro Nicholas Mayorkas, Secretary of Homeland Security, for high crimes and misdemeanors, and providing for consideration of the bill (H.R. 485) Protecting Health Care for All Patients Act",On Ordering the Previous Question,,Congress
118,House,753,2/6/24,2,35,216,209,0.021,0.135,-0.715,0.064,-0.328,HRES996,Passed,"Providing for consideration of the resolution (H.Res. 863) Impeaching Alejandro Nicholas Mayorkas, Secretary of Homeland Security, for high crimes and misdemeanors, and providing for consideration of the bill (H.R. 485) Protecting Health Care for All Patients Act",On Agreeing to the Resolution,,Congress
118,House,754,2/6/24,2,36,427,2,0,0,0,0,0,HR1727,Passed,Chesapeake and Ohio Canal National Historical Park Commission Extension Act,"On Motion to Suspend the Rules and Pass, as Amended",,Public Lands and Natural Resources
118,House,755,2/6/24,2,37,214,216,-0.105,0.994,-0.363,-0.416,-22.272,HRES863,Failed,"Impeaching Alejandro Nicholas Mayorkas, Secretary of Homeland Security, for high crimes and misdemeanors","On Agreeing to the Resolution, as Amended",,Government Operations and Politics
118,House,756,2/6/24,2,38,250,180,-0.354,0.595,-0.178,-0.277,-131.216,HR7217,Failed,Israel Security Supplemental Appropriations Act,On Motion to Suspend the Rules and Pass,,Economics and Public Finance
118,House,757,2/7/24,2,39,207,210,0.022,0.707,0.374,-0.069,-9.19,HR485,Failed,Protecting Health Care for All Patients Act,On Motion to Recommit,,Health
118,House,758,2/7/24,2,40,211,208,0.021,0.133,-0.715,0.067,-0.326,HR485,Passed,Protecting Health Care for All Patients Act,On Passage,,Health
118,House,759,2/13/24,2,41,414,11,-0.405,-0.914,-0.039,-1.873,-31.938,HR5856,Passed,Frederick Douglass Trafficking Victims Prevention and Protection Reauthorization Act,"On Motion to Suspend the Rules and Pass, as Amended",,Crime and Law Enforcement
118,House,760,2/13/24,2,42,216,211,-0.141,0.99,-0.558,-0.646,-7.596,HRES863,Passed,"Impeaching Alejandro Nicholas Mayorkas, Secretary of Homeland Security, for high crimes and misdemeanors",On Motion to Reconsider,,Government Operations and Politics
118,House,761,2/13/24,2,43,214,213,-0.169,0.986,-0.493,-0.733,-16.866,HRES863,Passed,"Impeaching Alejandro Nicholas Mayorkas, Secretary of Homeland Security, for high crimes and misdemeanors","On Agreeing to the Resolution, as Amended",,Government Operations and Politics
118,House,762,2/14/24,2,44,418,0,0,0,0,0,0,HRES966,Passed,Condemning rape and sexual violence committed by Hamas in its war against Israel,On Motion to Suspend the Rules and Agree,,X
118,House,763,2/14/24,2,45,212,206,0.021,0.142,-0.715,0.07,-0.325,HRES1009,Passed,Providing for consideration of the bill (H.R. 7176) Unlocking our Domestic LNG Potential Act,On Ordering the Previous Question,,Congress
118,House,764,2/14/24,2,46,212,208,0.021,0.141,-0.715,0.069,-0.326,HRES1009,Passed,Providing for consideration of the bill (H.R. 7176) Unlocking our Domestic LNG Potential Act,On Agreeing to the Resolution,,Congress
118,House,765,2/14/24,2,47,213,209,0.021,0.141,-0.715,0.069,-0.326,HRES994,Passed,"Providing for consideration of the bill (H.R. 7160) SALT Marriage Penalty Elimination Act, and providing for consideration of the resolution (H. Res. 987) denouncing the harmful, anti-American energy policies of the Biden administration, and for other purposes",On Ordering the Previous Question,,Congress
118,House,766,2/14/24,2,48,195,225,-0.282,0.959,-0.379,-0.944,-56.454,HRES994,Failed,"Providing for consideration of the bill (H.R. 7160) SALT Marriage Penalty Elimination Act, and providing for consideration of the resolution (H. Res. 987) denouncing the harmful, anti-American energy policies of the Biden administration, and for other purposes",On Agreeing to the Resolution,,Congress
118,House,767,2/14/24,2,49,389,32,0.423,-0.728,-0.03,-1.439,-61.498,HR3202,Passed,Assad Regime Anti-Normalization Act,"On Motion to Suspend the Rules and Pass, as Amended",,International Affairs
118,House,768,2/15/24,2,50,414,6,0,0,0,0,0,HR2766,Passed,Uyghur Policy Act,"On Motion to Suspend the Rules and Pass, as Amended",,International Affairs
118,House,769,2/15/24,2,51,209,213,0.021,0.136,0.715,-0.065,-0.327,HR7176,Failed,Unlocking our Domestic LNG Potential Act,On Motion to Recommit,,Energy
118,House,770,2/15/24,2,52,224,200,0.154,-0.559,-0.555,-1.005,-20.096,HR7176,Passed,Unlocking our Domestic LNG Potential Act,On Passage,,Energy
118,House,771,2/15/24,2,53,392,28,0.371,-0.929,0.226,-0.719,-40.635,HR533,Passed,Promoting a Resolution to the Tibet-China Dispute Act,"On Motion to Suspend the Rules and Pass, as Amended",,International Affairs
118,House,772,2/15/24,2,54,379,39,0.261,-0.706,0.165,-0.862,-53.016,HR5375,Passed,Strengthening the Quad Act,"On Motion to Suspend the Rules and Pass, as Amended",,International Affairs
118,House,773,2/28/24,2,55,365,36,-0.277,-0.655,-0.513,-2.252,-50.736,HR6544,Passed,Atomic Energy Advancement Act,"On Motion to Suspend the Rules and Pass, as Amended",,Energy
118,House,774,2/28/24,2,56,348,55,0.784,0.095,0.739,-2.474,-97.968,HR4984,Passed,D.C. Robert F. Kennedy Memorial Stadium Campus Revitalization Act,"On Motion to Suspend the Rules and Pass, as Amended",,Government Operations and Politics
118,House,775,2/29/24,2,57,402,16,0.155,-0.988,0.097,-0.722,-46.368,HR7102,Passed,Native American Entrepreneurial Opportunity Act,On Motion to Suspend the Rules and Pass,,Native Americans
118,House,776,2/29/24,2,58,320,99,0.398,-0.244,0.195,-0.472,-98.602,HR7463,Passed,Extension of Continuing Appropriations and Other Matters Act,On Motion to Suspend the Rules and Pass,,Economics and Public Finance
118,House,777,2/29/24,2,59,401,19,0.271,-0.874,0.332,-1.769,-28.827,HR7454,Passed,Airport and Airway Extension Act,On Motion to Suspend the Rules and Pass,,Transportation and Public Works
118,House,778,3/5/24,2,60,384,4,0,0,0,0,0,HR3391,Passed,Gabriella Miller Kids First Research Act 2.0,"On Motion to Suspend the Rules and Pass, as Amended",,Health
118,House,779,3/5/24,2,61,382,12,0.667,-0.56,0.514,-1.707,-17.16,HR3838,Passed,Preventing Maternal Deaths Reauthorization Act,"On Motion to Suspend the Rules and Pass, as Amended",,Health
118,House,780,3/6/24,2,62,215,205,0.021,0.15,-0.715,0.106,-0.32,HRES1052,Passed,Providing for consideration of the bill (H.R. 2799) the Expanding Access to Capital Act; and providing for consideration of the bill (H.R. 7511) the Laken Riley Act,On Ordering the Previous Question,,Congress
118,House,781,3/6/24,2,63,214,211,-0.138,0.99,-0.581,-0.676,-7.12,HRES1052,Passed,Providing for consideration of the bill (H.R. 2799) the Expanding Access to Capital Act; and providing for consideration of the bill (H.R. 7511) the Laken Riley Act,On Agreeing to the Resolution,,Congress
118,House,782,3/6/24,2,64,339,85,0.488,-0.081,0.297,-1.122,-69.773,HRES1061,Passed,"Providing for the concurrence by the House in the Senate amendment to H.R. 4366, with an amendment",On Motion to Suspend the Rules and Agree,,Economics and Public Finance
118,House,783,3/6/24,2,65,413,7,0,0,0,0,0,HR3821,Passed,Firefighter Cancer Registry Reauthorization Act,On Motion to Suspend the Rules and Pass,,Health
118,House,784,3/7/24,2,66,251,170,-0.176,-0.048,-0.344,-0.661,-51.591,HR7511,Passed,Laken Riley Act,On Passage,,Immigration
118,House,785,3/7/24,2,67,391,32,0.376,-0.779,0.429,-1.403,-35.319,HR3843,Passed,Action for Dental Health Act,On Motion to Suspend the Rules and Pass,,Health
118,House,786,3/7/24,2,68,278,146,-0.133,-0.991,-0.377,-0.364,-87.847,HR2799,Agreed to,,On Agreeing to the Amendment,,Finance and Financial Sector
118,House,787,3/7/24,2,69,269,153,-0.173,-0.309,-0.164,-0.217,-118.265,HR2799,Agreed to,,On Agreeing to the Amendment,,Finance and Financial Sector
118,House,788,3/7/24,2,70,301,125,-0.056,-0.998,-0.324,-0.542,-96.074,HR2799,Agreed to,,On Agreeing to the Amendment,,Finance and Financial Sector
118,House,789,3/7/24,2,71,270,154,-0.04,-0.999,-0.315,-0.397,-86.75,HR2799,Agreed to,,On Agreeing to the Amendment,,Finance and Financial Sector
118,House,790,3/7/24,2,72,203,223,-0.091,0.291,0.283,0.067,-29.82,HR2799,Failed,,On Agreeing to the Amendment,,Finance and Financial Sector
118,House,791,3/8/24,2,73,200,203,-0.135,0.991,0.526,0.777,-17.942,HR2799,Failed,,On Agreeing to the Amendment,,Finance and Financial Sector
118,House,792,3/8/24,2,74,204,212,0.164,-0.803,0.643,0.625,-7.435,HR2799,Failed,,On Agreeing to the Amendment,,Finance and Financial Sector
118,House,793,3/8/24,2,75,208,211,0.022,0.131,0.715,-0.085,-0.325,HR2799,Failed,,On Agreeing to the Amendment,,Finance and Financial Sector
118,House,794,3/8/24,2,76,206,217,-0.073,0.293,0.703,0.318,-2.91,HR2799,Failed,,On Agreeing to the Amendment,,Finance and Financial Sector
118,House,795,3/8/24,2,77,205,213,0.022,0.131,0.715,-0.085,-0.325,HR2799,Failed,Expanding Access to Capital Act,On Motion to Recommit,,Finance and Financial Sector
118,House,796,3/8/24,2,78,212,205,0.022,0.131,-0.715,0.085,-0.325,HR2799,Passed,Expanding Access to Capital Act,On Passage,,Finance and Financial Sector
118,House,797,3/11/24,2,79,375,20,0.36,-0.933,0.188,-0.751,-37.48,HR1752,Passed,E-BRIDGE Act,"On Motion to Suspend the Rules and Pass, as Amended",,"Science, Technology, Communications"
118,House,798,3/11/24,2,80,326,73,0.479,-0.878,0.482,-0.326,-59.482,HR886,Passed,Save Our Seas 2.0 Amendments Act,"On Motion to Suspend the Rules and Pass, as Amended",,Environmental Protection
118,House,799,3/12/24,2,81,209,205,0.022,0.138,-0.715,0.086,-0.326,HRES1071,Passed,"Providing for consideration of the bill (H.R. 6276) USE IT Act, and providing for consideration of the resolution (H. Res. 1065) denouncing the Biden administration’s immigration policies",On Ordering the Previous Question,,Congress
118,House,800,3/12/24,2,82,209,206,0.022,0.132,-0.715,0.08,-0.328,HRES1071,Passed,"Providing for consideration of the bill (H.R. 6276) USE IT Act, and providing for consideration of the resolution (H. Res. 1065) denouncing the Biden administration’s immigration policies",On Agreeing to the Resolution,,Congress
118,House,801,3/12/24,2,83,206,213,0.022,0.132,0.715,-0.08,-0.328,HR6276,Failed,USE IT Act,On Motion to Recommit,,Congress
118,House,802,3/12/24,2,84,217,203,-0.107,0.686,-0.274,-0.194,-30.064,HR6276,Passed,USE IT Act,On Passage,,Congress
118,House,803,3/12/24,2,85,226,193,-0.169,0.233,-0.592,-0.967,-23.109,HRES1065,Passed,Denouncing the Biden administration’s immigration policies,On Agreeing to the Resolution,,Immigration
118,House,804,3/13/24,2,86,352,65,0.273,-0.501,-0.026,-0.867,-120.701,HR7521,Passed,Protecting Americans from Foreign Adversary Controlled Applications Act,"On Motion to Suspend the Rules and Pass, as Amended",,"Science, Technology, Communications"
118,House,805,3/19/24,2,87,365,30,0.403,-0.572,0.303,-1.636,-33.549,HR4723,Passed,Upholding the Dayton Peace Agreement Through Sanctions Act,"On Motion to Suspend the Rules and Pass, as Amended",,International Affairs
118,House,806,3/19/24,2,88,390,9,0,0,0,0,0,HRES149,Passed,Condemning the illegal abduction of children from Ukraine to the Russian Federation,"On Motion to Suspend the Rules and Agree, as Amended",,International Affairs
118,House,807,3/20/24,2,89,207,192,0.017,0.117,-0.716,0.061,-0.273,HRES1085,Passed,"Providing for consideration of the bills H.R. 1023, H.R. 1121, H.R. 6009, and H.R. 7023; providing for consideration of the concurrent resolution H. Con. Res. 86; and providing for consideration of the resolution H. Res. 987",On Ordering the Previous Question,,Congress
118,House,808,3/20/24,2,90,214,200,0.016,0.114,-0.716,0.047,-0.278,HRES1085,Passed,"Providing for consideration of the bills H.R. 1023, H.R. 1121, H.R. 6009, and H.R. 7023; providing for consideration of the concurrent resolution H. Con. Res. 86; and providing for consideration of the resolution H. Res. 987",On Agreeing to the Resolution,,Congress
118,House,809,3/20/24,2,91,414,0,0,0,0,0,0,HR7520,Passed,Protecting Americans’ Data from Foreign Adversaries Act,"On Motion to Suspend the Rules and Pass, as Amended",,X
118,House,810,3/20/24,2,92,202,213,0.017,0.117,0.716,-0.051,-0.279,HR1121,Failed,Protecting American Energy Production Act,On Motion to Recommit,,Energy
118,House,811,3/20/24,2,93,229,188,0.266,-0.663,-0.506,-1.233,-33.554,HR1121,Passed,Protecting American Energy Production Act,On Passage,,Energy
118,House,812,3/20/24,2,94,204,211,0.017,0.117,0.716,-0.051,-0.28,HR6009,Failed,Restoring American Energy Dominance Act,On Motion to Recommit,,Public Lands and Natural Resources
118,House,813,3/20/24,2,95,216,200,0.046,-0.021,-0.564,-1.056,-7.141,HR6009,Passed,Restoring American Energy Dominance Act,On Passage,,Public Lands and Natural Resources
118,House,814,3/21/24,2,96,217,200,-0.026,0.095,-0.583,-0.99,-7.175,HRES987,Passed,"Denouncing the harmful, anti-American energy policies of the Biden administration, and for other purposes",On Agreeing to the Resolution,,Energy
118,House,815,3/21/24,2,97,222,196,0.166,-0.291,-0.473,-1.246,-20.316,HCONRES86,Passed,Expressing the sense of Congress that a carbon tax would be detrimental to the United States economy,On Agreeing to the Resolution,,Taxation
118,House,816,3/21/24,2,98,393,24,0.563,-0.827,0.955,-1.851,-41.331,HR1836,Passed,Ocean Shipping Reform Implementation Act,"On Motion to Suspend the Rules and Pass, as Amended",,Transportation and Public Works
118,House,817,3/21/24,2,99,99,323,0.127,-0.992,-0.16,0.357,-126.86,HR7023,Failed,,On Agreeing to the Amendment,,Environmental Protection
118,House,818,3/21/24,2,100,205,213,0.122,0.993,0.432,-0.241,-9.764,HR7023,Failed,Creating Confidence in Clean Water Permitting Act,On Motion to Recommit,,Environmental Protection
118,House,819,3/21/24,2,101,213,205,-0.123,0.535,-0.562,-1.085,-9.801,HR7023,Passed,Creating Confidence in Clean Water Permitting Act,On Passage,,Environmental Protection
118,House,820,3/22/24,2,102,286,134,0.355,-0.014,0.171,-1.029,-123.172,HRES1102,Passed,"Providing for the concurrence by the House in the Senate amendment to H.R. 2882, with an amendment",On Motion to Suspend the Rules and Agree,,Economics and Public Finance
118,House,821,3/22/24,2,103,206,211,0.022,0.133,0.715,-0.081,-0.327,HR1023,Failed,"To repeal section 134 of the Clean Air Act, relating to the greenhouse gas reduction fund",On Motion to Recommit,,Environmental Protection
118,House,822,3/22/24,2,104,209,204,0.228,-0.528,-0.614,-0.854,-5.917,HR1023,Passed,"To repeal section 134 of the Clean Air Act, relating to the greenhouse gas reduction fund",On Passage,,Environmental Protection
118,House,823,4/9/24,2,105,378,26,0.415,-0.705,0.369,-1.533,-28.728,HR6655,Passed,A Stronger Workforce for America Act,"On Motion to Suspend the Rules and Pass, as Amended",,Labor and Employment
118,House,824,4/9/24,2,106,406,0,0,0,0,0,0,S2051,Passed,Missing Children’s Assistance Reauthorization Act,"On Motion to Suspend the Rules and Pass, as Amended",,X
118,House,825,4/10/24,2,107,210,209,0.017,0.117,-0.716,0.051,-0.281,HRES1125,Passed,Providing for consideration of the bills H.R. 7888 and H.R. 529; and providing for consideration of the resolutions H. Res. 1112 and H. Res. 1117,On Ordering the Previous Question,,Congress
118,House,826,4/10/24,2,108,193,228,-0.285,0.958,-0.493,-1.241,-47.629,HRES1125,Failed,Providing for consideration of the bills H.R. 7888 and H.R. 529; and providing for consideration of the resolutions H. Res. 1112 and H. Res. 1117,On Agreeing to the Resolution,,Congress
118,House,827,4/10/24,2,109,385,31,0.312,-0.95,0.309,-0.979,-38.615,HR3250,Passed,National Museum of Play Recognition Act,On Motion to Suspend the Rules and Pass,,"Arts, Culture, Religion"
118,House,828,4/11/24,2,110,401,15,0.932,0.362,1.168,-1.251,-32.595,S382,Passed,Puyallup Tribe of Indians Land Into Trust Confirmation Act,On Motion to Suspend the Rules and Pass,,Native Americans
118,House,829,4/11/24,2,111,332,82,0.536,-0.844,0.356,-0.071,-84.191,HR2560,Passed,Sea Turtle Rescue Assistance and Rehabilitation Act,"On Motion to Suspend the Rules and Pass, as Amended",,Animals
118,House,830,4/12/24,2,112,208,202,0.022,0.132,-0.715,0.083,-0.323,HRES1137,Passed,Providing for consideration of the bills H.R. 7888 and H.R. 529; and providing for consideration of the resolutions H. Res. 1112 and H. Res. 1117,On Ordering the Previous Question,,Congress
118,House,831,4/12/24,2,113,213,208,0.022,0.132,-0.715,0.079,-0.328,HRES1137,Passed,Providing for consideration of the bills H.R. 7888 and H.R. 529; and providing for consideration of the resolutions H. Res. 1112 and H. Res. 1117,On Agreeing to the Resolution,,Congress
118,House,832,4/12/24,2,114,212,212,0.078,0.028,-0.063,0.943,-199.958,HR7888,Failed,,On Agreeing to the Amendment,,Armed Forces and National Security
118,House,833,4/12/24,2,115,269,153,0.127,0.236,-0.063,0.636,-209.978,HR7888,Agreed to,,On Agreeing to the Amendment,,Armed Forces and National Security
118,House,834,4/12/24,2,116,268,152,0.183,-0.095,0.045,-1.114,-172.672,HR7888,Agreed to,,On Agreeing to the Amendment,,Armed Forces and National Security
118,House,835,4/12/24,2,117,227,193,-0.115,-0.019,-0.014,-0.842,-203.964,HR7888,Agreed to,,On Agreeing to the Amendment,,Armed Forces and National Security
118,House,836,4/12/24,2,118,236,186,0.151,-0.014,0.057,-1.267,-181.58,HR7888,Agreed to,,On Agreeing to the Amendment,,Armed Forces and National Security
118,House,837,4/12/24,2,119,273,147,0.144,-0.108,0.091,-1.688,-140.036,HR7888,Passed,Reforming Intelligence and Securing America Act,On Passage,,Armed Forces and National Security
118,House,838,4/15/24,2,120,259,128,0.095,-0.138,0.112,-1.687,-121.733,HR7888,Passed,Reforming Intelligence and Securing America Act,Table Motion to Reconsider,,Armed Forces and National Security
118,House,839,4/15/24,2,121,382,11,-0.891,0.455,-0.742,-1.264,-25.783,HR6408,Passed,To amend the Internal Revenue Code of 1986 to terminate the tax-exempt status of terrorist supporting organizations,"On Motion to Suspend the Rules and Pass, as Amended",,Taxation
118,House,840,4/15/24,2,122,383,11,-0.138,-0.876,-0.089,-1.715,-9.16,HR5923,Passed,Iran-China Energy Sanctions Act,"On Motion to Suspend the Rules and Pass, as Amended",,International Affairs
118,House,841,4/15/24,2,123,294,105,-0.087,-0.414,-0.194,-0.759,-84.463,HR5921,Passed,No U.S. Financing for Iran Act,"On Motion to Suspend the Rules and Pass, as Amended",,Foreign Trade and International Finance
118,House,842,4/16/24,2,124,212,208,0.022,0.132,-0.715,0.079,-0.328,HRES1149,Passed,"Providing for consideration of the bill H.R. 6323, H.R. 4691, H.R. 5947, H.R. 6046, and H.R. 4639; and providing for consideration of the resolution H. Res. 1143",On Ordering the Previous Question,,Congress
118,House,843,4/16/24,2,125,214,208,0.022,0.132,-0.715,0.079,-0.328,HRES1149,Passed,"Providing for consideration of the bill H.R. 6323, H.R. 4691, H.R. 5947, H.R. 6046, and H.R. 4639; and providing for consideration of the resolution H. Res. 1143",On Agreeing to the Resolution,,Congress
118,House,844,4/16/24,2,126,419,4,0,0,0,0,0,HR6245,Passed,Holding Iranian Leaders Accountable Act,"On Motion to Suspend the Rules and Pass, as Amended",,International Affairs
118,House,845,4/16/24,2,127,408,13,-0.235,-0.834,-0.149,-1.698,-10.703,HR6015,Passed,Iran Sanctions Accountability Act,"On Motion to Suspend the Rules and Pass, as Amended",,International Affairs
118,House,846,4/16/24,2,128,419,4,0,0,0,0,0,HR5917,Passed,Strengthening Tools to Counter the Use of Human Shields Act,On Motion to Suspend the Rules and Pass,,International Affairs
118,House,847,4/16/24,2,129,410,13,0.182,-0.833,0.002,-1.676,-21.453,HR4681,Passed,Illicit Captagon Trafficking Suppression Act,"On Motion to Suspend the Rules and Pass, as Amended",,International Affairs
118,House,848,4/16/24,2,130,406,19,0.059,-0.834,-0.116,-1.661,-27.706,HR6603,Passed,No Technology for Terror Act,"On Motion to Suspend the Rules and Pass, as Amended",,International Affairs
118,House,849,4/16/24,2,131,391,34,0.197,-0.763,-0.126,-1.598,-52.577,HR5826,Passed,No Paydays for Hostage-Takers Act,"On Motion to Suspend the Rules and Pass, as Amended",,International Affairs
118,House,850,4/16/24,2,132,407,16,-0.062,-0.819,-0.116,-1.684,-19.798,HR3033,Passed,Solidify Iran Sanctions Act,On Motion to Suspend the Rules and Pass,,International Affairs
118,House,851,4/16/24,2,133,411,14,-0.048,-0.856,-0.106,-1.67,-16.997,HRES288,Passed,"Urging the European Union to expeditiously designate the Islamic Revolutionary Guard Corps as a terrorist organization under Common Position 931, and for other purposes",On Motion to Suspend the Rules and Agree,,International Affairs
118,House,852,4/16/24,2,134,377,44,-0.526,-0.192,-0.618,-1.862,-54.309,HRES883,Passed,"Expressing the sense of the House of Representatives that the slogan, “from the river to the sea, Palestine will be free” is antisemitic and its use must be condemned",On Motion to Suspend the Rules and Agree,,International Affairs
118,House,853,4/17/24,2,135,176,246,0.186,0.134,0.05,-0.959,-202.789,HR4639,Failed,,On Agreeing to the Amendment,,Crime and Law Enforcement
118,House,854,4/17/24,2,136,219,199,0.122,0.05,-0.046,0.95,-202.478,HR4639,Passed,Fourth Amendment Is Not For Sale Act,On Passage,,Crime and Law Enforcement
118,House,855,4/17/24,2,137,285,135,-0.26,-0.129,-0.217,-0.424,-95.606,HR6046,Passed,Standing Against Houthi Aggression Act,On Passage,,International Affairs
118,House,856,4/17/24,2,138,278,141,-0.173,-0.273,-0.204,-0.451,-93.904,HR4691,Passed,Iran Sanctions Relief Review Act,On Passage,,International Affairs
118,House,857,4/17/24,2,139,259,160,-0.231,0.024,-0.241,-0.43,-77.317,HR5947,Passed,"To provide for the rescission of certain waivers and licenses relating to Iran, and for other purposes",On Passage,,International Affairs
118,House,858,4/17/24,2,140,271,147,-0.148,-0.287,-0.204,-0.428,-90.767,HR6323,Passed,Iran Counterterrorism Act,On Passage,,International Affairs
118,House,859,4/18/24,2,141,404,14,-0.859,0.511,-0.666,-1.086,-32.916,HRES1143,Passed,Condemning Iran’s unprecedented drone and missile attack on Israel,On Agreeing to the Resolution,,International Affairs
118,House,860,4/19/24,2,142,316,94,0.495,-0.181,0.089,-1.054,-128.792,HRES1160,Passed,Providing for consideration of the bills (H.R. 8034) Israel Security Supplemental Appropriations Act; (H.R. 8035) Ukraine Security Supplemental Appropriations Act; (H.R. 8036) Indo-Pacific Security Supplemental Appropriations Act; and (H.R. 8038) 21st Century Peace through Strength Act;,On Agreeing to the Resolution,,Congress
118,House,861,4/20/24,2,143,215,199,-0.049,0.138,-0.586,-0.978,-7.807,HR3602,Failed,End the Border Catastrophe Act,"On Motion to Suspend the Rules and Pass, as Amended",,Immigration
118,House,862,4/20/24,2,144,249,167,-0.33,0.403,-0.304,-0.481,-67.777,HR8038,Agreed to,,On Agreeing to the Amendment,,International Affairs
118,House,863,4/20/24,2,145,360,58,0.338,-0.427,0.032,-1.153,-94.289,HR8038,Passed,21st Century Peace through Strength Act,On Passage,,International Affairs
118,House,864,4/20/24,2,146,385,34,0.274,-0.871,0.182,-0.718,-51.685,HR8036,Passed,"Indo-Pacific Security Supplemental Appropriations Act, 2024",On Passage,,Economics and Public Finance
118,House,865,4/20/24,2,147,105,319,0.094,-0.837,-0.265,0.687,-90.807,HR8035,Failed,,On Agreeing to the Amendment,,Economics and Public Finance
118,House,866,4/20/24,2,148,71,351,-0.027,-1,-0.314,1.148,-77.714,HR8035,Failed,,On Agreeing to the Amendment,,Economics and Public Finance
118,House,867,4/20/24,2,149,154,272,0.129,-0.715,-0.266,0.414,-85.079,HR8035,Failed,,On Agreeing to the Amendment,,Economics and Public Finance
118,House,868,4/20/24,2,150,88,336,0.092,-0.803,-0.286,0.902,-81.731,HR8035,Failed,"Ukraine Security Supplemental Appropriations Act, 2024",On Motion to Recommit,,Economics and Public Finance
118,House,869,4/20/24,2,151,311,112,-0.03,-0.881,0.386,-1.175,-86.844,HR8035,Passed,"Ukraine Security Supplemental Appropriations Act, 2024",On Passage,,Economics and Public Finance
118,House,870,4/20/24,2,152,366,58,1,-0.014,0.269,-1.438,-106.566,HR8034,Passed,"Israel Security Supplemental Appropriations Act, 2024",On Passage,,Economics and Public Finance
118,House,871,4/29/24,2,153,341,48,0.325,-0.946,0.297,-0.646,-55.074,HR4866,Passed,Fire Weather Development Act,"On Motion to Suspend the Rules and Pass, as Amended",,"Science, Technology, Communications"
118,House,872,4/29/24,2,154,354,36,0.338,-0.751,0.424,-1.42,-36.958,HR4755,Passed,Privacy Enhancing Technology Research Act,"On Motion to Suspend the Rules and Pass, as Amended",,"Science, Technology, Communications"
118,House,873,4/30/24,2,155,402,6,0,0,0,0,0,HR529,Passed,Extending Limits of U.S. Customs Waters Act,On Passage,,Foreign Trade and International Finance
118,House,874,4/30/24,2,156,364,44,0.566,-0.333,0.246,-0.764,-49.795,HR4824,Passed,Carbon Sequestration Collaboration Act,"On Motion to Suspend the Rules and Pass, as Amended",,Environmental Protection
118,House,875,4/30/24,2,157,333,75,0.31,-0.951,0.307,-0.507,-75.789,HR4877,Passed,Abandoned Well Remediation Research and Development Act,"On Motion to Suspend the Rules and Pass, as Amended",,Armed Forces and National Security
118,House,876,4/30/24,2,158,394,19,0.401,-0.916,0.178,-0.684,-37.874,HR6093,Passed,Weather Act Reauthorization Act,"On Motion to Suspend the Rules and Pass, as Amended",,"Science, Technology, Communications"
118,House,877,4/30/24,2,159,403,10,0,0,0,0,0,HR3738,Passed,Veterans Economic Opportunity and Transition Administration Act,"On Motion to Suspend the Rules and Pass, as Amended",,Armed Forces and National Security
118,House,878,4/30/24,2,160,413,0,0,0,0,0,0,HR4016,Passed,Veteran Fraud Reimbursement Act,On Motion to Suspend the Rules and Pass,,X
118,House,879,4/30/24,2,161,406,6,0,0,0,0,0,HR1767,Passed,Student Veteran Benefit Restoration Act,"On Motion to Suspend the Rules and Pass, as Amended",,Armed Forces and National Security
118,House,880,4/30/24,2,162,209,205,0.022,0.132,-0.715,0.079,-0.327,HRES1173,Passed,"Providing for consideration of the bills H.R. 615, H.R. 2925, H.R. 3195, H.R. 764, H.R. 3397, H.R. 6285, and H.R. 6090",On Ordering the Previous Question,,Congress
118,House,881,4/30/24,2,163,209,205,0.022,0.132,-0.715,0.079,-0.327,HRES1173,Passed,"Providing for consideration of the bills H.R. 615, H.R. 2925, H.R. 3195, H.R. 764, H.R. 3397, H.R. 6285, and H.R. 6090",On Agreeing to the Resolution,,Congress
118,House,882,4/30/24,2,164,204,210,0.022,0.131,0.715,-0.079,-0.326,HR3397,Failed,WEST Act,On Motion to Recommit,,Public Lands and Natural Resources
118,House,883,4/30/24,2,165,212,202,-0.063,0.334,-0.605,-0.966,-7.125,HR3397,Passed,WEST Act,On Passage,,Public Lands and Natural Resources
118,House,884,4/30/24,2,166,204,211,0.117,0.993,0.664,-0.415,-6.104,HR615,Failed,Protecting Access for Hunters and Anglers Act,On Motion to Recommit,,Public Lands and Natural Resources
118,House,885,4/30/24,2,167,214,201,-0.18,0.699,-0.305,-0.427,-28.469,HR615,Passed,Protecting Access for Hunters and Anglers Act,On Passage,,Public Lands and Natural Resources
118,House,886,4/30/24,2,168,205,210,0.022,0.131,0.715,-0.079,-0.327,HR764,Failed,Trust the Science Act,On Motion to Recommit,,Animals
118,House,887,4/30/24,2,169,209,205,-0.01,0.272,-0.538,-1.348,-19.367,HR764,Passed,Trust the Science Act,On Passage,,Animals
118,House,888,4/30/24,2,170,205,210,0.022,0.131,0.715,-0.079,-0.327,HR3195,Failed,Superior National Forest Restoration Act,On Motion to Recommit,,Public Lands and Natural Resources
118,House,889,4/30/24,2,171,212,203,-0.073,0.29,-0.702,-0.324,-2.902,HR3195,Passed,Superior National Forest Restoration Act,On Passage,,Public Lands and Natural Resources
118,House,890,5/1/24,2,172,320,91,-0.751,0.66,-0.311,-0.688,-129.824,HR6090,Passed,Antisemitism Awareness Act,On Passage,,"Civil Rights and Liberties, Minority Issues"
118,House,891,5/1/24,2,173,201,211,0.022,0.132,0.715,-0.079,-0.327,HR6285,Failed,Alaska’s Right to Produce Act,On Motion to Recommit,,Energy
118,House,892,5/1/24,2,174,214,199,0.07,-0.084,-0.548,-1.133,-11.875,HR6285,Passed,Alaska’s Right to Produce Act,On Passage,,Energy
118,House,893,5/1/24,2,175,210,204,-0.217,0.976,0.551,1.002,-21.461,HR2925,Passed,Mining Regulatory Clarity Act,On Motion to Recommit,,Energy
118,House,894,5/1/24,2,176,223,191,-0.087,0.056,-0.549,-1.1,-22.036,HRES1112,Passed,Denouncing the Biden administration’s immigration policies,On Agreeing to the Resolution,,Immigration
118,House,895,5/6/24,2,177,377,4,0,0,0,0,0,HR7219,Passed,Information Quality Assurance Act,"On Motion to Suspend the Rules and Pass, as Amended",,Government Operations and Politics
118,House,896,5/6/24,2,178,352,27,0.476,-0.644,0.44,-1.485,-27.627,HR7525,Passed,Special District Grant Accessibility Act,On Motion to Suspend the Rules and Pass,,Government Operations and Politics
118,House,897,5/7/24,2,179,371,28,0.795,-0.041,0.849,-1.929,-41.481,HR3354,Passed,"To designate the facility of the United States Postal Service located at 220 North Hatcher Avenue in Purcellville, Virginia, as the “Secretary of State Madeleine Albright Post Office Building”",On Motion to Suspend the Rules and Pass,,Government Operations and Politics
118,House,898,5/7/24,2,180,204,200,0.021,0.13,-0.715,0.078,-0.327,HRES1194,Passed,Providing for consideration of the bills (H.R. 6192) Hands Off Our Home Appliances Act; (H.R. 7109) Equal Representation Act; (H.R. 2925) Mining Regulatory Clarity Act; and the joint resolution (H.J Res. 109) providing for congressional disapproval of the rule relating to “Staff Accounting Bulletin No. 121”,On Ordering the Previous Question,,Congress
118,House,899,5/7/24,2,181,205,199,0.021,0.13,-0.715,0.078,-0.327,HRES1194,Passed,Providing for consideration of the bills (H.R. 6192) Hands Off Our Home Appliances Act; (H.R. 7109) Equal Representation Act; (H.R. 2925) Mining Regulatory Clarity Act; and the joint resolution (H.J Res. 109) providing for congressional disapproval of the rule relating to “Staff Accounting Bulletin No. 121”,On Agreeing to the Resolution,,Congress
118,House,900,5/7/24,2,182,208,199,0.007,0.049,-0.568,-1.044,-7.938,HR6192,Agreed to,,On Agreeing to the Amendment,,Energy
118,House,901,5/7/24,2,183,202,206,0.022,0.131,0.715,-0.079,-0.327,HR6192,Failed,Hands Off Our Home Appliances Act,On Motion to Recommit,,Energy
118,House,902,5/7/24,2,184,212,195,0.126,-0.434,-0.51,-0.907,-14.717,HR6192,Passed,Hands Off Our Home Appliances Act,On Passage,,Energy
118,House,903,5/7/24,2,185,214,191,-0.127,0.371,-0.325,-0.127,-28.394,HJRES98,Failed,"Providing for congressional disapproval under chapter 8 of title 5, United States Code, of the rule submitted by the National Labor Relations Board relating to “Standard for Determining Joint Employer Status”","Passage, Objections of the President To The Contrary Notwithstanding",,Labor and Employment
118,House,904,5/7/24,2,186,401,0,0,0,0,0,0,HR7423,Passed,"To designate the facility of the United States Postal Service located at 103 Benedette Street in Rayville, Louisiana, as the “Luke Letlow Post Office Building”",On Motion to Suspend the Rules and Pass,,X
118,House,905,5/8/24,2,187,385,24,-0.192,-0.981,0.003,-0.587,-74.585,HR8289,Passed,"Airport and Airway Extension Act of 2024, Part II",On Motion to Suspend the Rules and Pass,,Transportation and Public Works
118,House,906,5/8/24,2,188,359,43,0.395,-0.578,-0.004,-1.052,-83.449,HRES1209,Passed,Declaring the office of Speaker of the House of Representatives to be vacant,On Motion to Table,,Congress
118,House,907,5/8/24,2,189,228,182,0.043,-0.618,-0.269,-0.362,-51.438,HJRES109,Passed,"Providing for congressional disapproval under chapter 8 of title 5, United States Code, of the rule submitted by the Securities and Exchange Commission relating to “Staff Accounting Bulletin No. 121”",On Passage,,Social Welfare
118,House,908,5/8/24,2,190,203,208,0.022,0.132,0.715,-0.079,-0.327,HR2925,Failed,Mining Regulatory Clarity Act,On Motion to Recommit,,Energy
118,House,909,5/8/24,2,191,216,195,-0.166,0.449,-0.36,-0.524,-21.997,HR2925,Passed,Mining Regulatory Clarity Act,On Passage,,Energy
118,House,910,5/8/24,2,192,203,207,0.022,0.132,0.715,-0.079,-0.327,HR7109,Failed,Equal Representation Act,On Motion to Recommit,,Government Operations and Politics
118,House,911,5/8/24,2,193,206,202,0.022,0.132,-0.715,0.079,-0.327,HR7109,Passed,Equal Representation Act,On Passage,,Government Operations and Politics
118,House,912,5/8/24,2,194,393,13,-0.987,-0.162,-0.641,-1.951,-37.744,S870,Passed,Fire Grants and Safety Act,"On Motion to Suspend the Rules and Pass, as Amended",,Energy
118,House,913,5/8/24,2,195,358,41,0.011,-1,0.231,-1.105,-58.489,HR4143,Passed,National Construction Safety Team Enhancement Act,"On Motion to Suspend the Rules and Pass, as Amended",,"Science, Technology, Communications"
118,House,914,5/14/24,2,196,370,18,-0.23,-0.878,0.051,-1.721,-34.994,S546,Passed,Recruit and Retain Act,On Motion to Suspend the Rules and Pass,,Crime and Law Enforcement
118,House,915,5/14/24,2,197,376,16,0.782,-0.346,0.399,-1.465,-25.062,HR7659,Passed,Coast Guard Authorization Act,"On Motion to Suspend the Rules and Pass, as Amended",,Transportation and Public Works
118,House,916,5/15/24,2,198,212,201,0.022,0.132,-0.715,0.079,-0.327,HRES1227,Passed,"Providing for consideration of the bills H.R. 8369, H.R. 7530, H.R. 7343, H.R. 8146, H.R. 7581, and H.R. 354; and providing for consideration of the resolutions H. Res. 1213 and H. Res. 1210",On Ordering the Previous Question,,Congress
118,House,917,5/15/24,2,199,212,200,0.178,-0.753,-0.651,-0.627,-5.25,HRES1227,Passed,"Providing for consideration of the bills H.R. 8369, H.R. 7530, H.R. 7343, H.R. 8146, H.R. 7581, and H.R. 354; and providing for consideration of the resolutions H. Res. 1213 and H. Res. 1210",On Agreeing to the Resolution,,Congress
118,House,918,5/15/24,2,200,387,26,0.727,-0.433,0.163,-0.722,-63.848,HR3935,Passed,Securing Growth and Robust Leadership in American Aviation Act,On Motion to Suspend the Rules and Concur in the Senate Amendment,,Transportation and Public Works
118,House,919,5/15/24,2,201,225,181,0.161,-0.507,-0.501,-1.227,-33.284,HR7530,Passed,DC CRIMES Act,On Passage,,Crime and Law Enforcement
118,House,920,5/15/24,2,202,223,185,-0.275,0.58,-0.655,-1.006,-25.871,HRES1210,Passed,Condemning the Biden border crisis and the tremendous burdens law enforcement officers face as a result,On Agreeing to the Resolution,,Crime and Law Enforcement
118,House,921,5/15/24,2,203,356,55,0.038,-0.999,-0.291,-1.111,-69.525,HR7581,Passed,Improving Law Enforcement Officer Safety and Wellness Through Data Act,On Passage,,Crime and Law Enforcement
118,House,922,5/15/24,2,204,265,148,-0.277,0.038,-0.405,-0.662,-58.337,HR7343,Passed,Detain and Deport Illegal Aliens Who Assault Cops Act,On Passage,,Immigration
118,House,923,5/15/24,2,205,374,36,0.701,-0.22,0.227,-0.861,-57.121,HR4510,Passed,NTIA Reauthorization Act,"On Motion to Suspend the Rules and Pass, as Amended",,"Science, Technology, Communications"
118,House,924,5/15/24,2,206,376,33,0.226,-0.915,0.38,-1.493,-38.241,HR4310,Passed,Youth Poisoning Protection Act,On Motion to Suspend the Rules and Pass,,Commerce
118,House,925,5/15/24,2,207,408,3,0,0,0,0,0,HR4581,Passed,Maternal and Child Health Stillbirth Prevention Act,"On Motion to Suspend the Rules and Pass, as Amended",,Health
118,House,926,5/15/24,2,208,399,13,0.61,-0.792,0.784,-1.911,-23.256,HR6960,Passed,Emergency Medical Services for Children Reauthorization Act,On Motion to Suspend the Rules and Pass,,Health
118,House,927,5/15/24,2,209,378,34,0.349,-0.672,0.349,-1.492,-34.135,HR1797,Passed,Setting Consumer Standards for Lithium-Ion Batteries Act,"On Motion to Suspend the Rules and Pass, as Amended",,Commerce
118,House,928,5/15/24,2,210,334,79,0.82,-0.17,0.14,-1.581,-112.686,HR6572,Passed,Deploying American Blockchains Act,"On Motion to Suspend the Rules and Pass, as Amended",,Commerce
118,House,929,5/15/24,2,211,390,19,0.742,-0.344,0.305,-0.932,-28.997,HR6571,Passed,Promoting Resilient Supply Chains Act,"On Motion to Suspend the Rules and Pass, as Amended",,Commerce
118,House,930,5/15/24,2,212,388,24,0.621,-0.472,0.483,-1.273,-20.859,HR3950,Passed,TICKET Act,"On Motion to Suspend the Rules and Pass, as Amended",,Commerce
118,House,931,5/16/24,2,213,221,185,0.255,-0.59,-0.477,-1.228,-33.689,HR354,Passed,LEOSA Reform Act,On Passage,,Crime and Law Enforcement
118,House,932,5/16/24,2,214,197,213,-0.116,0.226,0.648,0.716,-12.229,HR8146,Failed,,On Agreeing to the Amendment,,Crime and Law Enforcement
118,House,933,5/16/24,2,215,254,157,-0.218,-0.02,-0.335,-0.623,-57.437,HR8146,Passed,Police Our Border Act,On Passage,,Crime and Law Enforcement
118,House,934,5/16/24,2,216,202,210,0.022,0.131,0.715,-0.08,-0.325,HR8369,Failed,Israel Security Assistance Support Act,On Motion to Recommit,,International Affairs
118,House,935,5/16/24,2,217,224,187,-0.296,0.955,-0.319,-0.352,-50.792,HR8369,Passed,Israel Security Assistance Support Act,On Passage,,International Affairs
118,House,936,5/17/24,2,218,337,61,-0.098,-0.995,-0.361,-0.923,-67.817,HRES1213,Passed,A resolution regarding violence against law enforcement officers,On Agreeing to the Resolution,,Crime and Law Enforcement
118,House,937,5/21/24,2,219,382,7,0,0,0,0,0,HR5863,Passed,Federal Disaster Tax Relief Act,"On Motion to Suspend the Rules and Pass, as Amended",,Taxation
118,House,938,5/21/24,2,220,392,2,0,0,0,0,0,HR3019,Passed,Federal Prison Oversight Act,"On Motion to Suspend the Rules and Pass, as Amended",,Government Operations and Politics
118,House,939,5/22/24,2,221,205,203,0.025,0.161,-0.716,0.051,-0.309,HRES1243,Passed,Providing for consideration of the bills (H.R. 4763) Financial Innovation and Technology for the 21st Century Act; (H.R. 5403) CBDC Anti-Surveillance State Act; and (H.R. 192) to prohibit individuals who are not citizens of the United States from voting in elections in the District of Columbia,On Ordering the Previous Question,,Congress
118,House,940,5/22/24,2,222,204,203,0.022,0.131,-0.715,0.079,-0.327,HRES1243,Passed,Providing for consideration of the bills (H.R. 4763) Financial Innovation and Technology for the 21st Century Act; (H.R. 5403) CBDC Anti-Surveillance State Act; and (H.R. 192) to prohibit individuals who are not citizens of the United States from voting in elections in the District of Columbia,On Agreeing to the Resolution,,Congress
118,House,941,5/22/24,2,223,204,209,0.021,0.129,0.715,-0.077,-0.325,HR4763,Failed,,On Agreeing to the Amendment,,Finance and Financial Sector
118,House,942,5/22/24,2,224,411,0,0,0,0,0,0,HR4763,Agreed to,,On Agreeing to the Amendment,,X
118,House,943,5/22/24,2,225,225,191,-0.084,-0.069,-0.291,-0.298,-34.503,HR4763,Agreed to,,On Agreeing to the Amendment,,Finance and Financial Sector
118,House,944,5/22/24,2,226,279,136,-0.19,-0.354,-0.158,-0.228,-125.367,HR4763,Passed,Financial Innovation and Technology for the 21st Century Act,On Passage,,Finance and Financial Sector
118,House,945,5/23/24,2,227,204,176,-0.097,0.317,-0.696,-0.383,-3.867,HR5403,Agreed to,,On Agreeing to the Amendment,,Finance and Financial Sector
118,House,946,5/23/24,2,228,206,193,0.019,0.245,-0.347,-0.442,-11.3,HR5403,Agreed to,,On Agreeing to the Amendment,,Finance and Financial Sector
118,House,947,5/23/24,2,229,212,195,-0.077,0.323,-0.694,-0.427,-3.826,HR5403,Agreed to,,On Agreeing to the Amendment,,Finance and Financial Sector
118,House,948,5/23/24,2,230,216,192,-0.096,0.315,-0.695,-0.392,-3.901,HR5403,Passed,CBDC Anti-Surveillance State Act,On Passage,,Finance and Financial Sector
118,House,949,5/23/24,2,231,195,212,0.022,0.136,0.715,-0.084,-0.326,HR192,Failed,To prohibit individuals who are not citizens of the United States from voting in elections in the District of Columbia,On Motion to Recommit,,Government Operations and Politics
118,House,950,5/23/24,2,232,262,143,-0.375,0.393,-0.853,-1.498,-61.442,HR192,Passed,To prohibit individuals who are not citizens of the United States from voting in elections in the District of Columbia,On Passage,,Government Operations and Politics
118,House,951,6/3/24,2,233,371,0,0,0,0,0,0,HRES1215,Passed,Calling on elected officials and civil society leaders to join in efforts to educate the public on the contributions of the Jewish American community,"On Motion to Suspend the Rules and Agree, as Amended",,X
118,House,952,6/3/24,2,234,369,2,0,0,0,0,0,HR6983,Passed,"To designate the facility of the United States Postal Service located at 15 South Valdosta Road in Lakeland, Georgia, as the “Nell Patten Roquemore Post Office”",On Motion to Suspend the Rules and Pass,,Government Operations and Politics
118,House,953,6/4/24,2,235,205,193,0.02,0.135,-0.715,0.081,-0.308,HRES1269,Passed,"Providing for consideration of the bill (H.R. 8580) making appropriations for military construction, the Department of Veterans Affairs, and related agencies for the fiscal year ending September 30, 2025, and providing for consideration of the bill (H.R. 8282) Illegitimate Court Counteraction Act",On Ordering the Previous Question,,Congress
118,House,954,6/4/24,2,236,208,195,0.022,0.143,-0.715,0.093,-0.324,HRES1269,Passed,"Providing for consideration of the bill (H.R. 8580) making appropriations for military construction, the Department of Veterans Affairs, and related agencies for the fiscal year ending September 30, 2025, and providing for consideration of the bill (H.R. 8282) Illegitimate Court Counteraction Act",On Agreeing to the Resolution,,Congress
118,House,955,6/4/24,2,237,207,195,0.01,-1,-0.408,-0.099,-17.844,HR8580,Agreed to,,On Agreeing to the Amendment,,Armed Forces and National Security
118,House,956,6/4/24,2,238,211,193,0.19,-0.389,-0.53,-1.147,-17.324,HR8580,Agreed to,,On Agreeing to the Amendment,,Armed Forces and National Security
118,House,957,6/4/24,2,239,46,354,0.122,-0.79,-0.295,1.342,-49.043,HR8580,Failed,,On Agreeing to the Amendment,,Armed Forces and National Security
118,House,958,6/4/24,2,240,290,116,0.625,-0.254,0.202,0.481,-146.923,HR8580,Agreed to,,On Agreeing to the Amendment,,Armed Forces and National Security
118,House,959,6/4/24,2,241,206,200,0.036,0.143,-0.639,-0.868,-4.816,HR8580,Agreed to,,On Agreeing to the Amendment,,Armed Forces and National Security
118,House,960,6/4/24,2,242,247,155,0.099,-0.995,-0.333,-0.564,-71.602,HR8282,Passed,Illegitimate Court Counteraction Act,On Passage,,Armed Forces and National Security
118,House,961,6/5/24,2,243,333,70,0.47,-0.882,-0.068,-0.643,-126.637,HR8580,Agreed to,,On Agreeing to the Amendment,,Armed Forces and National Security
118,House,962,6/5/24,2,244,392,11,-0.257,-0.967,-0.063,-0.641,-45.463,HR8580,Agreed to,,On Agreeing to the Amendment,,Armed Forces and National Security
118,House,963,6/5/24,2,245,237,169,-0.224,0.224,-0.242,-0.513,-62.662,HR8580,Agreed to,,On Agreeing to the Amendment,,Armed Forces and National Security
118,House,964,6/5/24,2,246,199,207,0.022,0.142,0.715,-0.092,-0.324,HR8580,Failed,"Military Construction, Veterans Affairs, and Related Agencies Appropriations Act, 2025",On Motion to Recommit,,Armed Forces and National Security
118,House,965,6/5/24,2,247,209,197,-0.254,0.861,-0.556,-0.969,-16.988,HR8580,Passed,"Military Construction, Veterans Affairs, and Related Agencies Appropriations Act, 2025",On Passage,,Armed Forces and National Security
118,House,966,6/11/24,2,248,384,25,0.478,-0.726,0.251,-0.792,-31.837,HR6543,Passed,No Hidden FEES Act,On Motion to Suspend the Rules and Pass,,Commerce
118,House,967,6/11/24,2,249,351,56,0.407,-0.601,0.258,-0.623,-59.108,HR2964,Passed,WIPPES Act,"On Motion to Suspend the Rules and Pass, as Amended",,Commerce
118,House,968,6/12/24,2,250,210,204,0.025,0.164,-0.716,0.055,-0.308,HRES1287,Passed,Providing for consideration of the bill (H.R. 8070) the Servicemember Quality of Life Improvement and National Defense Authorization Act for Fiscal Year 2025; and relating to the consideration of House Report 118-527 and an accompanying resolution; and for other purposes,On Ordering the Previous Question,,Armed Forces and National Security
118,House,969,6/12/24,2,251,208,207,0.025,0.162,-0.716,0.056,-0.309,HRES1287,Passed,Providing for consideration of the bill (H.R. 8070) the Servicemember Quality of Life Improvement and National Defense Authorization Act for Fiscal Year 2025; and relating to the consideration of House Report 118-527 and an accompanying resolution; and for other purposes,On Agreeing to the Resolution,,Armed Forces and National Security
118,House,970,6/12/24,2,252,391,26,0.559,-0.52,0.393,-1.474,-24.616,S138,Passed,Promoting a Resolution to the Tibet-China Dispute Act,On Motion to Suspend the Rules and Pass,,International Affairs
118,House,971,6/12/24,2,253,204,199,0.029,0.786,-0.772,-0.484,-4.196,HR8070,Agreed to,,On Agreeing to the Amendment,,Armed Forces and National Security
118,House,972,6/12/24,2,254,173,241,0.31,0.425,-0.268,-0.002,-66.323,HR8070,Failed,,On Agreeing to the Amendment,,Armed Forces and National Security
118,House,973,6/12/24,2,255,196,231,0.226,0.197,-0.27,-0.366,-52.944,HR8070,Failed,,On Agreeing to the Amendment,,Armed Forces and National Security
118,House,974,6/12/24,2,256,215,210,0.203,-0.852,-0.806,-0.579,-7.539,HR8070,Agreed to,,On Agreeing to the Amendment,,Armed Forces and National Security
118,House,975,6/12/24,2,257,201,217,-0.095,0.861,-0.202,-0.286,-77.074,HR8070,Failed,,On Agreeing to the Amendment,,Armed Forces and National Security
118,House,976,6/12/24,2,258,238,187,-0.418,0.908,-0.587,-1.036,-43.35,HR8070,Agreed to,,On Agreeing to the Amendment,,Armed Forces and National Security
118,House,977,6/12/24,2,259,81,346,-0.125,-0.93,-0.356,1.538,-88.707,HR8070,Failed,,On Agreeing to the Amendment,,Armed Forces and National Security
118,House,978,6/12/24,2,260,216,207,-0.004,-0.551,-0.719,0.428,-4.568,HRES1292,Passed,Resolution Recommending that the House of Representatives find United States Attorney General Merrick B. Garland in Contempt of Congress for Refusal to Comply with a Subpoena Duly Issued by the Committee on the Judiciary,On Agreeing to the Resolution,,Congress
118,House,979,6/13/24,2,261,74,343,-0.006,-0.82,-0.354,1.482,-72.745,HR8070,Failed,,On Agreeing to the Amendment,,Armed Forces and National Security
118,House,980,6/13/24,2,262,213,206,0.077,-0.997,-0.45,-0.082,-10.78,HR8070,Agreed to,,On Agreeing to the Amendment,,Armed Forces and National Security
118,House,981,6/13/24,2,263,214,207,0.073,0.153,-0.462,-0.837,-9.661,HR8070,Agreed to,,On Agreeing to the Amendment,,Armed Forces and National Security
118,House,982,6/13/24,2,264,134,286,0.123,-0.176,-0.016,0.743,-193.073,HR8070,Failed,,On Agreeing to the Amendment,,Armed Forces and National Security
118,House,983,6/13/24,2,265,216,206,0.132,-0.751,-0.426,-0.197,-9.779,HR8070,Agreed to,,On Agreeing to the Amendment,,Armed Forces and National Security
118,House,984,6/13/24,2,266,212,212,0.187,0.338,-0.563,0.171,-14.098,HR8070,Failed,,On Agreeing to the Amendment,,Armed Forces and National Security
118,House,985,6/13/24,2,267,211,208,0.165,0.093,-0.477,0.029,-12.98,HR8070,Agreed to,,On Agreeing to the Amendment,,Armed Forces and National Security
118,House,986,6/13/24,2,268,214,210,0.158,0.26,-0.709,0.199,-7.77,HR8070,Agreed to,,On Agreeing to the Amendment,,Armed Forces and National Security
118,House,987,6/13/24,2,269,192,230,0.217,-0.178,-0.27,0.139,-51.329,HR8070,Failed,,On Agreeing to the Amendment,,Armed Forces and National Security
118,House,988,6/13/24,2,270,218,206,0.021,0.141,-0.715,0.073,-0.334,HR8070,Agreed to,,On Agreeing to the Amendment,,Armed Forces and National Security
118,House,989,6/13/24,2,271,221,202,0.068,-0.069,-0.567,-1.05,-7.638,HR8070,Agreed to,,On Agreeing to the Amendment,,Armed Forces and National Security
118,House,990,6/13/24,2,272,215,206,0.078,0.165,-0.681,-0.527,-1.694,HR8070,Agreed to,,On Agreeing to the Amendment,,Armed Forces and National Security
118,House,991,6/13/24,2,273,217,206,0.09,0.185,-0.72,0.209,-3.356,HR8070,Agreed to,,On Agreeing to the Amendment,,Armed Forces and National Security
118,House,992,6/13/24,2,274,205,216,0.195,0.026,-0.356,0.061,-26.92,HR8070,Failed,,On Agreeing to the Amendment,,Armed Forces and National Security
118,House,993,6/13/24,2,275,218,205,-0.058,-0.998,-0.419,0.145,-12.771,HR8070,Agreed to,,On Agreeing to the Amendment,,Armed Forces and National Security
118,House,994,6/14/24,2,276,188,228,0.297,0.104,-0.656,-0.669,-30.61,HR8070,Failed,,On Agreeing to the Amendment,,Armed Forces and National Security
118,House,995,6/14/24,2,277,272,144,-0.461,0.794,-0.456,-0.579,-74.612,HR8070,Agreed to,,On Agreeing to the Amendment,,Armed Forces and National Security
118,House,996,6/14/24,2,278,202,214,0.021,0.134,0.715,-0.08,-0.327,HR8070,Failed,Servicemember Quality of Life Improvement and National Defense Authorization Act for Fiscal Year 2025,On Motion to Recommit,,Armed Forces and National Security
118,House,997,6/14/24,2,279,217,199,-0.237,0.669,-0.529,-1.144,-17.72,HR8070,Passed,Servicemember Quality of Life Improvement and National Defense Authorization Act for Fiscal Year 2025,On Passage,,Armed Forces and National Security
118,House,998,6/25/24,2,280,368,7,0,0,0,0,0,HRES901,Passed,Expressing support for democracy and human rights in Pakistan,"On Motion to Suspend the Rules and Agree, as Amended",,International Affairs
118,House,999,6/25/24,2,281,375,8,0,0,0,0,0,HR7152,Passed,Korean American Divided Families National Registry Act,"On Motion to Suspend the Rules and Pass, as Amended",,International Affairs
118,House,1000,6/25/24,2,282,368,19,0.192,-0.698,0.13,-1.698,-23.114,HR2789,Passed,American Cooperation with Our Neighbors Act,"On Motion to Suspend the Rules and Pass, as Amended",,International Affairs
118,House,1001,6/26/24,2,283,188,152,0.014,0.176,-0.714,0.126,-0.242,HRES1316,Passed,"Providing for consideration of (H.R. 8774) Department of Defense Appropriations Act, 2025; consideration of (H.R. 8771) Department of State, Foreign Operations, and Related Programs Appropriations Act, 2025; consideration of (H.R. 8752) Department of Homeland Security Appropriations Act, 2025; and for other purposes",On Ordering the Previous Question,,Congress
118,House,1002,6/26/24,2,284,207,201,0.023,0.162,-0.714,0.107,-0.319,HRES1316,Passed,"Providing for consideration of (H.R. 8774) Department of Defense Appropriations Act, 2025; consideration of (H.R. 8771) Department of State, Foreign Operations, and Related Programs Appropriations Act, 2025; consideration of (H.R. 8752) Department of Homeland Security Appropriations Act, 2025; and for other purposes","On Agreeing to the Resolution, as Amended",,Congress
118,House,1003,6/26/24,2,285,193,173,0.035,-0.068,-0.682,0.57,-3.374,HR8752,Agreed to,,On Agreeing to the Amendment,,Economics and Public Finance
118,House,1004,6/26/24,2,286,94,302,-0.047,-0.952,-0.404,1.243,-81.2,HR8752,Failed,,On Agreeing to the Amendment,,Economics and Public Finance
118,House,1005,6/26/24,2,287,200,208,0.025,-0.926,-0.429,0.2,-18.639,HR8752,Failed,,On Agreeing to the Amendment,,Economics and Public Finance
118,House,1006,6/26/24,2,288,193,218,0.167,0.986,-0.704,-0.314,-25.972,HR8752,Failed,,On Agreeing to the Amendment,,Economics and Public Finance
118,House,1007,6/26/24,2,289,207,206,0.077,0.167,-0.681,-0.526,-1.699,HR8752,Agreed to,,On Agreeing to the Amendment,,Economics and Public Finance
118,House,1008,6/26/24,2,290,206,208,0.109,0.401,-0.349,-0.008,-12.681,HR8752,Failed,,On Agreeing to the Amendment,,Economics and Public Finance
118,House,1009,6/26/24,2,291,204,203,-0.016,1,-0.464,-0.26,-7.008,HR8752,Agreed to,,On Agreeing to the Amendment,,Economics and Public Finance
118,House,1010,6/26/24,2,292,189,222,0.22,-0.976,-0.278,-0.029,-52.011,HR8752,Failed,,On Agreeing to the Amendment,,Economics and Public Finance
118,House,1011,6/26/24,2,293,193,216,0.269,0.796,-0.726,0.217,-25.223,HR8752,Failed,,On Agreeing to the Amendment,,Economics and Public Finance
118,House,1012,6/26/24,2,294,235,176,0.033,-0.331,-0.321,-0.791,-45.313,HR8752,Agreed to,,On Agreeing to the Amendment,,Economics and Public Finance
118,House,1013,6/26/24,2,295,190,222,0.296,0.955,-0.725,0.211,-29.396,HR8752,Failed,,On Agreeing to the Amendment,,Economics and Public Finance
118,House,1014,6/26/24,2,296,191,222,0.296,0.94,-0.712,0.233,-27.709,HR8752,Failed,,On Agreeing to the Amendment,,Economics and Public Finance
118,House,1015,6/27/24,2,297,164,246,0.416,0.487,-0.314,0.457,-61.212,HR8771,Failed,,On Agreeing to the Amendment,,Economics and Public Finance
118,House,1016,6/27/24,2,298,180,227,0.354,0.712,-0.333,0.303,-47.714,HR8771,Failed,,On Agreeing to the Amendment,,Economics and Public Finance
118,House,1017,6/27/24,2,299,164,244,0.241,-0.098,-0.238,0.355,-69.435,HR8771,Failed,,On Agreeing to the Amendment,,Economics and Public Finance
118,House,1018,6/27/24,2,300,166,244,0.222,-0.194,-0.352,0.553,-48.483,HR8771,Failed,,On Agreeing to the Amendment,,Economics and Public Finance
118,House,1019,6/27/24,2,301,210,204,-0.015,0.498,-0.316,-0.256,-13.76,HR8771,Agreed to,,On Agreeing to the Amendment,,Economics and Public Finance
118,House,1020,6/27/24,2,302,156,254,0.343,0.113,-0.239,0.282,-79.294,HR8771,Failed,,On Agreeing to the Amendment,,Economics and Public Finance
118,House,1021,6/27/24,2,303,61,350,0.007,-0.829,-0.325,1.475,-70.098,HR8771,Failed,,On Agreeing to the Amendment,,Economics and Public Finance
118,House,1022,6/27/24,2,304,76,334,-0.009,-0.934,-0.333,1.169,-79.416,HR8771,Failed,,On Agreeing to the Amendment,,Economics and Public Finance
118,House,1023,6/27/24,2,305,109,303,-0.123,-0.992,-0.444,1.401,-93.537,HR8771,Failed,,On Agreeing to the Amendment,,Economics and Public Finance
118,House,1024,6/27/24,2,306,133,277,0.15,-0.631,-0.272,0.544,-83.638,HR8771,Failed,,On Agreeing to the Amendment,,Economics and Public Finance
118,House,1025,6/27/24,2,307,70,342,0.037,-0.781,-0.413,1.71,-72.868,HR8771,Failed,,On Agreeing to the Amendment,,Economics and Public Finance
118,House,1026,6/27/24,2,308,81,331,0.169,-0.627,-0.561,1.916,-74.491,HR8771,Failed,,On Agreeing to the Amendment,,Economics and Public Finance
118,House,1027,6/27/24,2,309,175,236,0.085,-0.996,-0.232,0.18,-81.003,HR8771,Failed,,On Agreeing to the Amendment,,Economics and Public Finance
118,House,1028,6/27/24,2,310,187,225,0.258,-0.966,-0.349,-0.031,-47.093,HR8771,Failed,,On Agreeing to the Amendment,,Economics and Public Finance
118,House,1029,6/27/24,2,311,163,249,0.299,-0.954,-0.266,0.039,-81.339,HR8771,Failed,,On Agreeing to the Amendment,,Economics and Public Finance
118,House,1030,6/27/24,2,312,213,199,0.265,-0.964,-0.196,-0.2,-89.089,HR8771,Agreed to,,On Agreeing to the Amendment,,Economics and Public Finance
118,House,1031,6/27/24,2,313,269,144,-0.13,-0.227,-0.175,-0.47,-100.385,HR8771,Agreed to,,On Agreeing to the Amendment,,Economics and Public Finance
118,House,1032,6/27/24,2,314,216,197,0.072,-0.509,-0.243,-0.197,-36.855,HR8771,Agreed to,,On Agreeing to the Amendment,,Economics and Public Finance
118,House,1033,6/27/24,2,315,101,312,0.153,-0.797,-0.315,0.731,-83.002,HR8771,Failed,,On Agreeing to the Amendment,,Economics and Public Finance
118,House,1034,6/27/24,2,316,182,230,0.126,-0.344,-0.247,0.301,-58.049,HR8771,Failed,,On Agreeing to the Amendment,,Economics and Public Finance
118,House,1035,6/27/24,2,317,103,308,0.228,-0.637,-0.157,0.36,-113.738,HR8771,Failed,,On Agreeing to the Amendment,,Economics and Public Finance
118,House,1036,6/27/24,2,318,208,202,0.076,0.174,-0.68,-0.534,-1.688,HR8771,Agreed to,,On Agreeing to the Amendment,,Economics and Public Finance
118,House,1037,6/27/24,2,319,218,188,-0.043,-0.001,-0.549,-1.121,-19.925,HR8771,Agreed to,,On Agreeing to the Amendment,,Economics and Public Finance
118,House,1038,6/27/24,2,320,149,259,0.281,-0.318,-0.264,0.312,-78.79,HR8771,Failed,,On Agreeing to the Amendment,,Economics and Public Finance
118,House,1039,6/27/24,2,321,209,200,0.033,0.873,-0.475,0.158,-7.107,HR8771,Agreed to,,On Agreeing to the Amendment,,Economics and Public Finance
118,House,1040,6/27/24,2,322,257,154,-0.179,-0.258,-0.284,-0.386,-73.982,HR8771,Agreed to,,On Agreeing to the Amendment,,Economics and Public Finance
118,House,1041,6/27/24,2,323,103,308,-0.035,-0.83,-0.411,1.373,-82.111,HR8774,Failed,,On Agreeing to the Amendment,,Armed Forces and National Security
118,House,1042,6/27/24,2,324,76,335,-0.047,-0.855,-0.334,1.381,-80.233,HR8774,Failed,,On Agreeing to the Amendment,,Armed Forces and National Security
118,House,1043,6/27/24,2,325,161,251,-0.67,0.742,0.25,0.75,-152.677,HR8774,Failed,,On Agreeing to the Amendment,,Armed Forces and National Security
118,House,1044,6/27/24,2,326,210,201,0.11,-0.083,-0.608,-0.927,-4.997,HR8774,Agreed to,,On Agreeing to the Amendment,,Armed Forces and National Security
118,House,1045,6/28/24,2,327,201,187,0.08,0.157,-0.682,-0.52,-1.672,HR8774,Agreed to,,On Agreeing to the Amendment,,Armed Forces and National Security
118,House,1046,6/28/24,2,328,211,199,-0.116,0.456,-0.612,-0.943,-8.112,HR8774,Agreed to,,On Agreeing to the Amendment,,Armed Forces and National Security
118,House,1047,6/28/24,2,329,129,284,0.063,-0.212,0.008,0.654,-197.907,HR8774,Failed,,On Agreeing to the Amendment,,Armed Forces and National Security
118,House,1048,6/28/24,2,330,202,211,0.023,0.16,0.714,-0.106,-0.319,HR8774,Failed,"Department of Defense Appropriations Act, 2025",On Motion to Recommit,,Armed Forces and National Security
118,House,1049,6/28/24,2,331,217,198,-0.19,0.591,-0.553,-1.056,-12.052,HR8774,Passed,"Department of Defense Appropriations Act, 2025",On Passage,,Armed Forces and National Security
118,House,1050,6/28/24,2,332,201,213,0.125,0.992,0.405,-0.228,-10.942,HR8752,Failed,"Department of Homeland Security Appropriations Act, 2025",On Motion to Recommit,,Economics and Public Finance
118,House,1051,6/28/24,2,333,212,203,-0.304,0.886,-0.526,-1.13,-27.294,HR8752,Passed,"Department of Homeland Security Appropriations Act, 2025",On Passage,,Economics and Public Finance
118,House,1052,6/28/24,2,334,200,212,0.023,0.16,0.714,-0.106,-0.319,HR8771,Failed,"Making appropriations for the Department of State, foreign operations, and related programs for the fiscal year ending September 30, 2025, and for other purposes",On Motion to Recommit,,Economics and Public Finance
118,House,1053,6/28/24,2,335,212,200,-0.171,0.985,-0.558,-0.642,-7.547,HR8771,Passed,"Making appropriations for the Department of State, foreign operations, and related programs for the fiscal year ending September 30, 2025, and for other purposes",On Passage,,Economics and Public Finance
118,House,1054,7/8/24,2,336,349,19,0.714,-0.359,0.714,-1.77,-24.204,HR897,Passed,Alabama Underwater Forest National Marine Sanctuary and Protection Act,"On Motion to Suspend the Rules and Pass, as Amended",,Environmental Protection
118,House,1055,7/8/24,2,337,333,51,0.488,-0.521,0.294,-0.523,-54.932,HR5441,Passed,Long Island Sound Restoration and Stewardship Reauthorization Act,On Motion to Suspend the Rules and Pass,,Environmental Protection
118,House,1056,7/9/24,2,338,194,186,0.022,0.141,-0.715,0.064,-0.304,HRES1341,Passed,"Providing for consideration of the bills H.R. 8281, Safeguard American Voter Eligibility Act; H.R. 8772, Legislative Branch Appropriations Act, 2025; H.R. 7700, Stop Unaffordable Dishwasher Standards Act; H.R. 7637, Refrigerator Freedom Act; and the joint resolution H.J. Res. 165",On Ordering the Previous Question,,Congress
118,House,1057,7/9/24,2,339,205,201,-0.143,0.99,-0.592,-0.682,-5.94,HRES1341,Passed,"Providing for consideration of the bills H.R. 8281, Safeguard American Voter Eligibility Act; H.R. 8772, Legislative Branch Appropriations Act, 2025; H.R. 7700, Stop Unaffordable Dishwasher Standards Act; H.R. 7637, Refrigerator Freedom Act; and the joint resolution H.J. Res. 165",On Agreeing to the Resolution,,Congress
118,House,1058,7/9/24,2,340,186,188,-0.084,-0.832,0.328,-0.209,-18.319,HR7637,Failed,Refrigerator Freedom Act,On Motion to Recommit,,Energy
118,House,1059,7/9/24,2,341,212,192,-0.049,0.189,-0.289,-0.577,-22.796,HR7637,Passed,Refrigerator Freedom Act,On Passage,,Energy
118,House,1060,7/9/24,2,342,199,207,0.023,0.138,0.715,-0.058,-0.309,HR7700,Failed,Stop Unaffordable Dishwasher Standards Act,On Motion to Recommit,,Energy
118,House,1061,7/9/24,2,343,214,192,0.101,-0.298,-0.514,-1.03,-14.248,HR7700,Passed,Stop Unaffordable Dishwasher Standards Act,On Passage,,Energy
118,House,1062,7/10/24,2,344,184,197,0.022,0.141,0.714,-0.068,-0.3,HR8281,Failed,Safeguard American Voter Eligibility Act,On Motion to Recommit,,Government Operations and Politics
118,House,1063,7/10/24,2,345,221,198,-0.058,0.169,-0.57,-1.033,-7.251,HR8281,Passed,Safeguard American Voter Eligibility Act,On Passage,,Government Operations and Politics
118,House,1064,7/10/24,2,346,207,209,-0.022,1,0.392,0.337,-17.465,HRES1344,Failed,"Finding that Merrick Garland, Attorney General of the United States, is in contempt of the House of Representatives for disobeying a certain subpoena",On Motion to Table,,Congress
118,House,1065,7/10/24,2,347,207,211,-0.026,1,0.379,0.31,-17.981,HRES1344,Failed,"Finding that Merrick Garland, Attorney General of the United States, is in contempt of the House of Representatives for disobeying a certain subpoena",On Motion to Refer,,Congress
118,House,1066,7/11/24,2,348,169,240,0.263,0.049,-0.316,0.631,-56.549,HR8772,Failed,,On Agreeing to the Amendment,,Congress
118,House,1067,7/11/24,2,349,149,262,0.343,-0.135,-0.226,0.135,-86.023,HR8772,Failed,,On Agreeing to the Amendment,,Congress
118,House,1068,7/11/24,2,350,128,289,0.113,-0.719,-0.209,0.448,-102.335,HR8772,Failed,,On Agreeing to the Amendment,,Congress
118,House,1069,7/11/24,2,351,206,211,0.022,0.139,0.715,-0.058,-0.311,HR8772,Failed,"Legislative Branch Appropriations Act, 2025",On Motion to Recommit,,Congress
118,House,1070,7/11/24,2,352,205,213,-0.316,0.949,-0.486,-1.088,-34.958,HR8772,Failed,"Legislative Branch Appropriations Act, 2025",On Passage,,Congress
118,House,1071,7/11/24,2,353,204,210,-0.016,1,-0.374,-0.289,-17.873,HRES1344,Failed,"Finding that Merrick Garland, Attorney General of the United States, is in contempt of the House of Representatives for disobeying a certain subpoena",On Agreeing to the Resolution,,Congress
118,House,1072,7/11/24,2,354,210,205,0.022,0.139,-0.715,0.058,-0.311,HJRES165,Passed,"Providing for congressional disapproval under chapter 8 of title 5, United States Code, of the rule submitted by the Department of Education relating to “Nondiscrimination on the Basis of Sex in Education Programs or Activities Receiving Federal Financial Assistance”",On Passage,,Education
118,House,1073,7/11/24,2,355,228,184,-0.097,-0.11,-0.206,-0.155,-63.928,HJRES109,Failed,"Providing for congressional disapproval under chapter 8 of title 5, United States Code, of the rule submitted by the Securities and Exchange Commission relating to “Staff Accounting Bulletin No. 121”","Passage, Objections of the President To The Contrary Notwithstanding",,Finance and Financial Sector
118,House,1074,7/22/24,2,356,363,0,0,0,0,0,0,S3249,Passed,"To designate the outpatient clinic of the Department of Veterans Affairs in Wyandotte County, Kansas City, Kansas, as the “Captain Elwin Shopteese VA Clinic”",On Motion to Suspend the Rules and Pass,,X
118,House,1075,7/22/24,2,357,248,127,0.89,-0.119,0.032,-0.833,-192.164,HR1631,Failed,Pro Codes Act,"On Motion to Suspend the Rules and Pass, as Amended",,Commerce
118,House,1076,7/22/24,2,358,359,13,0.067,-0.998,0.073,-0.796,-34.472,HR8812,Passed,Water Resources Development Act,"On Motion to Suspend the Rules and Pass, as Amended",,Water Resources Development
118,House,1077,7/23/24,2,359,188,173,0.032,0.172,-0.714,0.097,-0.26,HRES1370,Passed,"Providing for consideration of the bills (H.R. 8997) Energy and Water Development and Related Agencies Appropriations Act, 2025; and (H.R. 8998) Department of the Interior, Environment, and Related Agencies Appropriations Act, 2025.",On Ordering the Previous Question,,Congress
118,House,1078,7/23/24,2,360,211,197,0.024,0.162,-0.714,0.091,-0.317,HRES1370,Passed,"Providing for consideration of the bills (H.R. 8997) Energy and Water Development and Related Agencies Appropriations Act, 2025; and (H.R. 8998) Department of the Interior, Environment, and Related Agencies Appropriations Act, 2025.",On Agreeing to the Resolution,,Congress
118,House,1079,7/23/24,2,361,408,2,0,0,0,0,0,S3706,Passed,Victims’ VOICES Act,On Motion to Suspend the Rules and Pass,,Crime and Law Enforcement
118,House,1080,7/23/24,2,362,404,3,0,0,0,0,0,S227,Passed,Improving Access to Our Courts Act,On Motion to Suspend the Rules and Pass,,Law
118,House,1081,7/23/24,2,363,199,197,0.124,0.206,-0.714,-0.008,-3.181,HR8997,Agreed to,,On Agreeing to the Amendment,,Economics and Public Finance
118,House,1082,7/23/24,2,364,195,210,0.43,-0.658,-0.605,-0.858,-23.996,HR8997,Failed,,On Agreeing to the Amendment,,Economics and Public Finance
118,House,1083,7/23/24,2,365,147,267,0.315,-0.169,-0.325,0.503,-69.381,HR8997,Failed,,On Agreeing to the Amendment,,Economics and Public Finance
118,House,1084,7/23/24,2,366,145,274,0.528,0.576,-0.742,1.103,-63.488,HR8997,Failed,,On Agreeing to the Amendment,,Economics and Public Finance
118,House,1085,7/23/24,2,367,115,305,0.174,-0.749,-0.25,0.525,-96.834,HR8997,Failed,,On Agreeing to the Amendment,,Economics and Public Finance
118,House,1086,7/23/24,2,368,121,298,0.266,-0.447,-0.294,0.615,-81.818,HR8997,Failed,,On Agreeing to the Amendment,,Economics and Public Finance
118,House,1087,7/23/24,2,369,134,283,0.46,0.226,-0.437,0.606,-64.782,HR8997,Failed,,On Agreeing to the Amendment,,Economics and Public Finance
118,House,1088,7/23/24,2,370,128,291,0.404,-0.076,-0.315,0.484,-78.606,HR8997,Failed,,On Agreeing to the Amendment,,Economics and Public Finance
118,House,1089,7/23/24,2,371,133,286,0.514,0.443,-0.354,0.441,-75.703,HR8997,Failed,,On Agreeing to the Amendment,,Economics and Public Finance
118,House,1090,7/23/24,2,372,125,295,0.439,-0.001,-0.273,0.355,-86.454,HR8997,Failed,,On Agreeing to the Amendment,,Economics and Public Finance
118,House,1091,7/23/24,2,373,136,285,0.427,0.085,-0.347,0.567,-72.334,HR8997,Failed,,On Agreeing to the Amendment,,Economics and Public Finance
118,House,1092,7/23/24,2,374,218,204,-0.057,0.41,-0.201,-0.278,-56.21,HR8997,Agreed to,,On Agreeing to the Amendment,,Economics and Public Finance
118,House,1093,7/23/24,2,375,209,213,0.178,0.726,-0.395,-0.045,-22.804,HR8997,Failed,,On Agreeing to the Amendment,,Economics and Public Finance
118,House,1094,7/23/24,2,376,144,277,0.318,-0.175,-0.317,0.573,-74.739,HR8997,Failed,,On Agreeing to the Amendment,,Economics and Public Finance
118,House,1095,7/23/24,2,377,145,273,0.118,-0.639,-0.566,1.187,-69.824,HR8997,Failed,,On Agreeing to the Amendment,,Economics and Public Finance
118,House,1096,7/23/24,2,378,158,257,0.117,-0.456,-0.196,0.393,-92.987,HR8997,Failed,,On Agreeing to the Amendment,,Economics and Public Finance
118,House,1097,7/23/24,2,379,214,203,0.158,-0.987,-0.238,-0.123,-56.502,HR8997,Agreed to,,On Agreeing to the Amendment,,Economics and Public Finance
118,House,1098,7/23/24,2,380,178,234,0.224,0.657,-0.659,-0.778,-54.441,HR7887,Failed,ACCESS Act,"On Motion to Suspend the Rules and Pass, as Amended",,Government Operations and Politics
118,House,1099,7/23/24,2,381,146,264,0.034,-0.703,-0.388,0.922,-71.812,HR8998,Failed,,On Agreeing to the Amendment,,Economics and Public Finance
118,House,1100,7/23/24,2,382,134,272,0.062,-0.67,-0.428,1.089,-71.297,HR8998,Failed,,On Agreeing to the Amendment,,Economics and Public Finance
118,House,1101,7/23/24,2,383,145,267,0.197,-0.388,-0.235,0.485,-84,HR8998,Failed,,On Agreeing to the Amendment,,Economics and Public Finance
118,House,1102,7/23/24,2,384,208,211,-0.079,-0.997,-0.386,0.355,-27.826,HR8998,Failed,,On Agreeing to the Amendment,,Economics and Public Finance
118,House,1103,7/23/24,2,385,145,268,-0.008,-1,-0.323,0.623,-87.82,HR8998,Failed,,On Agreeing to the Amendment,,Economics and Public Finance
118,House,1104,7/23/24,2,386,147,269,0.4,0.162,-0.256,0.425,-80.344,HR8998,Failed,,On Agreeing to the Amendment,,Economics and Public Finance
118,House,1105,7/24/24,2,387,156,236,0.405,0.403,-0.305,0.299,-63.734,HR8998,Failed,,On Agreeing to the Amendment,,Economics and Public Finance
118,House,1106,7/24/24,2,388,211,202,0.142,0.265,-0.709,0.183,-4.809,HR8998,Agreed to,,On Agreeing to the Amendment,,Economics and Public Finance
118,House,1107,7/24/24,2,389,174,239,0.244,-0.362,-0.349,0.309,-58.944,HR8998,Failed,,On Agreeing to the Amendment,,Economics and Public Finance
118,House,1108,7/24/24,2,390,148,267,-0.026,-0.966,-0.429,0.912,-81.561,HR8998,Failed,,On Agreeing to the Amendment,,Economics and Public Finance
118,House,1109,7/24/24,2,391,208,195,0.025,0.16,-0.714,0.095,-0.312,HRES1376,Passed,"Providing for consideration of the resolution (H. Res. 1371) strongly condemning the Biden Administration and its Border Czar, Kamala Harris’s, failure to secure the United States border",On Ordering the Previous Question,,Congress
118,House,1110,7/24/24,2,392,210,202,0.024,0.164,-0.714,0.095,-0.319,HRES1376,Passed,"Providing for consideration of the resolution (H. Res. 1371) strongly condemning the Biden Administration and its Border Czar, Kamala Harris’s, failure to secure the United States border",On Agreeing to the Resolution,,Congress
118,House,1111,7/24/24,2,393,416,0,0,0,0,0,0,HRES1367,Passed,Establishing the Task Force on the Attempted Assassination of Donald J. Trump,"On Motion to Suspend the Rules and Agree, As Amended",,X
118,House,1112,7/24/24,2,394,207,211,0.379,-0.854,-0.875,-1.027,-24.943,HR8998,Failed,,On Agreeing to the Amendment,,Economics and Public Finance
118,House,1113,7/24/24,2,395,185,231,0.183,0.78,-0.285,-0.207,-61.231,HR8998,Failed,,On Agreeing to the Amendment,,Economics and Public Finance
118,House,1114,7/24/24,2,396,173,243,0.325,0.199,-0.306,0.413,-58.83,HR8998,Failed,,On Agreeing to the Amendment,,Economics and Public Finance
118,House,1115,7/24/24,2,397,210,204,0.085,0.144,-0.686,-0.486,-1.621,HR8998,Agreed to,,On Agreeing to the Amendment,,Economics and Public Finance
118,House,1116,7/24/24,2,398,160,256,0.084,-0.664,-0.315,0.579,-72.402,HR8998,Failed,,On Agreeing to the Amendment,,Economics and Public Finance
118,House,1117,7/24/24,2,399,210,205,-0.072,0.51,-0.513,-1.2,-21.513,HR8998,Passed,"Department of the Interior, Environment, and Related Agencies Appropriations Act, 2025",On Passage,,Economics and Public Finance
118,House,1118,7/25/24,2,400,220,196,-0.124,0.336,-0.602,-0.921,-7.269,HRES1371,Passed,"Strongly condemning the Biden Administration and its Border Czar, Kamala Harris’s, failure to secure the United States border.","On Agreeing to the Resolution, as Amended",,Immigration
118,House,1119,9/9/24,2,401,351,36,0.103,-0.568,0.097,-1.483,-50.84,HR1157,Passed,Countering the PRC Malign Influence Fund Authorization Act,On Motion to Suspend the Rules and Pass,,International Affairs
118,House,1120,9/9/24,2,402,306,81,-0.351,-0.242,-0.211,-0.527,-89.566,HR8333,Passed,BIOSECURE Act,"On Motion to Suspend the Rules and Pass, as Amended",,Health
118,House,1121,9/10/24,2,403,193,189,0.024,0.123,-0.715,0.077,-0.292,HRES1430,Passed,"Providing for consideration of the bills H.R. 1398, H.R. 1425, H.R. 1516, H.R. 7980, H.R. 9456, and H.R. 9494.",On Ordering the Previous Question,,Congress
118,House,1122,9/10/24,2,404,209,206,-0.173,0.985,-0.556,-0.761,-9.896,HRES1430,Passed,"Providing for consideration of the bills H.R. 1398, H.R. 1425, H.R. 1516, H.R. 7980, H.R. 9456, and H.R. 9494.",On Agreeing to the Resolution,,Congress
118,House,1123,9/10/24,2,405,413,3,0,0,0,0,0,HR1103,Passed,Hong Kong Economic and Trade Office (HKETO) Certification Act,"On Motion to Suspend the Rules and Pass, as Amended",,International Affairs
118,House,1124,9/10/24,2,406,253,151,-0.181,-0.168,-0.296,-0.509,-64.983,HR1516,Agreed to,,On Agreeing to the Amendment,,Education
118,House,1125,9/10/24,2,407,197,213,0.022,0.14,0.715,-0.065,-0.312,HR1516,Failed,DHS Restrictions on Confucius Institutes and Chinese Entities of Concern Act,On Motion to Recommit,,Education
118,House,1126,9/10/24,2,408,249,161,-0.05,-0.2,-0.46,-1.347,-45.818,HR1516,Passed,DHS Restrictions on Confucius Institutes and Chinese Entities of Concern Act,On Passage,,Education
118,House,1127,9/11/24,2,409,403,0,0,0,0,0,0,HR1425,Agreed to,,On Agreeing to the Amendment,,X
118,House,1128,9/11/24,2,410,202,215,0.024,0.134,0.715,-0.073,-0.298,HR1425,Failed,No WHO Pandemic Preparedness Treaty Without Senate Approval Act,On Motion to Recommit,,International Affairs
118,House,1129,9/11/24,2,411,219,199,-0.115,0.311,-0.584,-0.627,-9.78,HR1425,Passed,No WHO Pandemic Preparedness Treaty Without Senate Approval Act,On Passage,,International Affairs
118,House,1130,9/11/24,2,412,203,214,0.024,0.134,0.715,-0.073,-0.298,HR1398,Failed,Protect America’s Innovation and Economic Security from CCP Act,On Motion to Recommit,,Crime and Law Enforcement
118,House,1131,9/11/24,2,413,237,180,0.087,-0.41,-0.349,-0.856,-43.669,HR1398,Passed,Protect America’s Innovation and Economic Security from CCP Act,On Passage,,Crime and Law Enforcement
118,House,1132,9/11/24,2,414,203,213,0.025,0.134,0.715,-0.073,-0.297,HR9456,Failed,Protecting American Agriculture from Foreign Adversaries Act,On Motion to Recommit,,Foreign Trade and International Finance
118,House,1133,9/11/24,2,415,269,149,-0.421,0.486,-0.382,-0.751,-68.156,HR9456,Passed,Protecting American Agriculture from Foreign Adversaries Act,On Passage,,Foreign Trade and International Finance
118,House,1134,9/12/24,2,416,195,210,0.023,0.139,0.715,-0.066,-0.309,HR7980,Failed,End Chinese Dominance of Electric Vehicles in America Act,On Motion to Recommit,,Taxation
118,House,1135,9/12/24,2,417,217,192,-0.062,0.115,-0.558,-1.054,-12.856,HR7980,Passed,End Chinese Dominance of Electric Vehicles in America Act,On Passage,,Taxation
118,House,1136,9/17/24,2,418,218,181,-0.116,0.14,-0.508,-1.216,-21.337,HR8314,Failed,No Foreign Election Interference Act,"On Motion to Suspend the Rules and Pass, as Amended",,Taxation
118,House,1137,9/17/24,2,419,308,87,0.383,-0.924,0.351,-0.349,-75.129,S2861,Passed,Billie Jean King Congressional Gold Medal Act,On Motion to Suspend the Rules and Pass,,"Civil Rights and Liberties, Minority Issues"
118,House,1138,9/18/24,2,420,206,196,0.016,0.123,-0.716,0.049,-0.25,HRES1455,Passed,"Providing for consideration of the bills H.R. 3724, H.R. 4790, H.R. 5179, H.R. 5339, H.R. 5717, and H.R. 7909, and the joint resolution H.J. Res. 136.",On Ordering the Previous Question,,Congress
118,House,1139,9/18/24,2,421,214,200,0.016,0.127,-0.716,0.048,-0.254,HRES1455,Passed,"Providing for consideration of the bills H.R. 3724, H.R. 4790, H.R. 5179, H.R. 5339, H.R. 5717, and H.R. 7909, and the joint resolution H.J. Res. 136.",On Agreeing to the Resolution,,Congress
118,House,1140,9/18/24,2,422,408,7,0,0,0,0,0,S1146,Passed,Find and Protect Foster Youth Act,"On Motion to Suspend the Rules and Pass, as Amended",,Families
118,House,1141,9/18/24,2,423,405,10,0,0,0,0,0,HR9076,Passed,Supporting America’s Children and Families Act,"On Motion to Suspend the Rules and Pass, as Amended",,Families
118,House,1142,9/18/24,2,424,402,13,0.683,-0.598,0.544,-1.365,-17.514,HR7213,Passed,Autism CARES Act,"On Motion to Suspend the Rules and Pass, as Amended",,Health
118,House,1143,9/18/24,2,425,393,22,0.483,-0.622,0.317,-1.557,-20.817,HR1513,Passed,FUTURE Networks Act,On Motion to Suspend the Rules and Pass,,"Science, Technology, Communications"
118,House,1144,9/18/24,2,426,206,213,0.025,0.148,0.715,-0.076,-0.324,HR5339,Failed,RETIRE Act,On Motion to Recommit,,Labor and Employment
118,House,1145,9/18/24,2,427,217,206,-0.091,0.299,-0.698,-0.357,-3.951,HR5339,Passed,RETIRE Act,On Passage,,Labor and Employment
118,House,1146,9/18/24,2,428,231,189,0.036,-0.654,-0.277,-0.297,-43.848,HR5179,Passed,Anti-BDS Labeling Act,On Passage,,Foreign Trade and International Finance
118,House,1147,9/18/24,2,429,266,158,-0.277,0.103,-0.421,-0.77,-58.23,HR7909,Passed,Violence Against Women by Illegal Aliens Act,On Passage,,Immigration
118,House,1148,9/18/24,2,430,209,214,0.025,0.148,0.715,-0.076,-0.324,HR9494,Failed,"Continuing Appropriations and Other Matters Act, 2025",On Motion to Recommit,,Economics and Public Finance
118,House,1149,9/18/24,2,431,202,220,-0.313,0.95,-0.414,-1.024,-50.413,HR9494,Failed,"Continuing Appropriations and Other Matters Act, 2025",On Passage,,Economics and Public Finance
118,House,1150,9/19/24,2,432,195,203,0.024,0.161,0.714,-0.101,-0.318,HR3724,Failed,Accreditation for College Excellence Act,On Motion to Recommit,,Education
118,House,1151,9/19/24,2,433,213,201,-0.108,0.353,-0.642,-0.746,-5.156,HR3724,Passed,Accreditation for College Excellence Act,On Passage,,Education
118,House,1152,9/19/24,2,434,206,211,0.025,0.147,0.715,-0.077,-0.325,HR4790,Failed,GUARDRAIL Act,On Motion to Recommit,,Finance and Financial Sector
118,House,1153,9/19/24,2,435,215,203,-0.085,0.285,-0.668,-0.613,-5.034,HR4790,Passed,GUARDRAIL Act,On Passage,,Finance and Financial Sector
118,House,1154,9/20/24,2,436,190,200,0.024,0.145,0.714,-0.082,-0.322,HR5717,Failed,No Bailout for Sanctuary Cities Act,On Motion to Recommit,,Immigration
118,House,1155,9/20/24,2,437,219,186,0.174,-0.961,-0.48,-0.668,-30.063,HR5717,Passed,No Bailout for Sanctuary Cities Act,On Passage,,Immigration
118,House,1156,9/20/24,2,438,215,191,0.054,-0.079,-0.499,-1.162,-16.24,HJRES136,Passed,"Providing for congressional disapproval under chapter 8 of title 5, United States Code, of the rule submitted by the Environmental Protection Agency relating to “Multi-Pollutant Emissions Standards for Model Year 2027 and Later Light-Duty and Medium-Duty Vehicles”.",On Passage,,Environmental Protection
118,House,1157,9/20/24,2,439,405,0,0,0,0,0,0,HR9106,Passed,Enhanced Presidential Security Act,"On Motion to Suspend the Rules and Pass, as Amended",,X
118,House,1158,9/23/24,2,440,257,125,-0.669,0.743,-0.354,-0.913,-108.519,S2228,Passed,Building Chips in America Act,On Motion to Suspend the Rules and Pass,,Environmental Protection
118,House,1159,9/23/24,2,441,366,21,0.362,-0.932,0.175,-0.644,-39.338,HR8958,Passed,NASA Reauthorization Act,"On Motion to Suspend the Rules and Pass, as Amended",,"Science, Technology, Communications"
118,House,1160,9/23/24,2,442,365,20,0.318,-0.948,0.407,-1.565,-27.344,S3764,Passed,United States Commission on International Religious Freedom Reauthorization Act,On Motion to Suspend the Rules and Pass,,International Affairs
118,House,1161,9/24/24,2,443,208,204,0.024,0.149,-0.715,0.077,-0.328,HRES1486,Passed,Providing for consideration of (H.R. 3334) STOP CCP Act; (H.R. 8205) Keeping Violent Offenders Off Our Streets Act; (H.R. 8790) Fix Our Forests Act; and (H. Res. 1469) Ensuring accountability for officials in the Biden-Harris administration responsible for failures throughout the withdrawal from Afghanistan,On Ordering the Previous Question,,Congress
118,House,1162,9/24/24,2,444,212,207,0.024,0.149,-0.715,0.077,-0.328,HRES1486,Passed,Providing for consideration of (H.R. 3334) STOP CCP Act; (H.R. 8205) Keeping Violent Offenders Off Our Streets Act; (H.R. 8790) Fix Our Forests Act; and (H. Res. 1469) Ensuring accountability for officials in the Biden-Harris administration responsible for failures throughout the withdrawal from Afghanistan,On Agreeing to the Resolution,,Congress
118,House,1163,9/24/24,2,445,377,43,0.589,-0.292,0.485,-1.273,-30.601,HR3208,Passed,DHS Cybersecurity On-the-Job Training Program Act,On Motion to Suspend the Rules and Pass,,Government Operations and Politics
118,House,1164,9/24/24,2,446,415,0,0,0,0,0,0,HR8057,Passed,"To designate the facility of the United States Postal Service located at 9317 Bolsa Avenue in Westminster, California, as the “Little Saigon Vietnam War Veterans Memorial Post Office”",On Motion to Suspend the Rules and Pass,,X
118,House,1165,9/24/24,2,447,373,41,0.169,-0.511,0.039,-1.533,-65.287,HR7073,Passed,Next Generation Pipelines Research and Development Act,"On Motion to Suspend the Rules and Pass, as Amended",,Energy
118,House,1166,9/24/24,2,448,268,151,0.032,-0.544,-0.255,-0.676,-78.373,HR8790,Passed,Fix Our Forests Act,On Passage,,Public Lands and Natural Resources
118,House,1167,9/25/24,2,449,413,1,0,0,0,0,0,HR6513,Passed,COCOA Act,On Motion to Suspend the Rules and Concur in the Senate Amendment,,Government Operations and Politics
118,House,1168,9/25/24,2,450,341,82,-0.052,-0.976,0.417,-1.49,-84.967,HR9747,Passed,"Continuing Appropriations and Extensions Act, 2025",On Motion to Suspend the Rules and Pass,,Economics and Public Finance
118,House,1169,9/25/24,2,451,419,1,0,0,0,0,0,HR3334,Agreed to,,On Agreeing to the Amendment,,International Affairs
118,House,1170,9/25/24,2,452,243,174,-0.365,0.531,-0.389,-0.866,-54.488,HR3334,Passed,STOP CCP Act,On Passage,,International Affairs
118,House,1171,9/25/24,2,453,206,212,0.024,0.155,0.714,-0.084,-0.326,HR8205,Failed,Keeping Violent Offenders Off Our Streets Act,On Motion to Recommit,,Crime and Law Enforcement
118,House,1172,9/25/24,2,454,255,161,-0.408,0.7,-0.688,-0.974,-54.416,HR8205,Passed,Keeping Violent Offenders Off Our Streets Act,On Passage,,Crime and Law Enforcement
118,House,1173,9/25/24,2,455,219,194,-0.143,0.266,-0.586,-0.988,-15.76,HRES1469,Passed,Ensuring accountability for key officials in the Biden-Harris administration responsible for decisionmaking and execution failures throughout the withdrawal from Afghanistan,On Agreeing to the Resolution,,International Affairs
118,House,1174,11/12/24,2,456,327,75,0.616,-0.087,0.177,0,-130.449,HR82,Passed,Social Security Fairness Act,On Motion to Suspend the Rules and Pass,,Social Welfare
118,House,1175,11/12/24,2,457,175,225,0.223,0.197,-0.2,-0.398,-80.714,HR5342,Failed,Equal Treatment of Public Servants Act,On Motion to Suspend the Rules and Pass,,Social Welfare
118,House,1176,11/12/24,2,458,256,145,0.023,-0.398,-0.192,-0.596,-83.741,HR9495,Failed,Stop Terror-Financing and Tax Penalties on American Hostages Act,"On Motion to Suspend the Rules and Pass, as Amended",,Taxation
118,House,1177,11/13/24,2,459,211,201,0.024,0.147,-0.715,0.079,-0.327,HRES1568,Passed,"Providing for consideration of the bills (H.R. 8932) FAFSA Deadline Act; (H.R. 7409) HEATS Act; and (H.R. 8446) to amend the Energy Act of 2020 to include critical materials in the definition of critical mineral, and for other purposes",On Ordering the Previous Question,,Congress
118,House,1178,11/13/24,2,460,212,201,0.024,0.147,-0.715,0.079,-0.327,HRES1568,Passed,"Providing for consideration of the bills (H.R. 8932) FAFSA Deadline Act; (H.R. 7409) HEATS Act; and (H.R. 8446) to amend the Energy Act of 2020 to include critical materials in the definition of critical mineral, and for other purposes",On Agreeing to the Resolution,,Congress
118,House,1179,11/14/24,2,461,199,206,0.023,0.147,0.714,-0.081,-0.319,HR8446,Failed,Critical Mineral Consistency Act,On Motion to Recommit,,Energy
118,House,1180,11/14/24,2,462,245,155,-0.36,0.373,-0.311,-0.688,-64.454,HR8446,Passed,Critical Mineral Consistency Act,On Passage,,Energy
118,House,1181,11/14/24,2,463,198,206,0.023,0.147,0.714,-0.081,-0.319,HR7409,Failed,HEATS Act,On Motion to Recommit,,Energy
118,House,1182,11/14/24,2,464,225,181,-0.09,-0.101,-0.401,-0.682,-32.433,HR7409,Passed,HEATS Act,On Passage,,Energy
118,House,1183,11/15/24,2,465,381,1,0,0,0,0,0,HR8932,Passed,FAFSA Deadline Act,On Passage,,Education
118,House,1184,11/18/24,2,466,389,9,0,0,0,0,0,HR8371,Passed,Senator Elizabeth Dole 21st Century Veterans Healthcare and Benefits Improvement Act,"On Motion to Suspend the Rules and Pass, as Amended",,Armed Forces and National Security
118,House,1185,11/18/24,2,467,396,6,0,0,0,0,0,HR5658,Passed,Vote by Mail Tracking Act,"On Motion to Suspend the Rules and Pass, as Amended",,Government Operations and Politics
118,House,1186,11/19/24,2,468,210,199,0.023,0.14,-0.714,0.081,-0.317,HRES1576,Passed,Providing for consideration of the bill (H.R. 1449) the CLEAN Act; and providing for consideration of the bill (H.R. 9495) the Stop Terror-Financing and Tax Penalties on American Hostages Act,On Ordering the Previous Question,,Congress
118,House,1187,11/19/24,2,469,212,203,0.023,0.14,-0.714,0.081,-0.317,HRES1576,Passed,Providing for consideration of the bill (H.R. 1449) the CLEAN Act; and providing for consideration of the bill (H.R. 9495) the Stop Terror-Financing and Tax Penalties on American Hostages Act,On Agreeing to the Resolution,,Congress
118,House,1188,11/19/24,2,470,200,210,-0.041,0.239,0.709,0.274,-2.195,HR1449,Failed,,On Agreeing to the Amendment,,Energy
118,House,1189,11/19/24,2,471,196,215,-0.095,0.166,0.715,0.047,-5.429,HR1449,Failed,,On Agreeing to the Amendment,,Energy
118,House,1190,11/19/24,2,472,202,211,0.023,0.14,0.714,-0.081,-0.317,HR1449,Failed,CLEAN Act,On Motion to Recommit,,Energy
118,House,1191,11/19/24,2,473,244,171,0.113,-0.962,-0.503,-0.857,-53.09,HR1449,Passed,CLEAN Act,On Passage,,Energy
118,House,1192,11/20/24,2,474,335,37,0.258,-0.966,0.32,-0.939,-46.365,HR3012,Passed,North Korean Human Rights Reauthorization Act,"On Motion to Suspend the Rules and Pass, as Amended",,International Affairs
118,House,1193,11/20/24,2,475,334,63,0.628,-0.001,0.351,-0.996,-55.198,HR8368,Passed,Coordinator for Afghan Relocation Efforts Authorization Act,"On Motion to Suspend the Rules and Pass, as Amended",,International Affairs
118,House,1194,11/20/24,2,476,388,21,0.098,-0.81,0.176,-1.66,-35.29,HRES1449,Passed,Condemning the global rise of antisemitism and calling upon countries and international bodies to counter antisemitism,On Motion to Suspend the Rules and Agree,,International Affairs
118,House,1195,11/21/24,2,477,219,184,-0.169,0.297,-0.28,-0.452,-38.231,HR9495,Passed,Stop Terror-Financing and Tax Penalties on American Hostages Act,On Passage,,Taxation
118,House,1196,11/21/24,2,478,372,6,0,0,0,0,0,HRES915,Passed,"Urging the Government of Ukraine to review and modify its decision to suspend adoption by foreign nationals with a view to resuming such adoptions, particularly in cases where the mutual concerns of the Governments of Ukraine and of the United States can be substantially addressed",On Motion to Suspend the Rules and Agree,,International Affairs
118,House,1197,12/3/24,2,479,366,21,0.593,-0.524,0.413,-1.423,-16.386,S3791,Passed,America’s Conservation Enhancement Reauthorization Act,"On Motion to Suspend the Rules and Pass, as Amended",,Environmental Protection
118,House,1198,12/4/24,2,480,378,16,0.643,-0.527,0.466,-1.333,-15.801,HR390,Passed,Maurice D. Hinchey Hudson River Valley National Heritage Area Enhancement Act,"On Motion to Suspend the Rules and Pass, as Amended",,Public Lands and Natural Resources
118,House,1199,12/4/24,2,481,378,25,0.567,-0.54,0.502,-1.234,-26.986,HR8219,Passed,Lahaina National Heritage Area Study Act,"On Motion to Suspend the Rules and Pass, as Amended",,Public Lands and Natural Resources
118,House,1200,12/4/24,2,482,206,200,0.023,0.147,-0.714,0.082,-0.318,HRES1602,Passed,Providing for consideration of the bill (H.R. 5349) the Crucial Communism Teaching Act; and providing for consideration of the bill (H.R. 7198) the Prove It Act,On Ordering the Previous Question,,Congress
118,House,1201,12/4/24,2,483,207,199,0.023,0.147,-0.714,0.082,-0.318,HRES1602,Passed,Providing for consideration of the bill (H.R. 5349) the Crucial Communism Teaching Act; and providing for consideration of the bill (H.R. 7198) the Prove It Act,On Agreeing to the Resolution,,Congress
118,House,1202,12/5/24,2,484,389,6,0,0,0,0,0,S709,Passed,Federal Agency Performance Act,"On Motion to Suspend the Rules and Pass, as Amended",,Government Operations and Politics
118,House,1203,12/5/24,2,485,399,1,0,0,0,0,0,HR9598,Passed,Office of National Drug Control Policy Reauthorization Act,"On Motion to Suspend the Rules and Pass, as Amended",,Crime and Law Enforcement
118,House,1204,12/5/24,2,486,381,15,0.431,-0.902,0.208,-0.74,-29.875,HR9600,Passed,"To designate the facility of the United States Postal Service located at 119 Main Street in Plains, Georgia, as the “Jimmy and Rosalynn Carter Post Office”",On Motion to Suspend the Rules and Pass,,Government Operations and Politics
118,House,1205,12/5/24,2,487,199,204,0.112,0.008,0.56,1.087,-10.524,HR7198,Failed,,On Agreeing to the Amendment,,Government Operations and Politics
118,House,1206,12/5/24,2,488,197,206,0.086,-0.36,0.663,0.67,-4.322,HR7198,Failed,Prove It Act,On Motion to Recommit,,Government Operations and Politics
118,House,1207,12/5/24,2,489,208,196,0.027,-0.046,-0.621,-0.871,-6.106,HR7198,Passed,Prove It Act,On Passage,,Government Operations and Politics
118,House,1208,12/5/24,2,490,206,198,-0.147,0.989,-0.546,-0.638,-7.271,HRES1608,Passed,Raising a Question of the Privileges of the House,On Motion to Refer,,Congress
118,House,1209,12/5/24,2,491,204,198,-0.151,0.989,-0.545,-0.645,-7.255,HRES1609,Passed,Raising a Question of the Privileges of the House,On Motion to Refer,,Congress
118,House,1210,12/6/24,2,492,327,62,-0.893,0.45,-0.338,-1,-108.693,HR5349,Passed,Crucial Communism Teaching Act,On Passage,,Education
118,House,1211,12/10/24,2,493,399,18,0.426,-0.905,0.253,-0.839,-30.486,S4367,Passed,Thomas R. Carper Water Resources Development Act,"On Motion to Suspend the Rules and Pass, as Amended",,Water Resources Development
118,House,1212,12/10/24,2,494,210,205,0.024,0.146,-0.715,0.078,-0.328,HRES1612,Passed,Providing for consideration of the bill (H.R. 7673) the Liberty in Laundry Act; providing for consideration of the bill (S. 4199) the Judicial Understaffing Delays Getting Emergencies Solved Act; and providing for consideration of the Senate amendment to the bill (H.R. 5009) the WILD Act,On Ordering the Previous Question,,Congress
118,House,1213,12/10/24,2,495,211,207,0.024,0.146,-0.715,0.078,-0.328,HRES1612,Passed,Providing for consideration of the bill (H.R. 7673) the Liberty in Laundry Act; providing for consideration of the bill (S. 4199) the Judicial Understaffing Delays Getting Emergencies Solved Act; and providing for consideration of the Senate amendment to the bill (H.R. 5009) the WILD Act,On Agreeing to the Resolution,,Congress
118,House,1214,12/10/24,2,496,410,6,0,0,0,0,0,S3613,Passed,Improving Federal Building Security Act,On Motion to Suspend the Rules and Pass,,Government Operations and Politics
118,House,1215,12/10/24,2,497,215,200,-0.057,0.171,-0.559,-1.071,-9.401,HR7673,Passed,Liberty in Laundry Act,On Passage,,Energy
118,House,1216,12/10/24,2,498,409,4,0,0,0,0,0,HR9668,Passed,SHIELD Against CCP Act,"On Motion to Suspend the Rules and Pass, as Amended",,Immigration
118,House,1217,12/11/24,2,499,407,0,0,0,0,0,0,HR9716,Passed,Increasing Baseline Updates Act,On Motion to Suspend the Rules and Pass,,X
118,House,1218,12/11/24,2,500,281,140,0.389,-0.353,-0.161,-1.645,-125.28,HR5009,Passed,WILD Act,On Motion to Concur in the Senate Amendment with an Amendment,,Armed Forces and National Security
118,House,1219,12/12/24,2,501,236,173,-0.246,0.324,-0.244,-0.385,-66.166,S4199,Passed,JUDGES Act,On Passage,,Law
118,House,1220,12/16/24,2,502,374,15,0.643,-0.593,0.47,-1.33,-15.398,HR7213,Passed,Autism CARES Act,On Motion to Suspend the Rules and Concur in the Senate Amendment,,Health
118,House,1221,12/16/24,2,503,390,0,0,0,0,0,0,S3998,Passed,Federal Judiciary Stabilization Act,On Motion to Suspend the Rules and Pass,,X
118,House,1222,12/16/24,2,504,382,12,0.756,-0.439,0.539,-1.221,-13.747,S141,Passed,Senator Elizabeth Dole 21st Century Veterans Healthcare and Benefits Improvement Act,On Motion to Suspend the Rules and Pass,,Armed Forces and National Security
118,House,1223,12/16/24,2,505,348,39,0.274,-0.932,0.472,-1.322,-42.281,S4077,Passed,"To designate the facility of the United States Postal Service located at 180 Steuart Street in San Francisco, California, as the “Dianne Feinstein Post Office”",On Motion to Suspend the Rules and Pass,,Government Operations and Politics
118,House,1224,12/17/24,2,506,207,192,0.027,0.119,-0.714,0.126,-0.28,HRES1616,Passed,"Providing for consideration of the bill (H.R. 115) to amend chapter 8 of title 5, United States Code, to provide for en bloc consideration in resolutions of disapproval for “midnight rules”, and for other purposes",On Ordering the Previous Question,,Government Operations and Politics
118,House,1225,12/17/24,2,507,212,197,0.027,0.119,-0.714,0.124,-0.284,HRES1616,Passed,"Providing for consideration of the bill (H.R. 115) to amend chapter 8 of title 5, United States Code, to provide for en bloc consideration in resolutions of disapproval for “midnight rules”, and for other purposes",On Agreeing to the Resolution,,Government Operations and Politics
118,House,1226,12/17/24,2,508,198,211,0.027,0.118,0.714,-0.122,-0.284,HR115,Failed,Midnight Rules Relief Act,On Motion to Recommit,,Government Operations and Politics
118,House,1227,12/17/24,2,509,210,201,0.129,-0.162,-0.616,-0.899,-4.997,HR115,Passed,Midnight Rules Relief Act,On Passage,,Government Operations and Politics
118,House,1228,12/17/24,2,510,402,12,0.231,-0.973,0.344,-2.258,-25.538,S3448,Passed,Never Again Education Reauthorization Act,On Motion to Suspend the Rules and Pass,,"Arts, Culture, Religion"
118,House,1229,12/17/24,2,511,311,96,0.484,-0.776,0.14,-0.103,-154.093,HR1101,Passed,Lumbee Fairness Act,"On Motion to Suspend the Rules and Pass, as Amended",,Native Americans
118,House,1230,12/18/24,2,512,373,33,0.257,-0.967,0.207,-0.748,-51.546,S1351,Passed,Stop Institutional Child Abuse Act,On Motion to Suspend the Rules and Pass,,Families
118,House,1231,12/18/24,2,513,369,37,0.449,-0.68,0.25,-0.704,-46.941,S3857,Passed,Jamul Indian Village Land Transfer Act,On Motion to Suspend the Rules and Pass,,Native Americans
118,House,1232,12/18/24,2,514,404,1,0,0,0,0,0,HR8663,Passed,DETECT Fentanyl and Xylazine Act,On Motion to Suspend the Rules and Concur in the Senate Amendments,,"Science, Technology, Communications"
118,House,1233,12/18/24,2,515,381,20,0.367,-0.87,0.238,-0.997,-29.938,S759,Passed,Beagle Brigade Act,On Motion to Suspend the Rules and Pass,,Agriculture and Food
118,House,1234,12/19/24,2,516,174,235,-0.413,0.911,-0.421,-1.51,-103.83,HR10515,Failed,American Relief Act,On Motion to Suspend the Rules and Pass,,Economics and Public Finance
118,House,1235,12/20/24,2,517,366,34,0.543,-0.602,0.924,-2.367,-57.11,HR10545,Passed,"American Relief Act, 2025",On Motion to Suspend the Rules and Pass,,Economics and Public Finance